==> req
Compiling 24 files (.ex)
Generated req app
==> llm_db
Compiling 63 files (.ex)
Generated llm_db app
==> req_llm
Compiling 205 files (.ex)
Generated req_llm app
==> jido
Compiling 4 files (.ex)
     warning: incompatible types given to Map.get/2:

         Map.get(__agent_config__(), :max_state_size)

     the map:

         dynamic(%{
           description: nil,
           metadata: empty_map(),
           name: binary(),
           plugins: empty_list(),
           routes:
             non_empty_list(%Jido.Signal.Router.Route{
               match: nil,
               path: binary(),
               target:
                 Jido.Action.Generated.Inline.A0537e820b26a93af9d00801871dfccca7341d2872b817992f8e5d093dd35bb36 or
                   Jido.Action.Generated.Inline.A533557788a5f61480b43496ad191931b0f53aa3f7727d45f0bd725cac449b225 or
                   Jido.Examples.Factory.System.Boot or Jido.Examples.KeepState,
               priority: integer()
             }),
           schema: %Zoi.Types.Map{
             key_type: nil,
             value_type: nil,
             fields:
               non_empty_list(
                 {:child_exits,
                  %Zoi.Types.Default{
                    inner: %Zoi.Types.Array{
                      inner: %Zoi.Types.String{
                        min_length: nil,
                        max_length: nil,
                        length: nil,
                        coerce: false,
                        meta: %Zoi.Types.Meta{
                          effects: empty_list(),
                          metadata: empty_list(),
                          required: nil,
                          error: nil,
                          description: nil,
                          example: nil,
                          typespec: nil,
                          deprecated: nil
                        }
                      },
                      min_length: nil,
                      max_length: nil,
                      length: nil,
                      unique_items: nil,
                      coerce: false,
                      meta: %Zoi.Types.Meta{
                        effects: empty_list(),
                        metadata: empty_list(),
                        required: nil,
                        error: nil,
                        description: nil,
                        example: nil,
                        typespec: nil,
                        deprecated: nil
                      }
                    },
                    value: empty_list(),
                    meta: %Zoi.Types.Meta{
                      effects: empty_list(),
                      metadata: empty_list(),
                      required: true,
                      error: nil,
                      description: nil,
                      example: nil,
                      typespec: nil,
                      deprecated: nil
                    }
                  }} or
                   {:events,
                    %Zoi.Types.Default{
                      inner: %Zoi.Types.Array{
                        inner: %Zoi.Types.Map{
                          key_type: %Zoi.Types.Any{
                            meta: %Zoi.Types.Meta{
                              effects: empty_list(),
                              metadata: empty_list(),
                              required: nil,
                              error: nil,
                              description: nil,
                              example: nil,
                              typespec: nil,
                              deprecated: nil
                            }
                          },
                          value_type: %Zoi.Types.Any{
                            meta: %Zoi.Types.Meta{
                              effects: empty_list(),
                              metadata: empty_list(),
                              required: nil,
                              error: nil,
                              description: nil,
                              example: nil,
                              typespec: nil,
                              deprecated: nil
                            }
                          },
                          fields: nil,
                          unrecognized_keys: :strip,
                          coerce: false,
                          empty_values: empty_list(),
                          meta: %Zoi.Types.Meta{
                            effects: empty_list(),
                            metadata: empty_list(),
                            required: nil,
                            error: nil,
                            description: nil,
                            example: nil,
                            typespec: nil,
                            deprecated: nil
                          }
                        },
                        min_length: nil,
                        max_length: nil,
                        length: nil,
                        unique_items: nil,
                        coerce: false,
                        meta: %Zoi.Types.Meta{
                          effects: empty_list(),
                          metadata: empty_list(),
                          required: nil,
                          error: nil,
                          description: nil,
                          example: nil,
                          typespec: nil,
                          deprecated: nil
                        }
                      },
                      value: empty_list(),
                      meta: %Zoi.Types.Meta{
                        effects: empty_list(),
                        metadata: empty_list(),
                        required: true,
                        error: nil,
                        description: nil,
                        example: nil,
                        typespec: nil,
                        deprecated: nil
                      }
                    }} or
                   {:mode,
                    %Zoi.Types.Default{
                      inner: %Zoi.Types.Enum{
                        values: non_empty_list({:departments, :departments} or {:workshop, :workshop}),
                        enum_type: :atom,
                        coerce: false,
                        meta: %Zoi.Types.Meta{
                          effects: empty_list(),
                          metadata: empty_list(),
                          required: nil,
                          error: nil,
                          description: nil,
                          example: nil,
                          typespec: nil,
                          deprecated: nil
                        }
                      },
                      value: :workshop,
                      meta: %Zoi.Types.Meta{
                        effects: empty_list(),
                        metadata: empty_list(),
                        required: true,
                        error: nil,
                        description: nil,
                        example: nil,
                        typespec: nil,
                        deprecated: nil
                      }
                    }} or
                   {:started,
                    %Zoi.Types.Default{
                      inner: %Zoi.Types.Boolean{
                        coerce: false,
                        meta: %Zoi.Types.Meta{
                          effects: empty_list(),
                          metadata: empty_list(),
                          required: nil,
                          error: nil,
                          description: nil,
                          example: nil,
                          typespec: nil,
                          deprecated: nil
                        }
                      },
                      value: false,
                      meta: %Zoi.Types.Meta{
                        effects: empty_list(),
                        metadata: empty_list(),
                        required: true,
                        error: nil,
                        description: nil,
                        example: nil,
                        typespec: nil,
                        deprecated: nil
                      }
                    }}
               ),
             unrecognized_keys: :strip,
             coerce: false,
             empty_values: empty_list(),
             meta: %Zoi.Types.Meta{
               effects: empty_list(),
               metadata: empty_list(),
               required: nil,
               error: nil,
               description: nil,
               example: nil,
               typespec: nil,
               deprecated: nil
             }
           }
         })

     does not have all required keys:

         :max_state_size

     therefore this function will always return nil

     type warning found at:
     │
 170 │       def max_state_size, do: Map.get(__agent_config__(), :max_state_size)
     │       ~~~~~~~~~~~~~~~~~~~~~~~~~~~~~~~~~~~~~~~~~~~~~~~~~~~~~~~~~~~~~~~~~~~~
     │
     └─ lib/jido/agent.ex:170: Jido.Examples.Factory.System.max_state_size/0

     warning: incompatible types given to Map.get/2:

         Map.get(__agent_config__(), :max_state_size)

     the map:

         dynamic(%{
           description: nil,
           metadata: empty_map(),
           name: binary(),
           plugins: non_empty_list({Jido.Examples.Factory.Async, empty_list()}),
           routes:
             non_empty_list(%Jido.Signal.Router.Route{
               match: nil,
               path: binary(),
               target:
                 Jido.Action.Generated.Inline.A5dba7943fa99b0dc0431a25264ab746c3119ee0c68a7d78254c4402367d385f8 or
                   Jido.Examples.Factory.Inspection or Jido.Examples.Factory.Orchestrator.Command or
                   Jido.Examples.Factory.Orchestrator.Settle or Jido.Examples.KeepState,
               priority: integer()
             }),
           schema: %Zoi.Types.Map{
             key_type: nil,
             value_type: nil,
             fields:
               non_empty_list(
                 {:events,
                  %Zoi.Types.Default{
                    inner: %Zoi.Types.Array{
                      inner: %Zoi.Types.Map{
                        key_type: %Zoi.Types.Any{
                          meta: %Zoi.Types.Meta{
                            effects: empty_list(),
                            metadata: empty_list(),
                            required: nil,
                            error: nil,
                            description: nil,
                            example: nil,
                            typespec: nil,
                            deprecated: nil
                          }
                        },
                        value_type: %Zoi.Types.Any{
                          meta: %Zoi.Types.Meta{
                            effects: empty_list(),
                            metadata: empty_list(),
                            required: nil,
                            error: nil,
                            description: nil,
                            example: nil,
                            typespec: nil,
                            deprecated: nil
                          }
                        },
                        fields: nil,
                        unrecognized_keys: :strip,
                        coerce: false,
                        empty_values: empty_list(),
                        meta: %Zoi.Types.Meta{
                          effects: empty_list(),
                          metadata: empty_list(),
                          required: nil,
                          error: nil,
                          description: nil,
                          example: nil,
                          typespec: nil,
                          deprecated: nil
                        }
                      },
                      min_length: nil,
                      max_length: nil,
                      length: nil,
                      unique_items: nil,
                      coerce: false,
                      meta: %Zoi.Types.Meta{
                        effects: empty_list(),
                        metadata: empty_list(),
                        required: nil,
                        error: nil,
                        description: nil,
                        example: nil,
                        typespec: nil,
                        deprecated: nil
                      }
                    },
                    value: empty_list(),
                    meta: %Zoi.Types.Meta{
                      effects: empty_list(),
                      metadata: empty_list(),
                      required: true,
                      error: nil,
                      description: nil,
                      example: nil,
                      typespec: nil,
                      deprecated: nil
                    }
                  }} or
                   {:ready,
                    %Zoi.Types.Default{
                      inner: %Zoi.Types.Boolean{
                        coerce: false,
                        meta: %Zoi.Types.Meta{
                          effects: empty_list(),
                          metadata: empty_list(),
                          required: nil,
                          error: nil,
                          description: nil,
                          example: nil,
                          typespec: nil,
                          deprecated: nil
                        }
                      },
                      value: false,
                      meta: %Zoi.Types.Meta{
                        effects: empty_list(),
                        metadata: empty_list(),
                        required: true,
                        error: nil,
                        description: nil,
                        example: nil,
                        typespec: nil,
                        deprecated: nil
                      }
                    }} or
                   {:sequence,
                    %Zoi.Types.Default{
                      inner: %Zoi.Types.Integer{
                        gte: nil,
                        lte: nil,
                        gt: nil,
                        lt: nil,
                        multiple_of: nil,
                        coerce: false,
                        meta: %Zoi.Types.Meta{
                          effects: empty_list(),
                          metadata: empty_list(),
                          required: nil,
                          error: nil,
                          description: nil,
                          example: nil,
                          typespec: nil,
                          deprecated: nil
                        }
                      },
                      value: integer(),
                      meta: %Zoi.Types.Meta{
                        effects: empty_list(),
                        metadata: empty_list(),
                        required: true,
                        error: nil,
                        description: nil,
                        example: nil,
                        typespec: nil,
                        deprecated: nil
                      }
                    }} or
                   {:active or :jobs,
                    %Zoi.Types.Default{
                      inner: %Zoi.Types.Map{
                        key_type: %Zoi.Types.Any{
                          meta: %Zoi.Types.Meta{
                            effects: empty_list(),
                            metadata: empty_list(),
                            required: nil,
                            error: nil,
                            description: nil,
                            example: nil,
                            typespec: nil,
                            deprecated: nil
                          }
                        },
                        value_type: %Zoi.Types.Any{
                          meta: %Zoi.Types.Meta{
                            effects: empty_list(),
                            metadata: empty_list(),
                            required: nil,
                            error: nil,
                            description: nil,
                            example: nil,
                            typespec: nil,
                            deprecated: nil
                          }
                        },
                        fields: nil,
                        unrecognized_keys: :strip,
                        coerce: false,
                        empty_values: empty_list(),
                        meta: %Zoi.Types.Meta{
                          effects: empty_list(),
                          metadata: empty_list(),
                          required: nil,
                          error: nil,
                          description: nil,
                          example: nil,
                          typespec: nil,
                          deprecated: nil
                        }
                      },
                      value: empty_map(),
                      meta: %Zoi.Types.Meta{
                        effects: empty_list(),
                        metadata: empty_list(),
                        required: true,
                        error: nil,
                        description: nil,
                        example: nil,
                        typespec: nil,
                        deprecated: nil
                      }
                    }}
               ),
             unrecognized_keys: :strip,
             coerce: false,
             empty_values: empty_list(),
             meta: %Zoi.Types.Meta{
               effects: empty_list(),
               metadata: empty_list(),
               required: nil,
               error: nil,
               description: nil,
               example: nil,
               typespec: nil,
               deprecated: nil
             }
           }
         })

     does not have all required keys:

         :max_state_size

     therefore this function will always return nil

     type warning found at:
     │
 170 │       def max_state_size, do: Map.get(__agent_config__(), :max_state_size)
     │       ~~~~~~~~~~~~~~~~~~~~~~~~~~~~~~~~~~~~~~~~~~~~~~~~~~~~~~~~~~~~~~~~~~~~
     │
     └─ lib/jido/agent.ex:170: Jido.Examples.Factory.Orchestrator.max_state_size/0

     warning: incompatible types given to Map.get/2:

         Map.get(__agent_config__(), :max_state_size)

     the map:

         dynamic(%{
           description: nil,
           metadata: empty_map(),
           name: binary(),
           plugins: non_empty_list({Jido.Examples.Factory.Async, empty_list()}),
           routes:
             non_empty_list(%Jido.Signal.Router.Route{
               match: nil,
               path: binary(),
               target:
                 Jido.Action.Generated.Inline.Ab63263d01baa3181f55e9721a2e1fc68c3d914ba06141172157ec98c5d849dcc or
                   Jido.Examples.Factory.Conversation.Ask or Jido.Examples.Factory.Conversation.Settle,
               priority: integer()
             }),
           schema: %Zoi.Types.Map{
             key_type: nil,
             value_type: nil,
             fields:
               non_empty_list(
                 {:factory_mode,
                  %Zoi.Types.Default{
                    inner: %Zoi.Types.Enum{
                      values: non_empty_list({:departments, :departments} or {:workshop, :workshop}),
                      enum_type: :atom,
                      coerce: false,
                      meta: %Zoi.Types.Meta{
                        effects: empty_list(),
                        metadata: empty_list(),
                        required: nil,
                        error: nil,
                        description: nil,
                        example: nil,
                        typespec: nil,
                        deprecated: nil
                      }
                    },
                    value: :workshop,
                    meta: %Zoi.Types.Meta{
                      effects: empty_list(),
                      metadata: empty_list(),
                      required: true,
                      error: nil,
                      description: nil,
                      example: nil,
                      typespec: nil,
                      deprecated: nil
                    }
                  }} or
                   {:seen,
                    %Zoi.Types.Default{
                      inner: %Zoi.Types.Array{
                        inner: %Zoi.Types.String{
                          min_length: nil,
                          max_length: nil,
                          length: nil,
                          coerce: false,
                          meta: %Zoi.Types.Meta{
                            effects: empty_list(),
                            metadata: empty_list(),
                            required: nil,
                            error: nil,
                            description: nil,
                            example: nil,
                            typespec: nil,
                            deprecated: nil
                          }
                        },
                        min_length: nil,
                        max_length: nil,
                        length: nil,
                        unique_items: nil,
                        coerce: false,
                        meta: %Zoi.Types.Meta{
                          effects: empty_list(),
                          metadata: empty_list(),
                          required: nil,
                          error: nil,
                          description: nil,
                          example: nil,
                          typespec: nil,
                          deprecated: nil
                        }
                      },
                      value: empty_list(),
                      meta: %Zoi.Types.Meta{
                        effects: empty_list(),
                        metadata: empty_list(),
                        required: true,
                        error: nil,
                        description: nil,
                        example: nil,
                        typespec: nil,
                        deprecated: nil
                      }
                    }} or
                   {:status,
                    %Zoi.Types.Default{
                      inner: %Zoi.Types.Enum{
                        values: non_empty_list({:idle, :idle} or {:thinking, :thinking}),
                        enum_type: :atom,
                        coerce: false,
                        meta: %Zoi.Types.Meta{
                          effects: empty_list(),
                          metadata: empty_list(),
                          required: nil,
                          error: nil,
                          description: nil,
                          example: nil,
                          typespec: nil,
                          deprecated: nil
                        }
                      },
                      value: :idle,
                      meta: %Zoi.Types.Meta{
                        effects: empty_list(),
                        metadata: empty_list(),
                        required: true,
                        error: nil,
                        description: nil,
                        example: nil,
                        typespec: nil,
                        deprecated: nil
                      }
                    }} or
                   {:events or :messages,
                    %Zoi.Types.Default{
                      inner: %Zoi.Types.Array{
                        inner: %Zoi.Types.Map{
                          key_type: %Zoi.Types.Any{
                            meta: %Zoi.Types.Meta{
                              effects: empty_list(),
                              metadata: empty_list(),
                              required: nil,
                              error: nil,
                              description: nil,
                              example: nil,
                              typespec: nil,
                              deprecated: nil
                            }
                          },
                          value_type: %Zoi.Types.Any{
                            meta: %Zoi.Types.Meta{
                              effects: empty_list(),
                              metadata: empty_list(),
                              required: nil,
                              error: nil,
                              description: nil,
                              example: nil,
                              typespec: nil,
                              deprecated: nil
                            }
                          },
                          fields: nil,
                          unrecognized_keys: :strip,
                          coerce: false,
                          empty_values: empty_list(),
                          meta: %Zoi.Types.Meta{
                            effects: empty_list(),
                            metadata: empty_list(),
                            required: nil,
                            error: nil,
                            description: nil,
                            example: nil,
                            typespec: nil,
                            deprecated: nil
                          }
                        },
                        min_length: nil,
                        max_length: nil,
                        length: nil,
                        unique_items: nil,
                        coerce: false,
                        meta: %Zoi.Types.Meta{
                          effects: empty_list(),
                          metadata: empty_list(),
                          required: nil,
                          error: nil,
                          description: nil,
                          example: nil,
                          typespec: nil,
                          deprecated: nil
                        }
                      },
                      value: empty_list(),
                      meta: %Zoi.Types.Meta{
                        effects: empty_list(),
                        metadata: empty_list(),
                        required: true,
                        error: nil,
                        description: nil,
                        example: nil,
                        typespec: nil,
                        deprecated: nil
                      }
                    }} or
                   {:answer or :error or :factory_id or :pending,
                    %Zoi.Types.Default{
                      inner: %Zoi.Types.String{
                        min_length: nil,
                        max_length: nil,
                        length: nil,
                        coerce: false,
                        meta: %Zoi.Types.Meta{
                          effects: empty_list(),
                          metadata: empty_list(),
                          required: nil,
                          error: nil,
                          description: nil,
                          example: nil,
                          typespec: nil,
                          deprecated: nil
                        }
                      },
                      value: binary(),
                      meta: %Zoi.Types.Meta{
                        effects: empty_list(),
                        metadata: empty_list(),
                        required: true,
                        error: nil,
                        description: nil,
                        example: nil,
                        typespec: nil,
                        deprecated: nil
                      }
                    }}
               ),
             unrecognized_keys: :strip,
             coerce: false,
             empty_values: empty_list(),
             meta: %Zoi.Types.Meta{
               effects: empty_list(),
               metadata: empty_list(),
               required: nil,
               error: nil,
               description: nil,
               example: nil,
               typespec: nil,
               deprecated: nil
             }
           }
         })

     does not have all required keys:

         :max_state_size

     therefore this function will always return nil

     type warning found at:
     │
 170 │       def max_state_size, do: Map.get(__agent_config__(), :max_state_size)
     │       ~~~~~~~~~~~~~~~~~~~~~~~~~~~~~~~~~~~~~~~~~~~~~~~~~~~~~~~~~~~~~~~~~~~~
     │
     └─ lib/jido/agent.ex:170: Jido.Examples.Factory.Conversation.max_state_size/0

     warning: incompatible types given to Map.get/2:

         Map.get(__agent_config__(), :max_state_size)

     the map:

         dynamic(%{
           description: nil,
           metadata: empty_map(),
           name: binary(),
           plugins: non_empty_list({Jido.Examples.Factory.FlowFactory.Runner, empty_list()}),
           routes:
             non_empty_list(%Jido.Signal.Router.Route{
               match: nil,
               path: binary(),
               target:
                 Jido.Action.Generated.Inline.A28ed121d0672a604b8f76d6ae58ddd0ce2c4e827610f098a9238a52602634f56 or
                   Jido.Action.Generated.Inline.A43a9784a4660864abf25f45fe07f8906f1a3171eb8f66e52a7492e23f519c086 or
                   Jido.Examples.Factory.FlowFactory.Finish or Jido.Examples.Factory.FlowFactory.Progress or
                   Jido.Examples.Factory.FlowFactory.Start or Jido.Examples.KeepState,
               priority: integer()
             }),
           schema: %Zoi.Types.Map{
             key_type: nil,
             value_type: nil,
             fields:
               non_empty_list(
                 {:events,
                  %Zoi.Types.Default{
                    inner: %Zoi.Types.Array{
                      inner: %Zoi.Types.Map{
                        key_type: %Zoi.Types.Any{
                          meta: %Zoi.Types.Meta{
                            effects: empty_list(),
                            metadata: empty_list(),
                            required: nil,
                            error: nil,
                            description: nil,
                            example: nil,
                            typespec: nil,
                            deprecated: nil
                          }
                        },
                        value_type: %Zoi.Types.Any{
                          meta: %Zoi.Types.Meta{
                            effects: empty_list(),
                            metadata: empty_list(),
                            required: nil,
                            error: nil,
                            description: nil,
                            example: nil,
                            typespec: nil,
                            deprecated: nil
                          }
                        },
                        fields: nil,
                        unrecognized_keys: :strip,
                        coerce: false,
                        empty_values: empty_list(),
                        meta: %Zoi.Types.Meta{
                          effects: empty_list(),
                          metadata: empty_list(),
                          required: nil,
                          error: nil,
                          description: nil,
                          example: nil,
                          typespec: nil,
                          deprecated: nil
                        }
                      },
                      min_length: nil,
                      max_length: nil,
                      length: nil,
                      unique_items: nil,
                      coerce: false,
                      meta: %Zoi.Types.Meta{
                        effects: empty_list(),
                        metadata: empty_list(),
                        required: nil,
                        error: nil,
                        description: nil,
                        example: nil,
                        typespec: nil,
                        deprecated: nil
                      }
                    },
                    value: empty_list(),
                    meta: %Zoi.Types.Meta{
                      effects: empty_list(),
                      metadata: empty_list(),
                      required: true,
                      error: nil,
                      description: nil,
                      example: nil,
                      typespec: nil,
                      deprecated: nil
                    }
                  }} or
                   {:security,
                    %Zoi.Types.Default{
                      inner: %Zoi.Types.Boolean{
                        coerce: false,
                        meta: %Zoi.Types.Meta{
                          effects: empty_list(),
                          metadata: empty_list(),
                          required: nil,
                          error: nil,
                          description: nil,
                          example: nil,
                          typespec: nil,
                          deprecated: nil
                        }
                      },
                      value: true,
                      meta: %Zoi.Types.Meta{
                        effects: empty_list(),
                        metadata: empty_list(),
                        required: true,
                        error: nil,
                        description: nil,
                        example: nil,
                        typespec: nil,
                        deprecated: nil
                      }
                    }} or
                   {:status,
                    %Zoi.Types.Default{
                      inner: %Zoi.Types.Enum{
                        values:
                          non_empty_list(
                            {:cancelled, :cancelled} or {:completed, :completed} or {:failed, :failed} or
                              {:idle, :idle} or {:running, :running}
                          ),
                        enum_type: :atom,
                        coerce: false,
                        meta: %Zoi.Types.Meta{
                          effects: empty_list(),
                          metadata: empty_list(),
                          required: nil,
                          error: nil,
                          description: nil,
                          example: nil,
                          typespec: nil,
                          deprecated: nil
                        }
                      },
                      value: :idle,
                      meta: %Zoi.Types.Meta{
                        effects: empty_list(),
                        metadata: empty_list(),
                        required: true,
                        error: nil,
                        description: nil,
                        example: nil,
                        typespec: nil,
                        deprecated: nil
                      }
                    }} or
                   {:error or :goal,
                    %Zoi.Types.Default{
                      inner: %Zoi.Types.String{
                        min_length: nil,
                        max_length: nil,
                        length: nil,
                        coerce: false,
                        meta: %Zoi.Types.Meta{
                          effects: empty_list(),
                          metadata: empty_list(),
                          required: nil,
                          error: nil,
                          description: nil,
                          example: nil,
                          typespec: nil,
                          deprecated: nil
                        }
                      },
                      value: binary(),
                      meta: %Zoi.Types.Meta{
                        effects: empty_list(),
                        metadata: empty_list(),
                        required: true,
                        error: nil,
                        description: nil,
                        example: nil,
                        typespec: nil,
                        deprecated: nil
                      }
                    }} or
                   {:artifacts or :assignments or :output,
                    %Zoi.Types.Default{
                      inner: %Zoi.Types.Map{
                        key_type: %Zoi.Types.Any{
                          meta: %Zoi.Types.Meta{
                            effects: empty_list(),
                            metadata: empty_list(),
                            required: nil,
                            error: nil,
                            description: nil,
                            example: nil,
                            typespec: nil,
                            deprecated: nil
                          }
                        },
                        value_type: %Zoi.Types.Any{
                          meta: %Zoi.Types.Meta{
                            effects: empty_list(),
                            metadata: empty_list(),
                            required: nil,
                            error: nil,
                            description: nil,
                            example: nil,
                            typespec: nil,
                            deprecated: nil
                          }
                        },
                        fields: nil,
                        unrecognized_keys: :strip,
                        coerce: false,
                        empty_values: empty_list(),
                        meta: %Zoi.Types.Meta{
                          effects: empty_list(),
                          metadata: empty_list(),
                          required: nil,
                          error: nil,
                          description: nil,
                          example: nil,
                          typespec: nil,
                          deprecated: nil
                        }
                      },
                      value: empty_map(),
                      meta: %Zoi.Types.Meta{
                        effects: empty_list(),
                        metadata: empty_list(),
                        required: true,
                        error: nil,
                        description: nil,
                        example: nil,
                        typespec: nil,
                        deprecated: nil
                      }
                    }}
               ),
             unrecognized_keys: :strip,
             coerce: false,
             empty_values: empty_list(),
             meta: %Zoi.Types.Meta{
               effects: empty_list(),
               metadata: empty_list(),
               required: nil,
               error: nil,
               description: nil,
               example: nil,
               typespec: nil,
               deprecated: nil
             }
           }
         })

     does not have all required keys:

         :max_state_size

     therefore this function will always return nil

     type warning found at:
     │
 170 │       def max_state_size, do: Map.get(__agent_config__(), :max_state_size)
     │       ~~~~~~~~~~~~~~~~~~~~~~~~~~~~~~~~~~~~~~~~~~~~~~~~~~~~~~~~~~~~~~~~~~~~
     │
     └─ lib/jido/agent.ex:170: Jido.Examples.Factory.FlowFactory.Mission.max_state_size/0

     warning: incompatible types given to Map.get/2:

         Map.get(__agent_config__(), :max_state_size)

     the map:

         dynamic(%{
           description: nil,
           metadata: empty_map(),
           name: binary(),
           plugins: empty_list(),
           routes:
             non_empty_list(%Jido.Signal.Router.Route{
               match: nil,
               path: binary(),
               target: Jido.Examples.ToolCall.Pipeline,
               priority: integer()
             }),
           schema: %Zoi.Types.Map{
             key_type: nil,
             value_type: nil,
             fields:
               non_empty_list(
                 {:answer,
                  %Zoi.Types.Default{
                    inner: %Zoi.Types.String{
                      min_length: nil,
                      max_length: nil,
                      length: nil,
                      coerce: false,
                      meta: %Zoi.Types.Meta{
                        effects: empty_list(),
                        metadata: empty_list(),
                        required: nil,
                        error: nil,
                        description: nil,
                        example: nil,
                        typespec: nil,
                        deprecated: nil
                      }
                    },
                    value: binary(),
                    meta: %Zoi.Types.Meta{
                      effects: empty_list(),
                      metadata: empty_list(),
                      required: true,
                      error: nil,
                      description: nil,
                      example: nil,
                      typespec: nil,
                      deprecated: nil
                    }
                  }} or
                   {:tool_results,
                    %Zoi.Types.Default{
                      inner: %Zoi.Types.Array{
                        inner: %Zoi.Types.Map{
                          key_type: %Zoi.Types.Any{
                            meta: %Zoi.Types.Meta{
                              effects: empty_list(),
                              metadata: empty_list(),
                              required: nil,
                              error: nil,
                              description: nil,
                              example: nil,
                              typespec: nil,
                              deprecated: nil
                            }
                          },
                          value_type: %Zoi.Types.Any{
                            meta: %Zoi.Types.Meta{
                              effects: empty_list(),
                              metadata: empty_list(),
                              required: nil,
                              error: nil,
                              description: nil,
                              example: nil,
                              typespec: nil,
                              deprecated: nil
                            }
                          },
                          fields: nil,
                          unrecognized_keys: :strip,
                          coerce: false,
                          empty_values: empty_list(),
                          meta: %Zoi.Types.Meta{
                            effects: empty_list(),
                            metadata: empty_list(),
                            required: nil,
                            error: nil,
                            description: nil,
                            example: nil,
                            typespec: nil,
                            deprecated: nil
                          }
                        },
                        min_length: nil,
                        max_length: nil,
                        length: nil,
                        unique_items: nil,
                        coerce: false,
                        meta: %Zoi.Types.Meta{
                          effects: empty_list(),
                          metadata: empty_list(),
                          required: nil,
                          error: nil,
                          description: nil,
                          example: nil,
                          typespec: nil,
                          deprecated: nil
                        }
                      },
                      value: empty_list(),
                      meta: %Zoi.Types.Meta{
                        effects: empty_list(),
                        metadata: empty_list(),
                        required: true,
                        error: nil,
                        description: nil,
                        example: nil,
                        typespec: nil,
                        deprecated: nil
                      }
                    }}
               ),
             unrecognized_keys: :strip,
             coerce: false,
             empty_values: empty_list(),
             meta: %Zoi.Types.Meta{
               effects: empty_list(),
               metadata: empty_list(),
               required: nil,
               error: nil,
               description: nil,
               example: nil,
               typespec: nil,
               deprecated: nil
             }
           }
         })

     does not have all required keys:

         :max_state_size

     therefore this function will always return nil

     type warning found at:
     │
 170 │       def max_state_size, do: Map.get(__agent_config__(), :max_state_size)
     │       ~~~~~~~~~~~~~~~~~~~~~~~~~~~~~~~~~~~~~~~~~~~~~~~~~~~~~~~~~~~~~~~~~~~~
     │
     └─ lib/jido/agent.ex:170: Jido.Examples.ToolCall.max_state_size/0

     warning: incompatible types given to Map.get/2:

         Map.get(__agent_config__(), :max_state_size)

     the map:

         dynamic(%{
           description: nil,
           metadata: empty_map(),
           name: binary(),
           plugins: empty_list(),
           routes:
             non_empty_list(%Jido.Signal.Router.Route{
               match: nil,
               path: binary(),
               target:
                 Jido.Action.Generated.Inline.Ad010c2644b2fa8f615afd34530a48af5ea084c66dc775492900b706feceea6e2 or
                   Jido.Examples.RemoteCounter.Calculate,
               priority: integer()
             }),
           schema: %Zoi.Types.Map{
             key_type: nil,
             value_type: nil,
             fields:
               non_empty_list(
                 {:value,
                  %Zoi.Types.Default{
                    inner: %Zoi.Types.Integer{
                      gte: nil,
                      lte: nil,
                      gt: nil,
                      lt: nil,
                      multiple_of: nil,
                      coerce: false,
                      meta: %Zoi.Types.Meta{
                        effects: empty_list(),
                        metadata: empty_list(),
                        required: nil,
                        error: nil,
                        description: nil,
                        example: nil,
                        typespec: nil,
                        deprecated: nil
                      }
                    },
                    value: integer(),
                    meta: %Zoi.Types.Meta{
                      effects: empty_list(),
                      metadata: empty_list(),
                      required: true,
                      error: nil,
                      description: nil,
                      example: nil,
                      typespec: nil,
                      deprecated: nil
                    }
                  }}
               ),
             unrecognized_keys: :strip,
             coerce: false,
             empty_values: empty_list(),
             meta: %Zoi.Types.Meta{
               effects: empty_list(),
               metadata: empty_list(),
               required: nil,
               error: nil,
               description: nil,
               example: nil,
               typespec: nil,
               deprecated: nil
             }
           }
         })

     does not have all required keys:

         :max_state_size

     therefore this function will always return nil

     type warning found at:
     │
 170 │       def max_state_size, do: Map.get(__agent_config__(), :max_state_size)
     │       ~~~~~~~~~~~~~~~~~~~~~~~~~~~~~~~~~~~~~~~~~~~~~~~~~~~~~~~~~~~~~~~~~~~~
     │
     └─ lib/jido/agent.ex:170: Jido.Examples.RemoteCounter.max_state_size/0

     warning: incompatible types given to Map.get/2:

         Map.get(__agent_config__(), :max_state_size)

     the map:

         dynamic(%{
           description: nil,
           metadata: empty_map(),
           name: binary(),
           plugins: empty_list(),
           routes:
             non_empty_list(%Jido.Signal.Router.Route{
               match: nil,
               path: binary(),
               target:
                 Jido.Action.Generated.Inline.A9803de50216358b43b2e1021af465d5f188cce815dd4037a244d7597e2e8d989 or
                   Jido.Examples.KeepState or Jido.Examples.RemoteParent.RequestChild or
                   Jido.Examples.RemoteParent.RequestResult,
               priority: integer()
             }),
           schema: %Zoi.Types.Map{
             key_type: nil,
             value_type: nil,
             fields:
               non_empty_list(
                 {:result,
                  %Zoi.Types.Default{
                    inner: %Zoi.Types.Map{
                      key_type: %Zoi.Types.Any{
                        meta: %Zoi.Types.Meta{
                          effects: empty_list(),
                          metadata: empty_list(),
                          required: nil,
                          error: nil,
                          description: nil,
                          example: nil,
                          typespec: nil,
                          deprecated: nil
                        }
                      },
                      value_type: %Zoi.Types.Any{
                        meta: %Zoi.Types.Meta{
                          effects: empty_list(),
                          metadata: empty_list(),
                          required: nil,
                          error: nil,
                          description: nil,
                          example: nil,
                          typespec: nil,
                          deprecated: nil
                        }
                      },
                      fields: nil,
                      unrecognized_keys: :strip,
                      coerce: false,
                      empty_values: empty_list(),
                      meta: %Zoi.Types.Meta{
                        effects: empty_list(),
                        metadata: empty_list(),
                        required: nil,
                        error: nil,
                        description: nil,
                        example: nil,
                        typespec: nil,
                        deprecated: nil
                      }
                    },
                    value: empty_map(),
                    meta: %Zoi.Types.Meta{
                      effects: empty_list(),
                      metadata: empty_list(),
                      required: true,
                      error: nil,
                      description: nil,
                      example: nil,
                      typespec: nil,
                      deprecated: nil
                    }
                  }}
               ),
             unrecognized_keys: :strip,
             coerce: false,
             empty_values: empty_list(),
             meta: %Zoi.Types.Meta{
               effects: empty_list(),
               metadata: empty_list(),
               required: nil,
               error: nil,
               description: nil,
               example: nil,
               typespec: nil,
               deprecated: nil
             }
           }
         })

     does not have all required keys:

         :max_state_size

     therefore this function will always return nil

     type warning found at:
     │
 170 │       def max_state_size, do: Map.get(__agent_config__(), :max_state_size)
     │       ~~~~~~~~~~~~~~~~~~~~~~~~~~~~~~~~~~~~~~~~~~~~~~~~~~~~~~~~~~~~~~~~~~~~
     │
     └─ lib/jido/agent.ex:170: Jido.Examples.RemoteParent.max_state_size/0

     warning: incompatible types given to Map.get/2:

         Map.get(__agent_config__(), :max_state_size)

     the map:

         dynamic(%{
           description: nil,
           metadata: empty_map(),
           name: binary(),
           plugins: non_empty_list({Jido.Examples.RecoverableDelivery.Output, empty_list()}),
           routes:
             non_empty_list(%Jido.Signal.Router.Route{
               match: nil,
               path: binary(),
               target:
                 Jido.Action.Generated.Inline.A584b7265227a22f460c9650b47c49193069b39b0f9af31cef047ae02c4baf5b0 or
                   Jido.Action.Generated.Inline.Ab26b2c54f281884c03fadf2e45fe6c89add6b7b5448412a8db0b2b2a39a9830f,
               priority: integer()
             }),
           schema: %Zoi.Types.Map{
             key_type: nil,
             value_type: nil,
             fields:
               non_empty_list(
                 {:value,
                  %Zoi.Types.Default{
                    inner: %Zoi.Types.Integer{
                      gte: nil,
                      lte: nil,
                      gt: nil,
                      lt: nil,
                      multiple_of: nil,
                      coerce: false,
                      meta: %Zoi.Types.Meta{
                        effects: empty_list(),
                        metadata: empty_list(),
                        required: nil,
                        error: nil,
                        description: nil,
                        example: nil,
                        typespec: nil,
                        deprecated: nil
                      }
                    },
                    value: integer(),
                    meta: %Zoi.Types.Meta{
                      effects: empty_list(),
                      metadata: empty_list(),
                      required: true,
                      error: nil,
                      description: nil,
                      example: nil,
                      typespec: nil,
                      deprecated: nil
                    }
                  }}
               ),
             unrecognized_keys: :strip,
             coerce: false,
             empty_values: empty_list(),
             meta: %Zoi.Types.Meta{
               effects: empty_list(),
               metadata: empty_list(),
               required: nil,
               error: nil,
               description: nil,
               example: nil,
               typespec: nil,
               deprecated: nil
             }
           }
         })

     does not have all required keys:

         :max_state_size

     therefore this function will always return nil

     type warning found at:
     │
 170 │       def max_state_size, do: Map.get(__agent_config__(), :max_state_size)
     │       ~~~~~~~~~~~~~~~~~~~~~~~~~~~~~~~~~~~~~~~~~~~~~~~~~~~~~~~~~~~~~~~~~~~~
     │
     └─ lib/jido/agent.ex:170: Jido.Examples.RecoverableDelivery.max_state_size/0

     warning: incompatible types given to Map.get/2:

         Map.get(__agent_config__(), :max_state_size)

     the map:

         dynamic(%{
           description: nil,
           metadata: empty_map(),
           name: binary(),
           plugins: empty_list(),
           routes:
             non_empty_list(%Jido.Signal.Router.Route{
               match: nil,
               path: binary(),
               target:
                 Jido.Action.Generated.Inline.Ac25d43c956d8aadadcc2db80cc40da7b9af56d544cf853a3e96ddf7c42376804 or
                   Jido.Examples.ContextCompaction.Compact or Jido.Examples.ContextCompaction.Reply,
               priority: integer()
             }),
           schema: %Zoi.Types.Map{
             key_type: nil,
             value_type: nil,
             fields:
               non_empty_list(
                 {:messages,
                  %Zoi.Types.Default{
                    inner: %Zoi.Types.Array{
                      inner: %Zoi.Types.Map{
                        key_type: %Zoi.Types.Any{
                          meta: %Zoi.Types.Meta{
                            effects: empty_list(),
                            metadata: empty_list(),
                            required: nil,
                            error: nil,
                            description: nil,
                            example: nil,
                            typespec: nil,
                            deprecated: nil
                          }
                        },
                        value_type: %Zoi.Types.Any{
                          meta: %Zoi.Types.Meta{
                            effects: empty_list(),
                            metadata: empty_list(),
                            required: nil,
                            error: nil,
                            description: nil,
                            example: nil,
                            typespec: nil,
                            deprecated: nil
                          }
                        },
                        fields: nil,
                        unrecognized_keys: :strip,
                        coerce: false,
                        empty_values: empty_list(),
                        meta: %Zoi.Types.Meta{
                          effects: empty_list(),
                          metadata: empty_list(),
                          required: nil,
                          error: nil,
                          description: nil,
                          example: nil,
                          typespec: nil,
                          deprecated: nil
                        }
                      },
                      min_length: nil,
                      max_length: nil,
                      length: nil,
                      unique_items: nil,
                      coerce: false,
                      meta: %Zoi.Types.Meta{
                        effects: empty_list(),
                        metadata: empty_list(),
                        required: nil,
                        error: nil,
                        description: nil,
                        example: nil,
                        typespec: nil,
                        deprecated: nil
                      }
                    },
                    value: empty_list(),
                    meta: %Zoi.Types.Meta{
                      effects: empty_list(),
                      metadata: empty_list(),
                      required: true,
                      error: nil,
                      description: nil,
                      example: nil,
                      typespec: nil,
                      deprecated: nil
                    }
                  }} or
                   {:summary,
                    %Zoi.Types.Default{
                      inner: %Zoi.Types.String{
                        min_length: nil,
                        max_length: nil,
                        length: nil,
                        coerce: false,
                        meta: %Zoi.Types.Meta{
                          effects: empty_list(),
                          metadata: empty_list(),
                          required: nil,
                          error: nil,
                          description: nil,
                          example: nil,
                          typespec: nil,
                          deprecated: nil
                        }
                      },
                      value: binary(),
                      meta: %Zoi.Types.Meta{
                        effects: empty_list(),
                        metadata: empty_list(),
                        required: true,
                        error: nil,
                        description: nil,
                        example: nil,
                        typespec: nil,
                        deprecated: nil
                      }
                    }}
               ),
             unrecognized_keys: :strip,
             coerce: false,
             empty_values: empty_list(),
             meta: %Zoi.Types.Meta{
               effects: empty_list(),
               metadata: empty_list(),
               required: nil,
               error: nil,
               description: nil,
               example: nil,
               typespec: nil,
               deprecated: nil
             }
           }
         })

     does not have all required keys:

         :max_state_size

     therefore this function will always return nil

     type warning found at:
     │
 170 │       def max_state_size, do: Map.get(__agent_config__(), :max_state_size)
     │       ~~~~~~~~~~~~~~~~~~~~~~~~~~~~~~~~~~~~~~~~~~~~~~~~~~~~~~~~~~~~~~~~~~~~
     │
     └─ lib/jido/agent.ex:170: Jido.Examples.ContextCompaction.max_state_size/0

     warning: incompatible types given to Map.get/2:

         Map.get(__agent_config__(), :max_state_size)

     the map:

         dynamic(%{
           description: binary(),
           metadata: empty_map(),
           name: binary(),
           plugins: empty_list(),
           routes:
             non_empty_list(%Jido.Signal.Router.Route{
               match: nil,
               path: binary(),
               target: Jido.Examples.PersistentCounterRecovery.Increment,
               priority: integer()
             }),
           schema: %Zoi.Types.Map{
             key_type: nil,
             value_type: nil,
             fields:
               non_empty_list(
                 {:count,
                  %Zoi.Types.Default{
                    inner: %Zoi.Types.Integer{
                      gte: nil,
                      lte: nil,
                      gt: nil,
                      lt: nil,
                      multiple_of: nil,
                      coerce: false,
                      meta: %Zoi.Types.Meta{
                        effects: empty_list(),
                        metadata: empty_list(),
                        required: nil,
                        error: nil,
                        description: nil,
                        example: nil,
                        typespec: nil,
                        deprecated: nil
                      }
                    },
                    value: integer(),
                    meta: %Zoi.Types.Meta{
                      effects: empty_list(),
                      metadata: empty_list(),
                      required: true,
                      error: nil,
                      description: nil,
                      example: nil,
                      typespec: nil,
                      deprecated: nil
                    }
                  }} or
                   {:handled_signal_ids,
                    %Zoi.Types.Default{
                      inner: %Zoi.Types.Array{
                        inner: %Zoi.Types.String{
                          min_length: nil,
                          max_length: nil,
                          length: nil,
                          coerce: false,
                          meta: %Zoi.Types.Meta{
                            effects: empty_list(),
                            metadata: empty_list(),
                            required: nil,
                            error: nil,
                            description: nil,
                            example: nil,
                            typespec: nil,
                            deprecated: nil
                          }
                        },
                        min_length: nil,
                        max_length: nil,
                        length: nil,
                        unique_items: nil,
                        coerce: false,
                        meta: %Zoi.Types.Meta{
                          effects: empty_list(),
                          metadata: empty_list(),
                          required: nil,
                          error: nil,
                          description: nil,
                          example: nil,
                          typespec: nil,
                          deprecated: nil
                        }
                      },
                      value: empty_list(),
                      meta: %Zoi.Types.Meta{
                        effects: empty_list(),
                        metadata: empty_list(),
                        required: true,
                        error: nil,
                        description: nil,
                        example: nil,
                        typespec: nil,
                        deprecated: nil
                      }
                    }} or
                   {:last_command,
                    %Zoi.Types.Default{
                      inner: %Zoi.Types.Union{
                        schemas:
                          non_empty_list(
                            %Zoi.Types.Map{
                              key_type: %Zoi.Types.Any{
                                meta: %Zoi.Types.Meta{
                                  effects: empty_list(),
                                  metadata: empty_list(),
                                  required: nil,
                                  error: nil,
                                  description: nil,
                                  example: nil,
                                  typespec: nil,
                                  deprecated: nil
                                }
                              },
                              value_type: %Zoi.Types.Any{
                                meta: %Zoi.Types.Meta{
                                  effects: empty_list(),
                                  metadata: empty_list(),
                                  required: nil,
                                  error: nil,
                                  description: nil,
                                  example: nil,
                                  typespec: nil,
                                  deprecated: nil
                                }
                              },
                              fields: nil,
                              unrecognized_keys: :strip,
                              coerce: false,
                              empty_values: empty_list(),
                              meta: %Zoi.Types.Meta{
                                effects: empty_list(),
                                metadata: empty_list(),
                                required: nil,
                                error: nil,
                                description: nil,
                                example: nil,
                                typespec: nil,
                                deprecated: nil
                              }
                            } or
                              %Zoi.Types.Null{
                                meta: %Zoi.Types.Meta{
                                  effects: empty_list(),
                                  metadata: empty_list(),
                                  required: nil,
                                  error: nil,
                                  description: nil,
                                  example: nil,
                                  typespec: nil,
                                  deprecated: nil
                                }
                              }
                          ),
                        meta: %Zoi.Types.Meta{
                          effects: empty_list(),
                          metadata: empty_list(),
                          required: nil,
                          error: nil,
                          description: nil,
                          example: nil,
                          typespec: nil,
                          deprecated: nil
                        }
                      },
                      value: nil,
                      meta: %Zoi.Types.Meta{
                        effects: empty_list(),
                        metadata: empty_list(),
                        required: true,
                        error: nil,
                        description: nil,
                        example: nil,
                        typespec: nil,
                        deprecated: nil
                      }
                    }}
               ),
             unrecognized_keys: :strip,
             coerce: false,
             empty_values: empty_list(),
             meta: %Zoi.Types.Meta{
               effects: empty_list(),
               metadata: empty_list(),
               required: nil,
               error: nil,
               description: nil,
               example: nil,
               typespec: nil,
               deprecated: nil
             }
           }
         })

     does not have all required keys:

         :max_state_size

     therefore this function will always return nil

     type warning found at:
     │
 170 │       def max_state_size, do: Map.get(__agent_config__(), :max_state_size)
     │       ~~~~~~~~~~~~~~~~~~~~~~~~~~~~~~~~~~~~~~~~~~~~~~~~~~~~~~~~~~~~~~~~~~~~
     │
     └─ lib/jido/agent.ex:170: Jido.Examples.PersistentCounterRecovery.max_state_size/0

     warning: incompatible types given to Map.get/2:

         Map.get(__agent_config__(), :max_state_size)

     the map:

         dynamic(%{
           description: nil,
           metadata: empty_map(),
           name: binary(),
           plugins: non_empty_list({Jido.Examples.ManagedJobs.Jobs, empty_list()}),
           routes:
             non_empty_list(%Jido.Signal.Router.Route{
               match: nil,
               path: binary(),
               target:
                 Jido.Examples.ManagedJobs.Cancel or Jido.Examples.ManagedJobs.Settle or
                   Jido.Examples.ManagedJobs.Start,
               priority: integer()
             }),
           schema: %Zoi.Types.Map{
             key_type: nil,
             value_type: nil,
             fields:
               non_empty_list(
                 {:seen,
                  %Zoi.Types.Default{
                    inner: %Zoi.Types.Array{
                      inner: %Zoi.Types.String{
                        min_length: nil,
                        max_length: nil,
                        length: nil,
                        coerce: false,
                        meta: %Zoi.Types.Meta{
                          effects: empty_list(),
                          metadata: empty_list(),
                          required: nil,
                          error: nil,
                          description: nil,
                          example: nil,
                          typespec: nil,
                          deprecated: nil
                        }
                      },
                      min_length: nil,
                      max_length: nil,
                      length: nil,
                      unique_items: nil,
                      coerce: false,
                      meta: %Zoi.Types.Meta{
                        effects: empty_list(),
                        metadata: empty_list(),
                        required: nil,
                        error: nil,
                        description: nil,
                        example: nil,
                        typespec: nil,
                        deprecated: nil
                      }
                    },
                    value: empty_list(),
                    meta: %Zoi.Types.Meta{
                      effects: empty_list(),
                      metadata: empty_list(),
                      required: true,
                      error: nil,
                      description: nil,
                      example: nil,
                      typespec: nil,
                      deprecated: nil
                    }
                  }} or
                   {:status,
                    %Zoi.Types.Default{
                      inner: %Zoi.Types.Enum{
                        values:
                          non_empty_list(
                            {:cancelled, :cancelled} or {:completed, :completed} or {:failed, :failed} or
                              {:idle, :idle} or {:running, :running}
                          ),
                        enum_type: :atom,
                        coerce: false,
                        meta: %Zoi.Types.Meta{
                          effects: empty_list(),
                          metadata: empty_list(),
                          required: nil,
                          error: nil,
                          description: nil,
                          example: nil,
                          typespec: nil,
                          deprecated: nil
                        }
                      },
                      value: :idle,
                      meta: %Zoi.Types.Meta{
                        effects: empty_list(),
                        metadata: empty_list(),
                        required: true,
                        error: nil,
                        description: nil,
                        example: nil,
                        typespec: nil,
                        deprecated: nil
                      }
                    }} or
                   {:job_id or :result,
                    %Zoi.Types.Default{
                      inner: %Zoi.Types.String{
                        min_length: nil,
                        max_length: nil,
                        length: nil,
                        coerce: false,
                        meta: %Zoi.Types.Meta{
                          effects: empty_list(),
                          metadata: empty_list(),
                          required: nil,
                          error: nil,
                          description: nil,
                          example: nil,
                          typespec: nil,
                          deprecated: nil
                        }
                      },
                      value: binary(),
                      meta: %Zoi.Types.Meta{
                        effects: empty_list(),
                        metadata: empty_list(),
                        required: true,
                        error: nil,
                        description: nil,
                        example: nil,
                        typespec: nil,
                        deprecated: nil
                      }
                    }}
               ),
             unrecognized_keys: :strip,
             coerce: false,
             empty_values: empty_list(),
             meta: %Zoi.Types.Meta{
               effects: empty_list(),
               metadata: empty_list(),
               required: nil,
               error: nil,
               description: nil,
               example: nil,
               typespec: nil,
               deprecated: nil
             }
           }
         })

     does not have all required keys:

         :max_state_size

     therefore this function will always return nil

     type warning found at:
     │
 170 │       def max_state_size, do: Map.get(__agent_config__(), :max_state_size)
     │       ~~~~~~~~~~~~~~~~~~~~~~~~~~~~~~~~~~~~~~~~~~~~~~~~~~~~~~~~~~~~~~~~~~~~
     │
     └─ lib/jido/agent.ex:170: Jido.Examples.ManagedJobs.max_state_size/0

     warning: incompatible types given to Map.get/2:

         Map.get(__agent_config__(), :max_state_size)

     the map:

         dynamic(%{
           description: nil,
           metadata: empty_map(),
           name: binary(),
           plugins: non_empty_list({Jido.Plugin.Scheduler, empty_list()}),
           routes:
             non_empty_list(%Jido.Signal.Router.Route{
               match: nil,
               path: binary(),
               target:
                 Jido.Examples.ScheduledOccurrenceProbe.Arm or
                   Jido.Examples.ScheduledOccurrenceProbe.Capture,
               priority: integer()
             }),
           schema: %Zoi.Types.Map{
             key_type: nil,
             value_type: nil,
             fields:
               non_empty_list(
                 {:generation,
                  %Zoi.Types.Default{
                    inner: %Zoi.Types.Integer{
                      gte: nil,
                      lte: nil,
                      gt: nil,
                      lt: nil,
                      multiple_of: nil,
                      coerce: false,
                      meta: %Zoi.Types.Meta{
                        effects: empty_list(),
                        metadata: empty_list(),
                        required: nil,
                        error: nil,
                        description: nil,
                        example: nil,
                        typespec: nil,
                        deprecated: nil
                      }
                    },
                    value: integer(),
                    meta: %Zoi.Types.Meta{
                      effects: empty_list(),
                      metadata: empty_list(),
                      required: true,
                      error: nil,
                      description: nil,
                      example: nil,
                      typespec: nil,
                      deprecated: nil
                    }
                  }} or
                   {:ticks,
                    %Zoi.Types.Default{
                      inner: %Zoi.Types.Array{
                        inner: %Zoi.Types.Map{
                          key_type: %Zoi.Types.Any{
                            meta: %Zoi.Types.Meta{
                              effects: empty_list(),
                              metadata: empty_list(),
                              required: nil,
                              error: nil,
                              description: nil,
                              example: nil,
                              typespec: nil,
                              deprecated: nil
                            }
                          },
                          value_type: %Zoi.Types.Any{
                            meta: %Zoi.Types.Meta{
                              effects: empty_list(),
                              metadata: empty_list(),
                              required: nil,
                              error: nil,
                              description: nil,
                              example: nil,
                              typespec: nil,
                              deprecated: nil
                            }
                          },
                          fields: nil,
                          unrecognized_keys: :strip,
                          coerce: false,
                          empty_values: empty_list(),
                          meta: %Zoi.Types.Meta{
                            effects: empty_list(),
                            metadata: empty_list(),
                            required: nil,
                            error: nil,
                            description: nil,
                            example: nil,
                            typespec: nil,
                            deprecated: nil
                          }
                        },
                        min_length: nil,
                        max_length: nil,
                        length: nil,
                        unique_items: nil,
                        coerce: false,
                        meta: %Zoi.Types.Meta{
                          effects: empty_list(),
                          metadata: empty_list(),
                          required: nil,
                          error: nil,
                          description: nil,
                          example: nil,
                          typespec: nil,
                          deprecated: nil
                        }
                      },
                      value: empty_list(),
                      meta: %Zoi.Types.Meta{
                        effects: empty_list(),
                        metadata: empty_list(),
                        required: true,
                        error: nil,
                        description: nil,
                        example: nil,
                        typespec: nil,
                        deprecated: nil
                      }
                    }}
               ),
             unrecognized_keys: :strip,
             coerce: false,
             empty_values: empty_list(),
             meta: %Zoi.Types.Meta{
               effects: empty_list(),
               metadata: empty_list(),
               required: nil,
               error: nil,
               description: nil,
               example: nil,
               typespec: nil,
               deprecated: nil
             }
           }
         })

     does not have all required keys:

         :max_state_size

     therefore this function will always return nil

     type warning found at:
     │
 170 │       def max_state_size, do: Map.get(__agent_config__(), :max_state_size)
     │       ~~~~~~~~~~~~~~~~~~~~~~~~~~~~~~~~~~~~~~~~~~~~~~~~~~~~~~~~~~~~~~~~~~~~
     │
     └─ lib/jido/agent.ex:170: Jido.Examples.ScheduledOccurrenceProbe.max_state_size/0

     warning: incompatible types given to Map.get/2:

         Map.get(__agent_config__(), :max_state_size)

     the map:

         dynamic(%{
           description: binary(),
           metadata: empty_map(),
           name: binary(),
           plugins: empty_list(),
           routes:
             non_empty_list(%Jido.Signal.Router.Route{
               match: nil,
               path: binary(),
               target:
                 Jido.Action.Generated.Inline.Aa150eb15506b2c2da6fd781e00f31eb3ce6fbbed2b0915daafa7d9127edf2e04,
               priority: integer()
             }),
           schema: %Zoi.Types.Map{
             key_type: nil,
             value_type: nil,
             fields:
               non_empty_list(
                 {:result or :secret_token or :status,
                  %Zoi.Types.Default{
                    inner: %Zoi.Types.String{
                      min_length: nil,
                      max_length: nil,
                      length: nil,
                      coerce: false,
                      meta: %Zoi.Types.Meta{
                        effects: empty_list(),
                        metadata: empty_list(),
                        required: nil,
                        error: nil,
                        description: nil,
                        example: nil,
                        typespec: nil,
                        deprecated: nil
                      }
                    },
                    value: binary(),
                    meta: %Zoi.Types.Meta{
                      effects: empty_list(),
                      metadata: empty_list(),
                      required: true,
                      error: nil,
                      description: nil,
                      example: nil,
                      typespec: nil,
                      deprecated: nil
                    }
                  }}
               ),
             unrecognized_keys: :strip,
             coerce: false,
             empty_values: empty_list(),
             meta: %Zoi.Types.Meta{
               effects: empty_list(),
               metadata: empty_list(),
               required: nil,
               error: nil,
               description: nil,
               example: nil,
               typespec: nil,
               deprecated: nil
             }
           }
         })

     does not have all required keys:

         :max_state_size

     therefore this function will always return nil

     type warning found at:
     │
 170 │       def max_state_size, do: Map.get(__agent_config__(), :max_state_size)
     │       ~~~~~~~~~~~~~~~~~~~~~~~~~~~~~~~~~~~~~~~~~~~~~~~~~~~~~~~~~~~~~~~~~~~~
     │
     └─ lib/jido/agent.ex:170: Jido.Examples.AgentLiveDebugger.max_state_size/0

     warning: incompatible types given to Map.get/2:

         Map.get(__agent_config__(), :max_state_size)

     the map:

         dynamic(%{
           description: nil,
           metadata: empty_map(),
           name: binary(),
           plugins: empty_list(),
           routes:
             non_empty_list(%Jido.Signal.Router.Route{
               match: nil,
               path: binary(),
               target: Jido.Examples.Worker.Calculate,
               priority: integer()
             }),
           schema: %Zoi.Types.Map{
             key_type: nil,
             value_type: nil,
             fields:
               non_empty_list(
                 {:completed,
                  %Zoi.Types.Default{
                    inner: %Zoi.Types.Array{
                      inner: %Zoi.Types.Map{
                        key_type: %Zoi.Types.Any{
                          meta: %Zoi.Types.Meta{
                            effects: empty_list(),
                            metadata: empty_list(),
                            required: nil,
                            error: nil,
                            description: nil,
                            example: nil,
                            typespec: nil,
                            deprecated: nil
                          }
                        },
                        value_type: %Zoi.Types.Any{
                          meta: %Zoi.Types.Meta{
                            effects: empty_list(),
                            metadata: empty_list(),
                            required: nil,
                            error: nil,
                            description: nil,
                            example: nil,
                            typespec: nil,
                            deprecated: nil
                          }
                        },
                        fields: nil,
                        unrecognized_keys: :strip,
                        coerce: false,
                        empty_values: empty_list(),
                        meta: %Zoi.Types.Meta{
                          effects: empty_list(),
                          metadata: empty_list(),
                          required: nil,
                          error: nil,
                          description: nil,
                          example: nil,
                          typespec: nil,
                          deprecated: nil
                        }
                      },
                      min_length: nil,
                      max_length: nil,
                      length: nil,
                      unique_items: nil,
                      coerce: false,
                      meta: %Zoi.Types.Meta{
                        effects: empty_list(),
                        metadata: empty_list(),
                        required: nil,
                        error: nil,
                        description: nil,
                        example: nil,
                        typespec: nil,
                        deprecated: nil
                      }
                    },
                    value: empty_list(),
                    meta: %Zoi.Types.Meta{
                      effects: empty_list(),
                      metadata: empty_list(),
                      required: true,
                      error: nil,
                      description: nil,
                      example: nil,
                      typespec: nil,
                      deprecated: nil
                    }
                  }}
               ),
             unrecognized_keys: :strip,
             coerce: false,
             empty_values: empty_list(),
             meta: %Zoi.Types.Meta{
               effects: empty_list(),
               metadata: empty_list(),
               required: nil,
               error: nil,
               description: nil,
               example: nil,
               typespec: nil,
               deprecated: nil
             }
           }
         })

     does not have all required keys:

         :max_state_size

     therefore this function will always return nil

     type warning found at:
     │
 170 │       def max_state_size, do: Map.get(__agent_config__(), :max_state_size)
     │       ~~~~~~~~~~~~~~~~~~~~~~~~~~~~~~~~~~~~~~~~~~~~~~~~~~~~~~~~~~~~~~~~~~~~
     │
     └─ lib/jido/agent.ex:170: Jido.Examples.Worker.max_state_size/0

     warning: incompatible types given to Map.get/2:

         Map.get(__agent_config__(), :max_state_size)

     the map:

         dynamic(%{
           description: nil,
           metadata: empty_map(),
           name: binary(),
           plugins: empty_list(),
           routes:
             non_empty_list(%Jido.Signal.Router.Route{
               match: nil,
               path: binary(),
               target: Jido.Examples.ExecutableContinuation.Pipeline,
               priority: integer()
             }),
           schema: %Zoi.Types.Map{
             key_type: nil,
             value_type: nil,
             fields:
               non_empty_list(
                 {:request,
                  %Zoi.Types.Default{
                    inner: %Zoi.Types.String{
                      min_length: nil,
                      max_length: nil,
                      length: nil,
                      coerce: false,
                      meta: %Zoi.Types.Meta{
                        effects: empty_list(),
                        metadata: empty_list(),
                        required: nil,
                        error: nil,
                        description: nil,
                        example: nil,
                        typespec: nil,
                        deprecated: nil
                      }
                    },
                    value: binary(),
                    meta: %Zoi.Types.Meta{
                      effects: empty_list(),
                      metadata: empty_list(),
                      required: true,
                      error: nil,
                      description: nil,
                      example: nil,
                      typespec: nil,
                      deprecated: nil
                    }
                  }} or
                   {:value,
                    %Zoi.Types.Default{
                      inner: %Zoi.Types.Integer{
                        gte: nil,
                        lte: nil,
                        gt: nil,
                        lt: nil,
                        multiple_of: nil,
                        coerce: false,
                        meta: %Zoi.Types.Meta{
                          effects: empty_list(),
                          metadata: empty_list(),
                          required: nil,
                          error: nil,
                          description: nil,
                          example: nil,
                          typespec: nil,
                          deprecated: nil
                        }
                      },
                      value: integer(),
                      meta: %Zoi.Types.Meta{
                        effects: empty_list(),
                        metadata: empty_list(),
                        required: true,
                        error: nil,
                        description: nil,
                        example: nil,
                        typespec: nil,
                        deprecated: nil
                      }
                    }}
               ),
             unrecognized_keys: :strip,
             coerce: false,
             empty_values: empty_list(),
             meta: %Zoi.Types.Meta{
               effects: empty_list(),
               metadata: empty_list(),
               required: nil,
               error: nil,
               description: nil,
               example: nil,
               typespec: nil,
               deprecated: nil
             }
           }
         })

     does not have all required keys:

         :max_state_size

     therefore this function will always return nil

     type warning found at:
     │
 170 │       def max_state_size, do: Map.get(__agent_config__(), :max_state_size)
     │       ~~~~~~~~~~~~~~~~~~~~~~~~~~~~~~~~~~~~~~~~~~~~~~~~~~~~~~~~~~~~~~~~~~~~
     │
     └─ lib/jido/agent.ex:170: Jido.Examples.ExecutableContinuation.max_state_size/0

     warning: incompatible types given to Map.get/2:

         Map.get(__agent_config__(), :max_state_size)

     the map:

         dynamic(%{
           description: nil,
           metadata: empty_map(),
           name: binary(),
           plugins: empty_list(),
           routes:
             non_empty_list(%Jido.Signal.Router.Route{
               match: nil,
               path: binary(),
               target: Jido.Examples.Factory.Department.Work,
               priority: integer()
             }),
           schema: %Zoi.Types.Map{
             key_type: nil,
             value_type: nil,
             fields:
               non_empty_list(
                 {:department,
                  %Zoi.Types.Default{
                    inner: %Zoi.Types.Enum{
                      values: non_empty_list({binary(), binary()}),
                      enum_type: :binary,
                      coerce: false,
                      meta: %Zoi.Types.Meta{
                        effects: empty_list(),
                        metadata: empty_list(),
                        required: nil,
                        error: nil,
                        description: nil,
                        example: nil,
                        typespec: nil,
                        deprecated: nil
                      }
                    },
                    value: binary(),
                    meta: %Zoi.Types.Meta{
                      effects: empty_list(),
                      metadata: empty_list(),
                      required: true,
                      error: nil,
                      description: nil,
                      example: nil,
                      typespec: nil,
                      deprecated: nil
                    }
                  }} or
                   {:result,
                    %Zoi.Types.Default{
                      inner: %Zoi.Types.Map{
                        key_type: %Zoi.Types.Any{
                          meta: %Zoi.Types.Meta{
                            effects: empty_list(),
                            metadata: empty_list(),
                            required: nil,
                            error: nil,
                            description: nil,
                            example: nil,
                            typespec: nil,
                            deprecated: nil
                          }
                        },
                        value_type: %Zoi.Types.Any{
                          meta: %Zoi.Types.Meta{
                            effects: empty_list(),
                            metadata: empty_list(),
                            required: nil,
                            error: nil,
                            description: nil,
                            example: nil,
                            typespec: nil,
                            deprecated: nil
                          }
                        },
                        fields: nil,
                        unrecognized_keys: :strip,
                        coerce: false,
                        empty_values: empty_list(),
                        meta: %Zoi.Types.Meta{
                          effects: empty_list(),
                          metadata: empty_list(),
                          required: nil,
                          error: nil,
                          description: nil,
                          example: nil,
                          typespec: nil,
                          deprecated: nil
                        }
                      },
                      value: empty_map(),
                      meta: %Zoi.Types.Meta{
                        effects: empty_list(),
                        metadata: empty_list(),
                        required: true,
                        error: nil,
                        description: nil,
                        example: nil,
                        typespec: nil,
                        deprecated: nil
                      }
                    }}
               ),
             unrecognized_keys: :strip,
             coerce: false,
             empty_values: empty_list(),
             meta: %Zoi.Types.Meta{
               effects: empty_list(),
               metadata: empty_list(),
               required: nil,
               error: nil,
               description: nil,
               example: nil,
               typespec: nil,
               deprecated: nil
             }
           }
         })

     does not have all required keys:

         :max_state_size

     therefore this function will always return nil

     type warning found at:
     │
 170 │       def max_state_size, do: Map.get(__agent_config__(), :max_state_size)
     │       ~~~~~~~~~~~~~~~~~~~~~~~~~~~~~~~~~~~~~~~~~~~~~~~~~~~~~~~~~~~~~~~~~~~~
     │
     └─ lib/jido/agent.ex:170: Jido.Examples.Factory.Department.max_state_size/0

     warning: incompatible types given to Map.get/2:

         Map.get(__agent_config__(), :max_state_size)

     the map:

         dynamic(%{
           description: nil,
           metadata: empty_map(),
           name: binary(),
           plugins: empty_list(),
           routes:
             non_empty_list(%Jido.Signal.Router.Route{
               match: nil,
               path: binary(),
               target:
                 Jido.Action.Generated.Inline.A192fafec655daddaab032ddc60cdcf734d8407135c4c212b02e578a774181ff6,
               priority: integer()
             }),
           schema: %Zoi.Types.Map{
             key_type: nil,
             value_type: nil,
             fields:
               non_empty_list(
                 {:value,
                  %Zoi.Types.Default{
                    inner: %Zoi.Types.Integer{
                      gte: nil,
                      lte: nil,
                      gt: nil,
                      lt: nil,
                      multiple_of: nil,
                      coerce: false,
                      meta: %Zoi.Types.Meta{
                        effects: empty_list(),
                        metadata: empty_list(),
                        required: nil,
                        error: nil,
                        description: nil,
                        example: nil,
                        typespec: nil,
                        deprecated: nil
                      }
                    },
                    value: integer(),
                    meta: %Zoi.Types.Meta{
                      effects: empty_list(),
                      metadata: empty_list(),
                      required: true,
                      error: nil,
                      description: nil,
                      example: nil,
                      typespec: nil,
                      deprecated: nil
                    }
                  }}
               ),
             unrecognized_keys: :strip,
             coerce: false,
             empty_values: empty_list(),
             meta: %Zoi.Types.Meta{
               effects: empty_list(),
               metadata: empty_list(),
               required: nil,
               error: nil,
               description: nil,
               example: nil,
               typespec: nil,
               deprecated: nil
             }
           }
         })

     does not have all required keys:

         :max_state_size

     therefore this function will always return nil

     type warning found at:
     │
 170 │       def max_state_size, do: Map.get(__agent_config__(), :max_state_size)
     │       ~~~~~~~~~~~~~~~~~~~~~~~~~~~~~~~~~~~~~~~~~~~~~~~~~~~~~~~~~~~~~~~~~~~~
     │
     └─ lib/jido/agent.ex:170: Jido.Examples.DistributedAuthorityProbe.max_state_size/0

     warning: incompatible types given to Map.get/2:

         Map.get(__agent_config__(), :max_state_size)

     the map:

         dynamic(%{
           description: nil,
           metadata: empty_map(),
           name: binary(),
           plugins: non_empty_list({Jido.Examples.ManagedJobs.Jobs, empty_list()}),
           routes:
             non_empty_list(%Jido.Signal.Router.Route{
               match: nil,
               path: binary(),
               target:
                 Jido.Examples.PendingJobRecovery.Approve or Jido.Examples.PendingJobRecovery.Cancel or
                   Jido.Examples.PendingJobRecovery.Request or Jido.Examples.PendingJobRecovery.Retry or
                   Jido.Examples.PendingJobRecovery.Settle,
               priority: integer()
             }),
           schema: %Zoi.Types.Map{
             key_type: nil,
             value_type: nil,
             fields:
               non_empty_list(
                 {:approved?,
                  %Zoi.Types.Default{
                    inner: %Zoi.Types.Boolean{
                      coerce: false,
                      meta: %Zoi.Types.Meta{
                        effects: empty_list(),
                        metadata: empty_list(),
                        required: nil,
                        error: nil,
                        description: nil,
                        example: nil,
                        typespec: nil,
                        deprecated: nil
                      }
                    },
                    value: false,
                    meta: %Zoi.Types.Meta{
                      effects: empty_list(),
                      metadata: empty_list(),
                      required: true,
                      error: nil,
                      description: nil,
                      example: nil,
                      typespec: nil,
                      deprecated: nil
                    }
                  }} or
                   {:status,
                    %Zoi.Types.Default{
                      inner: %Zoi.Types.Enum{
                        values:
                          non_empty_list(
                            {:awaiting_approval, :awaiting_approval} or {:cancelled, :cancelled} or
                              {:completed, :completed} or {:failed, :failed} or {:idle, :idle} or
                              {:running, :running}
                          ),
                        enum_type: :atom,
                        coerce: false,
                        meta: %Zoi.Types.Meta{
                          effects: empty_list(),
                          metadata: empty_list(),
                          required: nil,
                          error: nil,
                          description: nil,
                          example: nil,
                          typespec: nil,
                          deprecated: nil
                        }
                      },
                      value: :idle,
                      meta: %Zoi.Types.Meta{
                        effects: empty_list(),
                        metadata: empty_list(),
                        required: true,
                        error: nil,
                        description: nil,
                        example: nil,
                        typespec: nil,
                        deprecated: nil
                      }
                    }} or
                   {:value,
                    %Zoi.Types.Default{
                      inner: %Zoi.Types.Integer{
                        gte: nil,
                        lte: nil,
                        gt: nil,
                        lt: nil,
                        multiple_of: nil,
                        coerce: false,
                        meta: %Zoi.Types.Meta{
                          effects: empty_list(),
                          metadata: empty_list(),
                          required: nil,
                          error: nil,
                          description: nil,
                          example: nil,
                          typespec: nil,
                          deprecated: nil
                        }
                      },
                      value: integer(),
                      meta: %Zoi.Types.Meta{
                        effects: empty_list(),
                        metadata: empty_list(),
                        required: true,
                        error: nil,
                        description: nil,
                        example: nil,
                        typespec: nil,
                        deprecated: nil
                      }
                    }} or
                   {:attempts or :seen,
                    %Zoi.Types.Default{
                      inner: %Zoi.Types.Array{
                        inner: %Zoi.Types.String{
                          min_length: nil,
                          max_length: nil,
                          length: nil,
                          coerce: false,
                          meta: %Zoi.Types.Meta{
                            effects: empty_list(),
                            metadata: empty_list(),
                            required: nil,
                            error: nil,
                            description: nil,
                            example: nil,
                            typespec: nil,
                            deprecated: nil
                          }
                        },
                        min_length: nil,
                        max_length: nil,
                        length: nil,
                        unique_items: nil,
                        coerce: false,
                        meta: %Zoi.Types.Meta{
                          effects: empty_list(),
                          metadata: empty_list(),
                          required: nil,
                          error: nil,
                          description: nil,
                          example: nil,
                          typespec: nil,
                          deprecated: nil
                        }
                      },
                      value: empty_list(),
                      meta: %Zoi.Types.Meta{
                        effects: empty_list(),
                        metadata: empty_list(),
                        required: true,
                        error: nil,
                        description: nil,
                        example: nil,
                        typespec: nil,
                        deprecated: nil
                      }
                    }} or
                   {:attempt_id or :job_id or :result,
                    %Zoi.Types.Default{
                      inner: %Zoi.Types.String{
                        min_length: nil,
                        max_length: nil,
                        length: nil,
                        coerce: false,
                        meta: %Zoi.Types.Meta{
                          effects: empty_list(),
                          metadata: empty_list(),
                          required: nil,
                          error: nil,
                          description: nil,
                          example: nil,
                          typespec: nil,
                          deprecated: nil
                        }
                      },
                      value: binary(),
                      meta: %Zoi.Types.Meta{
                        effects: empty_list(),
                        metadata: empty_list(),
                        required: true,
                        error: nil,
                        description: nil,
                        example: nil,
                        typespec: nil,
                        deprecated: nil
                      }
                    }}
               ),
             unrecognized_keys: :strip,
             coerce: false,
             empty_values: empty_list(),
             meta: %Zoi.Types.Meta{
               effects: empty_list(),
               metadata: empty_list(),
               required: nil,
               error: nil,
               description: nil,
               example: nil,
               typespec: nil,
               deprecated: nil
             }
           }
         })

     does not have all required keys:

         :max_state_size

     therefore this function will always return nil

     type warning found at:
     │
 170 │       def max_state_size, do: Map.get(__agent_config__(), :max_state_size)
     │       ~~~~~~~~~~~~~~~~~~~~~~~~~~~~~~~~~~~~~~~~~~~~~~~~~~~~~~~~~~~~~~~~~~~~
     │
     └─ lib/jido/agent.ex:170: Jido.Examples.PendingJobRecovery.max_state_size/0

     warning: incompatible types given to Map.get/2:

         Map.get(__agent_config__(), :max_state_size)

     the map:

         dynamic(%{
           description: nil,
           metadata: empty_map(),
           name: binary(),
           plugins: empty_list(),
           routes:
             non_empty_list(%Jido.Signal.Router.Route{
               match: nil,
               path: binary(),
               target:
                 Jido.Action.Generated.Inline.Adff5aa16fb6d0205a6657a4afa48da8925218dbd8a798047c344080403cc8462 or
                   Jido.Examples.ChildLifecycle.Start or Jido.Examples.KeepState,
               priority: integer()
             }),
           schema: %Zoi.Types.Map{
             key_type: nil,
             value_type: nil,
             fields:
               non_empty_list(
                 {:desired,
                  %Zoi.Types.Default{
                    inner: %Zoi.Types.Array{
                      inner: %Zoi.Types.String{
                        min_length: nil,
                        max_length: nil,
                        length: nil,
                        coerce: false,
                        meta: %Zoi.Types.Meta{
                          effects: empty_list(),
                          metadata: empty_list(),
                          required: nil,
                          error: nil,
                          description: nil,
                          example: nil,
                          typespec: nil,
                          deprecated: nil
                        }
                      },
                      min_length: nil,
                      max_length: nil,
                      length: nil,
                      unique_items: nil,
                      coerce: false,
                      meta: %Zoi.Types.Meta{
                        effects: empty_list(),
                        metadata: empty_list(),
                        required: nil,
                        error: nil,
                        description: nil,
                        example: nil,
                        typespec: nil,
                        deprecated: nil
                      }
                    },
                    value: empty_list(),
                    meta: %Zoi.Types.Meta{
                      effects: empty_list(),
                      metadata: empty_list(),
                      required: true,
                      error: nil,
                      description: nil,
                      example: nil,
                      typespec: nil,
                      deprecated: nil
                    }
                  }}
               ),
             unrecognized_keys: :strip,
             coerce: false,
             empty_values: empty_list(),
             meta: %Zoi.Types.Meta{
               effects: empty_list(),
               metadata: empty_list(),
               required: nil,
               error: nil,
               description: nil,
               example: nil,
               typespec: nil,
               deprecated: nil
             }
           }
         })

     does not have all required keys:

         :max_state_size

     therefore this function will always return nil

     type warning found at:
     │
 170 │       def max_state_size, do: Map.get(__agent_config__(), :max_state_size)
     │       ~~~~~~~~~~~~~~~~~~~~~~~~~~~~~~~~~~~~~~~~~~~~~~~~~~~~~~~~~~~~~~~~~~~~
     │
     └─ lib/jido/agent.ex:170: Jido.Examples.ChildLifecycle.max_state_size/0

     warning: incompatible types given to Map.get/2:

         Map.get(__agent_config__(), :max_state_size)

     the map:

         dynamic(%{
           description: nil,
           metadata: empty_map(),
           name: binary(),
           plugins: empty_list(),
           routes: empty_list(),
           schema: %Zoi.Types.Map{
             key_type: nil,
             value_type: nil,
             fields:
               non_empty_list(
                 {:payload,
                  %Zoi.Types.Default{
                    inner: %Zoi.Types.Map{
                      key_type: %Zoi.Types.Any{
                        meta: %Zoi.Types.Meta{
                          effects: empty_list(),
                          metadata: empty_list(),
                          required: nil,
                          error: nil,
                          description: nil,
                          example: nil,
                          typespec: nil,
                          deprecated: nil
                        }
                      },
                      value_type: %Zoi.Types.Any{
                        meta: %Zoi.Types.Meta{
                          effects: empty_list(),
                          metadata: empty_list(),
                          required: nil,
                          error: nil,
                          description: nil,
                          example: nil,
                          typespec: nil,
                          deprecated: nil
                        }
                      },
                      fields: nil,
                      unrecognized_keys: :strip,
                      coerce: false,
                      empty_values: empty_list(),
                      meta: %Zoi.Types.Meta{
                        effects: empty_list(),
                        metadata: empty_list(),
                        required: nil,
                        error: nil,
                        description: nil,
                        example: nil,
                        typespec: nil,
                        deprecated: nil
                      }
                    },
                    value: empty_map(),
                    meta: %Zoi.Types.Meta{
                      effects: empty_list(),
                      metadata: empty_list(),
                      required: true,
                      error: nil,
                      description: nil,
                      example: nil,
                      typespec: nil,
                      deprecated: nil
                    }
                  }}
               ),
             unrecognized_keys: :strip,
             coerce: false,
             empty_values: empty_list(),
             meta: %Zoi.Types.Meta{
               effects: empty_list(),
               metadata: empty_list(),
               required: nil,
               error: nil,
               description: nil,
               example: nil,
               typespec: nil,
               deprecated: nil
             }
           }
         })

     does not have all required keys:

         :max_state_size

     therefore this function will always return nil

     type warning found at:
     │
 170 │       def max_state_size, do: Map.get(__agent_config__(), :max_state_size)
     │       ~~~~~~~~~~~~~~~~~~~~~~~~~~~~~~~~~~~~~~~~~~~~~~~~~~~~~~~~~~~~~~~~~~~~
     │
     └─ lib/jido/agent.ex:170: Jido.Examples.CheckpointPortabilityProbe.max_state_size/0

     warning: incompatible types given to Map.get/2:

         Map.get(__agent_config__(), :max_state_size)

     the map:

         dynamic(%{
           description: nil,
           metadata: empty_map(),
           name: binary(),
           plugins: empty_list(),
           routes:
             non_empty_list(%Jido.Signal.Router.Route{
               match: nil,
               path: binary(),
               target: Jido.Examples.ModelResponse.Generate,
               priority: integer()
             }),
           schema: %Zoi.Types.Map{
             key_type: nil,
             value_type: nil,
             fields:
               non_empty_list(
                 {:answer,
                  %Zoi.Types.Default{
                    inner: %Zoi.Types.String{
                      min_length: nil,
                      max_length: nil,
                      length: nil,
                      coerce: false,
                      meta: %Zoi.Types.Meta{
                        effects: empty_list(),
                        metadata: empty_list(),
                        required: nil,
                        error: nil,
                        description: nil,
                        example: nil,
                        typespec: nil,
                        deprecated: nil
                      }
                    },
                    value: binary(),
                    meta: %Zoi.Types.Meta{
                      effects: empty_list(),
                      metadata: empty_list(),
                      required: true,
                      error: nil,
                      description: nil,
                      example: nil,
                      typespec: nil,
                      deprecated: nil
                    }
                  }}
               ),
             unrecognized_keys: :strip,
             coerce: false,
             empty_values: empty_list(),
             meta: %Zoi.Types.Meta{
               effects: empty_list(),
               metadata: empty_list(),
               required: nil,
               error: nil,
               description: nil,
               example: nil,
               typespec: nil,
               deprecated: nil
             }
           }
         })

     does not have all required keys:

         :max_state_size

     therefore this function will always return nil

     type warning found at:
     │
 170 │       def max_state_size, do: Map.get(__agent_config__(), :max_state_size)
     │       ~~~~~~~~~~~~~~~~~~~~~~~~~~~~~~~~~~~~~~~~~~~~~~~~~~~~~~~~~~~~~~~~~~~~
     │
     └─ lib/jido/agent.ex:170: Jido.Examples.ModelResponse.max_state_size/0

     warning: incompatible types given to Map.get/2:

         Map.get(__agent_config__(), :max_state_size)

     the map:

         dynamic(%{
           description: nil,
           metadata: empty_map(),
           name: binary(),
           plugins: empty_list(),
           routes:
             non_empty_list(%Jido.Signal.Router.Route{
               match: nil,
               path: binary(),
               target: Jido.Examples.ParallelJoin.Pipeline,
               priority: integer()
             }),
           schema: %Zoi.Types.Map{
             key_type: nil,
             value_type: nil,
             fields:
               non_empty_list(
                 {:result,
                  %Zoi.Types.Default{
                    inner: %Zoi.Types.Map{
                      key_type: %Zoi.Types.Any{
                        meta: %Zoi.Types.Meta{
                          effects: empty_list(),
                          metadata: empty_list(),
                          required: nil,
                          error: nil,
                          description: nil,
                          example: nil,
                          typespec: nil,
                          deprecated: nil
                        }
                      },
                      value_type: %Zoi.Types.Any{
                        meta: %Zoi.Types.Meta{
                          effects: empty_list(),
                          metadata: empty_list(),
                          required: nil,
                          error: nil,
                          description: nil,
                          example: nil,
                          typespec: nil,
                          deprecated: nil
                        }
                      },
                      fields: nil,
                      unrecognized_keys: :strip,
                      coerce: false,
                      empty_values: empty_list(),
                      meta: %Zoi.Types.Meta{
                        effects: empty_list(),
                        metadata: empty_list(),
                        required: nil,
                        error: nil,
                        description: nil,
                        example: nil,
                        typespec: nil,
                        deprecated: nil
                      }
                    },
                    value: empty_map(),
                    meta: %Zoi.Types.Meta{
                      effects: empty_list(),
                      metadata: empty_list(),
                      required: true,
                      error: nil,
                      description: nil,
                      example: nil,
                      typespec: nil,
                      deprecated: nil
                    }
                  }}
               ),
             unrecognized_keys: :strip,
             coerce: false,
             empty_values: empty_list(),
             meta: %Zoi.Types.Meta{
               effects: empty_list(),
               metadata: empty_list(),
               required: nil,
               error: nil,
               description: nil,
               example: nil,
               typespec: nil,
               deprecated: nil
             }
           }
         })

     does not have all required keys:

         :max_state_size

     therefore this function will always return nil

     type warning found at:
     │
 170 │       def max_state_size, do: Map.get(__agent_config__(), :max_state_size)
     │       ~~~~~~~~~~~~~~~~~~~~~~~~~~~~~~~~~~~~~~~~~~~~~~~~~~~~~~~~~~~~~~~~~~~~
     │
     └─ lib/jido/agent.ex:170: Jido.Examples.ParallelJoin.max_state_size/0

     warning: incompatible types given to Map.get/2:

         Map.get(__agent_config__(), :max_state_size)

     the map:

         dynamic(%{
           description: nil,
           metadata: empty_map(),
           name: binary(),
           plugins: empty_list(),
           routes:
             non_empty_list(%Jido.Signal.Router.Route{
               match: nil,
               path: binary(),
               target: Jido.Examples.BoundedIteration.Pipeline,
               priority: integer()
             }),
           schema: %Zoi.Types.Map{
             key_type: nil,
             value_type: nil,
             fields:
               non_empty_list(
                 {:result,
                  %Zoi.Types.Default{
                    inner: %Zoi.Types.Map{
                      key_type: %Zoi.Types.Any{
                        meta: %Zoi.Types.Meta{
                          effects: empty_list(),
                          metadata: empty_list(),
                          required: nil,
                          error: nil,
                          description: nil,
                          example: nil,
                          typespec: nil,
                          deprecated: nil
                        }
                      },
                      value_type: %Zoi.Types.Any{
                        meta: %Zoi.Types.Meta{
                          effects: empty_list(),
                          metadata: empty_list(),
                          required: nil,
                          error: nil,
                          description: nil,
                          example: nil,
                          typespec: nil,
                          deprecated: nil
                        }
                      },
                      fields: nil,
                      unrecognized_keys: :strip,
                      coerce: false,
                      empty_values: empty_list(),
                      meta: %Zoi.Types.Meta{
                        effects: empty_list(),
                        metadata: empty_list(),
                        required: nil,
                        error: nil,
                        description: nil,
                        example: nil,
                        typespec: nil,
                        deprecated: nil
                      }
                    },
                    value: empty_map(),
                    meta: %Zoi.Types.Meta{
                      effects: empty_list(),
                      metadata: empty_list(),
                      required: true,
                      error: nil,
                      description: nil,
                      example: nil,
                      typespec: nil,
                      deprecated: nil
                    }
                  }}
               ),
             unrecognized_keys: :strip,
             coerce: false,
             empty_values: empty_list(),
             meta: %Zoi.Types.Meta{
               effects: empty_list(),
               metadata: empty_list(),
               required: nil,
               error: nil,
               description: nil,
               example: nil,
               typespec: nil,
               deprecated: nil
             }
           }
         })

     does not have all required keys:

         :max_state_size

     therefore this function will always return nil

     type warning found at:
     │
 170 │       def max_state_size, do: Map.get(__agent_config__(), :max_state_size)
     │       ~~~~~~~~~~~~~~~~~~~~~~~~~~~~~~~~~~~~~~~~~~~~~~~~~~~~~~~~~~~~~~~~~~~~
     │
     └─ lib/jido/agent.ex:170: Jido.Examples.BoundedIteration.max_state_size/0

     warning: incompatible types given to Map.get/2:

         Map.get(__agent_config__(), :max_state_size)

     the map:

         dynamic(%{
           description: nil,
           metadata: empty_map(),
           name: binary(),
           plugins: empty_list(),
           routes:
             non_empty_list(%Jido.Signal.Router.Route{
               match: nil,
               path: binary(),
               target: Jido.Examples.ParallelTools.Pipeline,
               priority: integer()
             }),
           schema: %Zoi.Types.Map{
             key_type: nil,
             value_type: nil,
             fields:
               non_empty_list(
                 {:answer,
                  %Zoi.Types.Default{
                    inner: %Zoi.Types.String{
                      min_length: nil,
                      max_length: nil,
                      length: nil,
                      coerce: false,
                      meta: %Zoi.Types.Meta{
                        effects: empty_list(),
                        metadata: empty_list(),
                        required: nil,
                        error: nil,
                        description: nil,
                        example: nil,
                        typespec: nil,
                        deprecated: nil
                      }
                    },
                    value: binary(),
                    meta: %Zoi.Types.Meta{
                      effects: empty_list(),
                      metadata: empty_list(),
                      required: true,
                      error: nil,
                      description: nil,
                      example: nil,
                      typespec: nil,
                      deprecated: nil
                    }
                  }} or
                   {:tool_results,
                    %Zoi.Types.Default{
                      inner: %Zoi.Types.Array{
                        inner: %Zoi.Types.Map{
                          key_type: %Zoi.Types.Any{
                            meta: %Zoi.Types.Meta{
                              effects: empty_list(),
                              metadata: empty_list(),
                              required: nil,
                              error: nil,
                              description: nil,
                              example: nil,
                              typespec: nil,
                              deprecated: nil
                            }
                          },
                          value_type: %Zoi.Types.Any{
                            meta: %Zoi.Types.Meta{
                              effects: empty_list(),
                              metadata: empty_list(),
                              required: nil,
                              error: nil,
                              description: nil,
                              example: nil,
                              typespec: nil,
                              deprecated: nil
                            }
                          },
                          fields: nil,
                          unrecognized_keys: :strip,
                          coerce: false,
                          empty_values: empty_list(),
                          meta: %Zoi.Types.Meta{
                            effects: empty_list(),
                            metadata: empty_list(),
                            required: nil,
                            error: nil,
                            description: nil,
                            example: nil,
                            typespec: nil,
                            deprecated: nil
                          }
                        },
                        min_length: nil,
                        max_length: nil,
                        length: nil,
                        unique_items: nil,
                        coerce: false,
                        meta: %Zoi.Types.Meta{
                          effects: empty_list(),
                          metadata: empty_list(),
                          required: nil,
                          error: nil,
                          description: nil,
                          example: nil,
                          typespec: nil,
                          deprecated: nil
                        }
                      },
                      value: empty_list(),
                      meta: %Zoi.Types.Meta{
                        effects: empty_list(),
                        metadata: empty_list(),
                        required: true,
                        error: nil,
                        description: nil,
                        example: nil,
                        typespec: nil,
                        deprecated: nil
                      }
                    }}
               ),
             unrecognized_keys: :strip,
             coerce: false,
             empty_values: empty_list(),
             meta: %Zoi.Types.Meta{
               effects: empty_list(),
               metadata: empty_list(),
               required: nil,
               error: nil,
               description: nil,
               example: nil,
               typespec: nil,
               deprecated: nil
             }
           }
         })

     does not have all required keys:

         :max_state_size

     therefore this function will always return nil

     type warning found at:
     │
 170 │       def max_state_size, do: Map.get(__agent_config__(), :max_state_size)
     │       ~~~~~~~~~~~~~~~~~~~~~~~~~~~~~~~~~~~~~~~~~~~~~~~~~~~~~~~~~~~~~~~~~~~~
     │
     └─ lib/jido/agent.ex:170: Jido.Examples.ParallelTools.max_state_size/0

     warning: incompatible types given to Map.get/2:

         Map.get(__agent_config__(), :max_state_size)

     the map:

         dynamic(%{
           description: nil,
           metadata: empty_map(),
           name: binary(),
           plugins: empty_list(),
           routes:
             non_empty_list(%Jido.Signal.Router.Route{
               match: nil,
               path: binary(),
               target: Jido.Examples.SequentialFlow.Pipeline,
               priority: integer()
             }),
           schema: %Zoi.Types.Map{
             key_type: nil,
             value_type: nil,
             fields:
               non_empty_list(
                 {:label,
                  %Zoi.Types.Default{
                    inner: %Zoi.Types.String{
                      min_length: nil,
                      max_length: nil,
                      length: nil,
                      coerce: false,
                      meta: %Zoi.Types.Meta{
                        effects: empty_list(),
                        metadata: empty_list(),
                        required: nil,
                        error: nil,
                        description: nil,
                        example: nil,
                        typespec: nil,
                        deprecated: nil
                      }
                    },
                    value: binary(),
                    meta: %Zoi.Types.Meta{
                      effects: empty_list(),
                      metadata: empty_list(),
                      required: true,
                      error: nil,
                      description: nil,
                      example: nil,
                      typespec: nil,
                      deprecated: nil
                    }
                  }} or
                   {:value,
                    %Zoi.Types.Default{
                      inner: %Zoi.Types.Integer{
                        gte: {integer(), empty_list()},
                        lte: {integer(), empty_list()},
                        gt: nil,
                        lt: nil,
                        multiple_of: nil,
                        coerce: false,
                        meta: %Zoi.Types.Meta{
                          effects: empty_list(),
                          metadata: empty_list(),
                          required: nil,
                          error: nil,
                          description: nil,
                          example: nil,
                          typespec: nil,
                          deprecated: nil
                        }
                      },
                      value: integer(),
                      meta: %Zoi.Types.Meta{
                        effects: empty_list(),
                        metadata: empty_list(),
                        required: true,
                        error: nil,
                        description: nil,
                        example: nil,
                        typespec: nil,
                        deprecated: nil
                      }
                    }}
               ),
             unrecognized_keys: :strip,
             coerce: false,
             empty_values: empty_list(),
             meta: %Zoi.Types.Meta{
               effects: empty_list(),
               metadata: empty_list(),
               required: nil,
               error: nil,
               description: nil,
               example: nil,
               typespec: nil,
               deprecated: nil
             }
           }
         })

     does not have all required keys:

         :max_state_size

     therefore this function will always return nil

     type warning found at:
     │
 170 │       def max_state_size, do: Map.get(__agent_config__(), :max_state_size)
     │       ~~~~~~~~~~~~~~~~~~~~~~~~~~~~~~~~~~~~~~~~~~~~~~~~~~~~~~~~~~~~~~~~~~~~
     │
     └─ lib/jido/agent.ex:170: Jido.Examples.SequentialFlow.max_state_size/0

     warning: incompatible types given to Map.get/2:

         Map.get(__agent_config__(), :max_state_size)

     the map:

         dynamic(%{
           description: nil,
           metadata: empty_map(),
           name: binary(),
           plugins:
             non_empty_list(
               {Jido.Plugin.Scheduler,
                non_empty_list({:time_scale, JidoTest.ScheduledOccurrenceFixtures.Clock})}
             ),
           routes:
             non_empty_list(%Jido.Signal.Router.Route{
               match: nil,
               path: binary(),
               target:
                 Jido.Examples.ScheduledOccurrenceRecovery.Arm or
                   Jido.Examples.ScheduledOccurrenceRecovery.Cancel or
                   Jido.Examples.ScheduledOccurrenceRecovery.Capture or Jido.Plugin.Scheduler.Enqueue,
               priority: integer()
             }),
           schema: %Zoi.Types.Map{
             key_type: nil,
             value_type: nil,
             fields:
               non_empty_list(
                 {:generation,
                  %Zoi.Types.Default{
                    inner: %Zoi.Types.Integer{
                      gte: nil,
                      lte: nil,
                      gt: nil,
                      lt: nil,
                      multiple_of: nil,
                      coerce: false,
                      meta: %Zoi.Types.Meta{
                        effects: empty_list(),
                        metadata: empty_list(),
                        required: nil,
                        error: nil,
                        description: nil,
                        example: nil,
                        typespec: nil,
                        deprecated: nil
                      }
                    },
                    value: integer(),
                    meta: %Zoi.Types.Meta{
                      effects: empty_list(),
                      metadata: empty_list(),
                      required: true,
                      error: nil,
                      description: nil,
                      example: nil,
                      typespec: nil,
                      deprecated: nil
                    }
                  }} or
                   {:ticks,
                    %Zoi.Types.Default{
                      inner: %Zoi.Types.Array{
                        inner: %Zoi.Types.Map{
                          key_type: %Zoi.Types.Any{
                            meta: %Zoi.Types.Meta{
                              effects: empty_list(),
                              metadata: empty_list(),
                              required: nil,
                              error: nil,
                              description: nil,
                              example: nil,
                              typespec: nil,
                              deprecated: nil
                            }
                          },
                          value_type: %Zoi.Types.Any{
                            meta: %Zoi.Types.Meta{
                              effects: empty_list(),
                              metadata: empty_list(),
                              required: nil,
                              error: nil,
                              description: nil,
                              example: nil,
                              typespec: nil,
                              deprecated: nil
                            }
                          },
                          fields: nil,
                          unrecognized_keys: :strip,
                          coerce: false,
                          empty_values: empty_list(),
                          meta: %Zoi.Types.Meta{
                            effects: empty_list(),
                            metadata: empty_list(),
                            required: nil,
                            error: nil,
                            description: nil,
                            example: nil,
                            typespec: nil,
                            deprecated: nil
                          }
                        },
                        min_length: nil,
                        max_length: nil,
                        length: nil,
                        unique_items: nil,
                        coerce: false,
                        meta: %Zoi.Types.Meta{
                          effects: empty_list(),
                          metadata: empty_list(),
                          required: nil,
                          error: nil,
                          description: nil,
                          example: nil,
                          typespec: nil,
                          deprecated: nil
                        }
                      },
                      value: empty_list(),
                      meta: %Zoi.Types.Meta{
                        effects: empty_list(),
                        metadata: empty_list(),
                        required: true,
                        error: nil,
                        description: nil,
                        example: nil,
                        typespec: nil,
                        deprecated: nil
                      }
                    }}
               ),
             unrecognized_keys: :strip,
             coerce: false,
             empty_values: empty_list(),
             meta: %Zoi.Types.Meta{
               effects: empty_list(),
               metadata: empty_list(),
               required: nil,
               error: nil,
               description: nil,
               example: nil,
               typespec: nil,
               deprecated: nil
             }
           }
         })

     does not have all required keys:

         :max_state_size

     therefore this function will always return nil

     type warning found at:
     │
 170 │       def max_state_size, do: Map.get(__agent_config__(), :max_state_size)
     │       ~~~~~~~~~~~~~~~~~~~~~~~~~~~~~~~~~~~~~~~~~~~~~~~~~~~~~~~~~~~~~~~~~~~~
     │
     └─ lib/jido/agent.ex:170: JidoTest.ScheduledOccurrenceFixtures.DurableAgent.max_state_size/0

     warning: incompatible types given to Map.get/2:

         Map.get(__agent_config__(), :max_state_size)

     the map:

         dynamic(%{
           description: nil,
           metadata: empty_map(),
           name: binary(),
           plugins:
             non_empty_list(
               {Jido.Plugin.Scheduler,
                non_empty_list({:time_scale, JidoTest.ScheduledOccurrenceFixtures.Clock})}
             ),
           routes:
             non_empty_list(%Jido.Signal.Router.Route{
               match: nil,
               path: binary(),
               target:
                 Jido.Examples.ScheduledOccurrenceProbe.Arm or
                   Jido.Examples.ScheduledOccurrenceProbe.Capture,
               priority: integer()
             }),
           schema: %Zoi.Types.Map{
             key_type: nil,
             value_type: nil,
             fields:
               non_empty_list(
                 {:generation,
                  %Zoi.Types.Default{
                    inner: %Zoi.Types.Integer{
                      gte: nil,
                      lte: nil,
                      gt: nil,
                      lt: nil,
                      multiple_of: nil,
                      coerce: false,
                      meta: %Zoi.Types.Meta{
                        effects: empty_list(),
                        metadata: empty_list(),
                        required: nil,
                        error: nil,
                        description: nil,
                        example: nil,
                        typespec: nil,
                        deprecated: nil
                      }
                    },
                    value: integer(),
                    meta: %Zoi.Types.Meta{
                      effects: empty_list(),
                      metadata: empty_list(),
                      required: true,
                      error: nil,
                      description: nil,
                      example: nil,
                      typespec: nil,
                      deprecated: nil
                    }
                  }} or
                   {:ticks,
                    %Zoi.Types.Default{
                      inner: %Zoi.Types.Array{
                        inner: %Zoi.Types.Map{
                          key_type: %Zoi.Types.Any{
                            meta: %Zoi.Types.Meta{
                              effects: empty_list(),
                              metadata: empty_list(),
                              required: nil,
                              error: nil,
                              description: nil,
                              example: nil,
                              typespec: nil,
                              deprecated: nil
                            }
                          },
                          value_type: %Zoi.Types.Any{
                            meta: %Zoi.Types.Meta{
                              effects: empty_list(),
                              metadata: empty_list(),
                              required: nil,
                              error: nil,
                              description: nil,
                              example: nil,
                              typespec: nil,
                              deprecated: nil
                            }
                          },
                          fields: nil,
                          unrecognized_keys: :strip,
                          coerce: false,
                          empty_values: empty_list(),
                          meta: %Zoi.Types.Meta{
                            effects: empty_list(),
                            metadata: empty_list(),
                            required: nil,
                            error: nil,
                            description: nil,
                            example: nil,
                            typespec: nil,
                            deprecated: nil
                          }
                        },
                        min_length: nil,
                        max_length: nil,
                        length: nil,
                        unique_items: nil,
                        coerce: false,
                        meta: %Zoi.Types.Meta{
                          effects: empty_list(),
                          metadata: empty_list(),
                          required: nil,
                          error: nil,
                          description: nil,
                          example: nil,
                          typespec: nil,
                          deprecated: nil
                        }
                      },
                      value: empty_list(),
                      meta: %Zoi.Types.Meta{
                        effects: empty_list(),
                        metadata: empty_list(),
                        required: true,
                        error: nil,
                        description: nil,
                        example: nil,
                        typespec: nil,
                        deprecated: nil
                      }
                    }}
               ),
             unrecognized_keys: :strip,
             coerce: false,
             empty_values: empty_list(),
             meta: %Zoi.Types.Meta{
               effects: empty_list(),
               metadata: empty_list(),
               required: nil,
               error: nil,
               description: nil,
               example: nil,
               typespec: nil,
               deprecated: nil
             }
           }
         })

     does not have all required keys:

         :max_state_size

     therefore this function will always return nil

     type warning found at:
     │
 170 │       def max_state_size, do: Map.get(__agent_config__(), :max_state_size)
     │       ~~~~~~~~~~~~~~~~~~~~~~~~~~~~~~~~~~~~~~~~~~~~~~~~~~~~~~~~~~~~~~~~~~~~
     │
     └─ lib/jido/agent.ex:170: JidoTest.ScheduledOccurrenceFixtures.TimedAgent.max_state_size/0

     warning: incompatible types given to Map.get/2:

         Map.get(__agent_config__(), :max_state_size)

     the map:

         dynamic(%{
           description: nil,
           metadata: empty_map(),
           name: binary(),
           plugins: empty_list(),
           routes:
             non_empty_list(%Jido.Signal.Router.Route{
               match: nil,
               path: binary(),
               target:
                 Jido.Action.Generated.Inline.A9e992af41b316dde135863dab1b399decb1f6e5d41ee03b90b800b14c8740afe or
                   Jido.Examples.KeepState or Jido.Examples.RemoteLifecycle.RequestWorker,
               priority: integer()
             }),
           schema: %Zoi.Types.Map{
             key_type: nil,
             value_type: nil,
             fields:
               non_empty_list(
                 {:observations,
                  %Zoi.Types.Default{
                    inner: %Zoi.Types.Array{
                      inner: %Zoi.Types.Map{
                        key_type: %Zoi.Types.Any{
                          meta: %Zoi.Types.Meta{
                            effects: empty_list(),
                            metadata: empty_list(),
                            required: nil,
                            error: nil,
                            description: nil,
                            example: nil,
                            typespec: nil,
                            deprecated: nil
                          }
                        },
                        value_type: %Zoi.Types.Any{
                          meta: %Zoi.Types.Meta{
                            effects: empty_list(),
                            metadata: empty_list(),
                            required: nil,
                            error: nil,
                            description: nil,
                            example: nil,
                            typespec: nil,
                            deprecated: nil
                          }
                        },
                        fields: nil,
                        unrecognized_keys: :strip,
                        coerce: false,
                        empty_values: empty_list(),
                        meta: %Zoi.Types.Meta{
                          effects: empty_list(),
                          metadata: empty_list(),
                          required: nil,
                          error: nil,
                          description: nil,
                          example: nil,
                          typespec: nil,
                          deprecated: nil
                        }
                      },
                      min_length: nil,
                      max_length: nil,
                      length: nil,
                      unique_items: nil,
                      coerce: false,
                      meta: %Zoi.Types.Meta{
                        effects: empty_list(),
                        metadata: empty_list(),
                        required: nil,
                        error: nil,
                        description: nil,
                        example: nil,
                        typespec: nil,
                        deprecated: nil
                      }
                    },
                    value: empty_list(),
                    meta: %Zoi.Types.Meta{
                      effects: empty_list(),
                      metadata: empty_list(),
                      required: true,
                      error: nil,
                      description: nil,
                      example: nil,
                      typespec: nil,
                      deprecated: nil
                    }
                  }}
               ),
             unrecognized_keys: :strip,
             coerce: false,
             empty_values: empty_list(),
             meta: %Zoi.Types.Meta{
               effects: empty_list(),
               metadata: empty_list(),
               required: nil,
               error: nil,
               description: nil,
               example: nil,
               typespec: nil,
               deprecated: nil
             }
           }
         })

     does not have all required keys:

         :max_state_size

     therefore this function will always return nil

     type warning found at:
     │
 170 │       def max_state_size, do: Map.get(__agent_config__(), :max_state_size)
     │       ~~~~~~~~~~~~~~~~~~~~~~~~~~~~~~~~~~~~~~~~~~~~~~~~~~~~~~~~~~~~~~~~~~~~
     │
     └─ lib/jido/agent.ex:170: Jido.Examples.RemoteLifecycle.max_state_size/0

     warning: incompatible types given to Map.get/2:

         Map.get(__agent_config__(), :max_state_size)

     the map:

         dynamic(%{
           description: nil,
           metadata: empty_map(),
           name: binary(),
           plugins: non_empty_list({Jido.Examples.TurnObservation.Output, empty_list()}),
           routes:
             non_empty_list(%Jido.Signal.Router.Route{
               match: nil,
               path: binary(),
               target:
                 Jido.Action.Generated.Inline.A267dcc1bf94520039e89adbb25b2f056954926266df7e178670b210fcee12d05 or
                   Jido.Action.Generated.Inline.A44f1ff457f942483d9630ffe7ac970edc24bdeff56d90bc94c4793981dae1916 or
                   Jido.Action.Generated.Inline.A6c618629521f7c668c31d48d345c25b33955900a721730a5e4b05e8571cf1a55 or
                   Jido.Action.Generated.Inline.Abed8e96ed89b780fe680e2e534f04c0d5219344672f3317eac74aa51c2900c10 or
                   Jido.Action.Generated.Inline.Afd56ed66c328f7d1be9fa5ab8fffb718b86649c974950164cd2bf88d01853a11,
               priority: integer()
             }),
           schema: %Zoi.Types.Map{
             key_type: nil,
             value_type: nil,
             fields:
               non_empty_list(
                 {:secret,
                  %Zoi.Types.Default{
                    inner: %Zoi.Types.String{
                      min_length: nil,
                      max_length: nil,
                      length: nil,
                      coerce: false,
                      meta: %Zoi.Types.Meta{
                        effects: empty_list(),
                        metadata: empty_list(),
                        required: nil,
                        error: nil,
                        description: nil,
                        example: nil,
                        typespec: nil,
                        deprecated: nil
                      }
                    },
                    value: binary(),
                    meta: %Zoi.Types.Meta{
                      effects: empty_list(),
                      metadata: empty_list(),
                      required: true,
                      error: nil,
                      description: nil,
                      example: nil,
                      typespec: nil,
                      deprecated: nil
                    }
                  }} or
                   {:value,
                    %Zoi.Types.Default{
                      inner: %Zoi.Types.Integer{
                        gte: nil,
                        lte: nil,
                        gt: nil,
                        lt: nil,
                        multiple_of: nil,
                        coerce: false,
                        meta: %Zoi.Types.Meta{
                          effects: empty_list(),
                          metadata: empty_list(),
                          required: nil,
                          error: nil,
                          description: nil,
                          example: nil,
                          typespec: nil,
                          deprecated: nil
                        }
                      },
                      value: integer(),
                      meta: %Zoi.Types.Meta{
                        effects: empty_list(),
                        metadata: empty_list(),
                        required: true,
                        error: nil,
                        description: nil,
                        example: nil,
                        typespec: nil,
                        deprecated: nil
                      }
                    }}
               ),
             unrecognized_keys: :strip,
             coerce: false,
             empty_values: empty_list(),
             meta: %Zoi.Types.Meta{
               effects: empty_list(),
               metadata: empty_list(),
               required: nil,
               error: nil,
               description: nil,
               example: nil,
               typespec: nil,
               deprecated: nil
             }
           }
         })

     does not have all required keys:

         :max_state_size

     therefore this function will always return nil

     type warning found at:
     │
 170 │       def max_state_size, do: Map.get(__agent_config__(), :max_state_size)
     │       ~~~~~~~~~~~~~~~~~~~~~~~~~~~~~~~~~~~~~~~~~~~~~~~~~~~~~~~~~~~~~~~~~~~~
     │
     └─ lib/jido/agent.ex:170: Jido.Examples.TurnObservation.max_state_size/0

     warning: incompatible types given to Map.get/2:

         Map.get(__agent_config__(), :max_state_size)

     the map:

         dynamic(%{
           description: nil,
           metadata: empty_map(),
           name: binary(),
           plugins: non_empty_list({Jido.Examples.DirectiveAgent.Effects, empty_list()}),
           routes:
             non_empty_list(%Jido.Signal.Router.Route{
               match: nil,
               path: binary(),
               target:
                 Jido.Examples.TypedCommandAgent.Patch or Jido.Examples.TypedCommandAgent.SetCount or
                   {Jido.Examples.TypedCommandAgent.Patch, %{patch: %{name: binary(), push: true}}},
               priority: integer()
             }),
           schema: %Zoi.Types.Map{
             key_type: nil,
             value_type: nil,
             fields:
               non_empty_list(
                 {:profile,
                  %Zoi.Types.Default{
                    inner: %Zoi.Types.Map{
                      key_type: nil,
                      value_type: nil,
                      fields:
                        non_empty_list(
                          {:name,
                           %Zoi.Types.String{
                             min_length: nil,
                             max_length: nil,
                             length: nil,
                             coerce: false,
                             meta: %Zoi.Types.Meta{
                               effects: empty_list(),
                               metadata: empty_list(),
                               required: true,
                               error: nil,
                               description: nil,
                               example: nil,
                               typespec: nil,
                               deprecated: nil
                             }
                           }} or
                            {:email or :push,
                             %Zoi.Types.Boolean{
                               coerce: false,
                               meta: %Zoi.Types.Meta{
                                 effects: empty_list(),
                                 metadata: empty_list(),
                                 required: true,
                                 error: nil,
                                 description: nil,
                                 example: nil,
                                 typespec: nil,
                                 deprecated: nil
                               }
                             }}
                        ),
                      unrecognized_keys: :strip,
                      coerce: false,
                      empty_values: empty_list(),
                      meta: %Zoi.Types.Meta{
                        effects: empty_list(),
                        metadata: empty_list(),
                        required: nil,
                        error: nil,
                        description: nil,
                        example: nil,
                        typespec: nil,
                        deprecated: nil
                      }
                    },
                    value: %{email: true, name: binary(), push: false},
                    meta: %Zoi.Types.Meta{
                      effects: empty_list(),
                      metadata: empty_list(),
                      required: true,
                      error: nil,
                      description: nil,
                      example: nil,
                      typespec: nil,
                      deprecated: nil
                    }
                  }} or
                   {:count or :maximum or :minimum,
                    %Zoi.Types.Default{
                      inner: %Zoi.Types.Integer{
                        gte: nil,
                        lte: nil,
                        gt: nil,
                        lt: nil,
                        multiple_of: nil,
                        coerce: false,
                        meta: %Zoi.Types.Meta{
                          effects: empty_list(),
                          metadata: empty_list(),
                          required: nil,
                          error: nil,
                          description: nil,
                          example: nil,
                          typespec: nil,
                          deprecated: nil
                        }
                      },
                      value: integer(),
                      meta: %Zoi.Types.Meta{
                        effects: empty_list(),
                        metadata: empty_list(),
                        required: true,
                        error: nil,
                        description: nil,
                        example: nil,
                        typespec: nil,
                        deprecated: nil
                      }
                    }}
               ),
             unrecognized_keys: :strip,
             coerce: false,
             empty_values: empty_list(),
             meta: %Zoi.Types.Meta{
               effects:
                 non_empty_list(
                   {:refine, {Jido.Examples.TypedCommandAgent.Contract, :within_bounds, empty_list()}}
                 ),
               metadata: empty_list(),
               required: nil,
               error: nil,
               description: nil,
               example: nil,
               typespec: nil,
               deprecated: nil
             }
           }
         })

     does not have all required keys:

         :max_state_size

     therefore this function will always return nil

     type warning found at:
     │
 170 │       def max_state_size, do: Map.get(__agent_config__(), :max_state_size)
     │       ~~~~~~~~~~~~~~~~~~~~~~~~~~~~~~~~~~~~~~~~~~~~~~~~~~~~~~~~~~~~~~~~~~~~
     │
     └─ lib/jido/agent.ex:170: Jido.Examples.TypedCommandAgent.max_state_size/0

     warning: incompatible types given to Map.get/2:

         Map.get(__agent_config__(), :max_state_size)

     the map:

         dynamic(%{
           description: binary(),
           metadata: empty_map(),
           name: binary(),
           plugins: empty_list(),
           routes: non_empty_list({binary(), JidoTest.AgentFixtures.Add}),
           schema: %Zoi.Types.Map{
             key_type: nil,
             value_type: nil,
             fields:
               non_empty_list(
                 {:count,
                  %Zoi.Types.Default{
                    inner: %Zoi.Types.Integer{
                      gte: nil,
                      lte: nil,
                      gt: nil,
                      lt: nil,
                      multiple_of: nil,
                      coerce: false,
                      meta: %Zoi.Types.Meta{
                        effects: empty_list(),
                        metadata: empty_list(),
                        required: nil,
                        error: nil,
                        description: nil,
                        example: nil,
                        typespec: nil,
                        deprecated: nil
                      }
                    },
                    value: integer(),
                    meta: %Zoi.Types.Meta{
                      effects: empty_list(),
                      metadata: empty_list(),
                      required: true,
                      error: nil,
                      description: nil,
                      example: nil,
                      typespec: nil,
                      deprecated: nil
                    }
                  }} or
                   {:history,
                    %Zoi.Types.Default{
                      inner: %Zoi.Types.Array{
                        inner: %Zoi.Types.String{
                          min_length: nil,
                          max_length: nil,
                          length: nil,
                          coerce: false,
                          meta: %Zoi.Types.Meta{
                            effects: empty_list(),
                            metadata: empty_list(),
                            required: nil,
                            error: nil,
                            description: nil,
                            example: nil,
                            typespec: nil,
                            deprecated: nil
                          }
                        },
                        min_length: nil,
                        max_length: nil,
                        length: nil,
                        unique_items: nil,
                        coerce: false,
                        meta: %Zoi.Types.Meta{
                          effects: empty_list(),
                          metadata: empty_list(),
                          required: nil,
                          error: nil,
                          description: nil,
                          example: nil,
                          typespec: nil,
                          deprecated: nil
                        }
                      },
                      value: empty_list(),
                      meta: %Zoi.Types.Meta{
                        effects: empty_list(),
                        metadata: empty_list(),
                        required: true,
                        error: nil,
                        description: nil,
                        example: nil,
                        typespec: nil,
                        deprecated: nil
                      }
                    }}
               ),
             unrecognized_keys: :strip,
             coerce: false,
             empty_values: empty_list(),
             meta: %Zoi.Types.Meta{
               effects: empty_list(),
               metadata: empty_list(),
               required: nil,
               error: nil,
               description: nil,
               example: nil,
               typespec: nil,
               deprecated: nil
             }
           }
         })

     does not have all required keys:

         :max_state_size

     therefore this function will always return nil

     type warning found at:
     │
 170 │       def max_state_size, do: Map.get(__agent_config__(), :max_state_size)
     │       ~~~~~~~~~~~~~~~~~~~~~~~~~~~~~~~~~~~~~~~~~~~~~~~~~~~~~~~~~~~~~~~~~~~~
     │
     └─ lib/jido/agent.ex:170: JidoTest.AgentFixtures.CounterAgent.max_state_size/0

     warning: incompatible types given to Map.get/2:

         Map.get(__agent_config__(), :max_state_size)

     the map:

         dynamic(%{
           description: nil,
           metadata: empty_map(),
           name: binary(),
           plugins: empty_list(),
           routes:
             non_empty_list(%Jido.Signal.Router.Route{
               match: nil,
               path: binary(),
               target: Jido.Examples.RecursiveLanguageModel.Run,
               priority: integer()
             }),
           schema: %Zoi.Types.Map{
             key_type: nil,
             value_type: nil,
             fields:
               non_empty_list(
                 {:call_tree,
                  %Zoi.Types.Default{
                    inner: %Zoi.Types.Array{
                      inner: %Zoi.Types.Map{
                        key_type: nil,
                        value_type: nil,
                        fields:
                          non_empty_list(
                            {:counts,
                             %Zoi.Types.Map{
                               key_type: %Zoi.Types.String{
                                 min_length: {integer(), empty_list()},
                                 max_length: nil,
                                 length: nil,
                                 coerce: false,
                                 meta: %Zoi.Types.Meta{
                                   effects: empty_list(),
                                   metadata: empty_list(),
                                   required: nil,
                                   error: nil,
                                   description: nil,
                                   example: nil,
                                   typespec: nil,
                                   deprecated: nil
                                 }
                               },
                               value_type: %Zoi.Types.Integer{
                                 gte: {integer(), empty_list()},
                                 lte: nil,
                                 gt: nil,
                                 lt: nil,
                                 multiple_of: nil,
                                 coerce: false,
                                 meta: %Zoi.Types.Meta{
                                   effects: empty_list(),
                                   metadata: empty_list(),
                                   required: nil,
                                   error: nil,
                                   description: nil,
                                   example: nil,
                                   typespec: nil,
                                   deprecated: nil
                                 }
                               },
                               fields: nil,
                               unrecognized_keys: :strip,
                               coerce: false,
                               empty_values: empty_list(),
                               meta: %Zoi.Types.Meta{
                                 effects: empty_list(),
                                 metadata: empty_list(),
                                 required: true,
                                 error: nil,
                                 description: nil,
                                 example: nil,
                                 typespec: nil,
                                 deprecated: nil
                               }
                             }} or
                              {:range,
                               %Zoi.Types.Map{
                                 key_type: nil,
                                 value_type: nil,
                                 fields:
                                   non_empty_list(
                                     {:length or :offset,
                                      %Zoi.Types.Integer{
                                        gte: {integer(), empty_list()},
                                        lte: nil,
                                        gt: nil,
                                        lt: nil,
                                        multiple_of: nil,
                                        coerce: false,
                                        meta: %Zoi.Types.Meta{
                                          effects: empty_list(),
                                          metadata: empty_list(),
                                          required: true,
                                          error: nil,
                                          description: nil,
                                          example: nil,
                                          typespec: nil,
                                          deprecated: nil
                                        }
                                      }}
                                   ),
                                 unrecognized_keys: :error,
                                 coerce: false,
                                 empty_values: empty_list(),
                                 meta: %Zoi.Types.Meta{
                                   effects: empty_list(),
                                   metadata: empty_list(),
                                   required: true,
                                   error: nil,
                                   description: nil,
                                   example: nil,
                                   typespec: nil,
                                   deprecated: nil
                                 }
                               }} or
                              {:depth or :id or :parent_id,
                               %Zoi.Types.Integer{
                                 gte: {integer(), empty_list()},
                                 lte: nil,
                                 gt: nil,
                                 lt: nil,
                                 multiple_of: nil,
                                 coerce: false,
                                 meta: %Zoi.Types.Meta{
                                   effects: empty_list(),
                                   metadata: empty_list(),
                                   required: true,
                                   error: nil,
                                   description: nil,
                                   example: nil,
                                   typespec: nil,
                                   deprecated: nil
                                 }
                               }}
                          ),
                        unrecognized_keys: :strip,
                        coerce: false,
                        empty_values: empty_list(),
                        meta: %Zoi.Types.Meta{
                          effects: empty_list(),
                          metadata: empty_list(),
                          required: nil,
                          error: nil,
                          description: nil,
                          example: nil,
                          typespec: nil,
                          deprecated: nil
                        }
                      },
                      min_length: nil,
                      max_length: nil,
                      length: nil,
                      unique_items: nil,
                      coerce: false,
                      meta: %Zoi.Types.Meta{
                        effects: empty_list(),
                        metadata: empty_list(),
                        required: nil,
                        error: nil,
                        description: nil,
                        example: nil,
                        typespec: nil,
                        deprecated: nil
                      }
                    },
                    value: empty_list(),
                    meta: %Zoi.Types.Meta{
                      effects: empty_list(),
                      metadata: empty_list(),
                      required: true,
                      error: nil,
                      description: nil,
                      example: nil,
                      typespec: nil,
                      deprecated: nil
                    }
                  }} or
                   {:corpus_id,
                    %Zoi.Types.Default{
                      inner: %Zoi.Types.String{
                        min_length: nil,
                        max_length: nil,
                        length: nil,
                        coerce: false,
                        meta: %Zoi.Types.Meta{
                          effects: empty_list(),
                          metadata: empty_list(),
                          required: nil,
                          error: nil,
                          description: nil,
                          example: nil,
                          typespec: nil,
                          deprecated: nil
                        }
                      },
                      value: binary(),
                      meta: %Zoi.Types.Meta{
                        effects: empty_list(),
                        metadata: empty_list(),
                        required: true,
                        error: nil,
                        description: nil,
                        example: nil,
                        typespec: nil,
                        deprecated: nil
                      }
                    }} or
                   {:counts,
                    %Zoi.Types.Default{
                      inner: %Zoi.Types.Map{
                        key_type: %Zoi.Types.String{
                          min_length: {integer(), empty_list()},
                          max_length: nil,
                          length: nil,
                          coerce: false,
                          meta: %Zoi.Types.Meta{
                            effects: empty_list(),
                            metadata: empty_list(),
                            required: nil,
                            error: nil,
                            description: nil,
                            example: nil,
                            typespec: nil,
                            deprecated: nil
                          }
                        },
                        value_type: %Zoi.Types.Integer{
                          gte: {integer(), empty_list()},
                          lte: nil,
                          gt: nil,
                          lt: nil,
                          multiple_of: nil,
                          coerce: false,
                          meta: %Zoi.Types.Meta{
                            effects: empty_list(),
                            metadata: empty_list(),
                            required: nil,
                            error: nil,
                            description: nil,
                            example: nil,
                            typespec: nil,
                            deprecated: nil
                          }
                        },
                        fields: nil,
                        unrecognized_keys: :strip,
                        coerce: false,
                        empty_values: empty_list(),
                        meta: %Zoi.Types.Meta{
                          effects: empty_list(),
                          metadata: empty_list(),
                          required: nil,
                          error: nil,
                          description: nil,
                          example: nil,
                          typespec: nil,
                          deprecated: nil
                        }
                      },
                      value: empty_map(),
                      meta: %Zoi.Types.Meta{
                        effects: empty_list(),
                        metadata: empty_list(),
                        required: true,
                        error: nil,
                        description: nil,
                        example: nil,
                        typespec: nil,
                        deprecated: nil
                      }
                    }} or
                   {:source_ranges,
                    %Zoi.Types.Default{
                      inner: %Zoi.Types.Array{
                        inner: %Zoi.Types.Map{
                          key_type: nil,
                          value_type: nil,
                          fields:
                            non_empty_list(
                              {:length or :offset,
                               %Zoi.Types.Integer{
                                 gte: {integer(), empty_list()},
                                 lte: nil,
                                 gt: nil,
                                 lt: nil,
                                 multiple_of: nil,
                                 coerce: false,
                                 meta: %Zoi.Types.Meta{
                                   effects: empty_list(),
                                   metadata: empty_list(),
                                   required: true,
                                   error: nil,
                                   description: nil,
                                   example: nil,
                                   typespec: nil,
                                   deprecated: nil
                                 }
                               }}
                            ),
                          unrecognized_keys: :error,
                          coerce: false,
                          empty_values: empty_list(),
                          meta: %Zoi.Types.Meta{
                            effects: empty_list(),
                            metadata: empty_list(),
                            required: nil,
                            error: nil,
                            description: nil,
                            example: nil,
                            typespec: nil,
                            deprecated: nil
                          }
                        },
                        min_length: nil,
                        max_length: nil,
                        length: nil,
                        unique_items: nil,
                        coerce: false,
                        meta: %Zoi.Types.Meta{
                          effects: empty_list(),
                          metadata: empty_list(),
                          required: nil,
                          error: nil,
                          description: nil,
                          example: nil,
                          typespec: nil,
                          deprecated: nil
                        }
                      },
                      value: empty_list(),
                      meta: %Zoi.Types.Meta{
                        effects: empty_list(),
                        metadata: empty_list(),
                        required: true,
                        error: nil,
                        description: nil,
                        example: nil,
                        typespec: nil,
                        deprecated: nil
                      }
                    }} or
                   {:turns,
                    %Zoi.Types.Default{
                      inner: %Zoi.Types.Integer{
                        gte: {integer(), empty_list()},
                        lte: nil,
                        gt: nil,
                        lt: nil,
                        multiple_of: nil,
                        coerce: false,
                        meta: %Zoi.Types.Meta{
                          effects: empty_list(),
                          metadata: empty_list(),
                          required: nil,
                          error: nil,
                          description: nil,
                          example: nil,
                          typespec: nil,
                          deprecated: nil
                        }
                      },
                      value: integer(),
                      meta: %Zoi.Types.Meta{
                        effects: empty_list(),
                        metadata: empty_list(),
                        required: true,
                        error: nil,
                        description: nil,
                        example: nil,
                        typespec: nil,
                        deprecated: nil
                      }
                    }} or
                   {:usage,
                    %Zoi.Types.Default{
                      inner: %Zoi.Types.Map{
                        key_type: nil,
                        value_type: nil,
                        fields:
                          non_empty_list(
                            {:bytes_read or :calls or :max_depth or :peak_read_records or :records_read or
                               :steps,
                             %Zoi.Types.Default{
                               inner: %Zoi.Types.Integer{
                                 gte: {integer(), empty_list()},
                                 lte: nil,
                                 gt: nil,
                                 lt: nil,
                                 multiple_of: nil,
                                 coerce: false,
                                 meta: %Zoi.Types.Meta{
                                   effects: empty_list(),
                                   metadata: empty_list(),
                                   required: nil,
                                   error: nil,
                                   description: nil,
                                   example: nil,
                                   typespec: nil,
                                   deprecated: nil
                                 }
                               },
                               value: integer(),
                               meta: %Zoi.Types.Meta{
                                 effects: empty_list(),
                                 metadata: empty_list(),
                                 required: true,
                                 error: nil,
                                 description: nil,
                                 example: nil,
                                 typespec: nil,
                                 deprecated: nil
                               }
                             }}
                          ),
                        unrecognized_keys: :strip,
                        coerce: false,
                        empty_values: empty_list(),
                        meta: %Zoi.Types.Meta{
                          effects: empty_list(),
                          metadata: empty_list(),
                          required: nil,
                          error: nil,
                          description: nil,
                          example: nil,
                          typespec: nil,
                          deprecated: nil
                        }
                      },
                      value: empty_map(),
                      meta: %Zoi.Types.Meta{
                        effects: empty_list(),
                        metadata: empty_list(),
                        required: true,
                        error: nil,
                        description: nil,
                        example: nil,
                        typespec: nil,
                        deprecated: nil
                      }
                    }}
               ),
             unrecognized_keys: :strip,
             coerce: false,
             empty_values: empty_list(),
             meta: %Zoi.Types.Meta{
               effects: empty_list(),
               metadata: empty_list(),
               required: nil,
               error: nil,
               description: nil,
               example: nil,
               typespec: nil,
               deprecated: nil
             }
           }
         })

     does not have all required keys:

         :max_state_size

     therefore this function will always return nil

     type warning found at:
     │
 170 │       def max_state_size, do: Map.get(__agent_config__(), :max_state_size)
     │       ~~~~~~~~~~~~~~~~~~~~~~~~~~~~~~~~~~~~~~~~~~~~~~~~~~~~~~~~~~~~~~~~~~~~
     │
     └─ lib/jido/agent.ex:170: Jido.Examples.RecursiveLanguageModel.max_state_size/0

     warning: incompatible types given to Map.get/2:

         Map.get(__agent_config__(), :max_state_size)

     the map:

         dynamic(%{
           description: nil,
           metadata: empty_map(),
           name: binary(),
           plugins:
             non_empty_list(
               {Jido.Examples.DirectiveAgent.Effects or Jido.Examples.PluginStateAgent.CountTurns,
                empty_list()}
             ),
           routes:
             non_empty_list(%Jido.Signal.Router.Route{
               match: nil,
               path: binary(),
               target: Jido.Examples.PluginStateAgent.Change,
               priority: integer()
             }),
           schema: %Zoi.Types.Map{
             key_type: nil,
             value_type: nil,
             fields:
               non_empty_list(
                 {:count,
                  %Zoi.Types.Default{
                    inner: %Zoi.Types.Integer{
                      gte: nil,
                      lte: nil,
                      gt: nil,
                      lt: nil,
                      multiple_of: nil,
                      coerce: false,
                      meta: %Zoi.Types.Meta{
                        effects: empty_list(),
                        metadata: empty_list(),
                        required: nil,
                        error: nil,
                        description: nil,
                        example: nil,
                        typespec: nil,
                        deprecated: nil
                      }
                    },
                    value: integer(),
                    meta: %Zoi.Types.Meta{
                      effects: empty_list(),
                      metadata: empty_list(),
                      required: true,
                      error: nil,
                      description: nil,
                      example: nil,
                      typespec: nil,
                      deprecated: nil
                    }
                  }}
               ),
             unrecognized_keys: :strip,
             coerce: false,
             empty_values: empty_list(),
             meta: %Zoi.Types.Meta{
               effects: empty_list(),
               metadata: empty_list(),
               required: nil,
               error: nil,
               description: nil,
               example: nil,
               typespec: nil,
               deprecated: nil
             }
           }
         })

     does not have all required keys:

         :max_state_size

     therefore this function will always return nil

     type warning found at:
     │
 170 │       def max_state_size, do: Map.get(__agent_config__(), :max_state_size)
     │       ~~~~~~~~~~~~~~~~~~~~~~~~~~~~~~~~~~~~~~~~~~~~~~~~~~~~~~~~~~~~~~~~~~~~
     │
     └─ lib/jido/agent.ex:170: Jido.Examples.PluginStateAgent.max_state_size/0

     warning: incompatible types given to Map.get/2:

         Map.get(__agent_config__(), :max_state_size)

     the map:

         dynamic(%{
           description: nil,
           metadata: empty_map(),
           name: binary(),
           plugins: empty_list(),
           routes:
             non_empty_list(%Jido.Signal.Router.Route{
               match: nil,
               path: binary(),
               target: Jido.Examples.ConversationHistory.Reply,
               priority: integer()
             }),
           schema: %Zoi.Types.Map{
             key_type: nil,
             value_type: nil,
             fields:
               non_empty_list(
                 {:messages,
                  %Zoi.Types.Default{
                    inner: %Zoi.Types.Array{
                      inner: %Zoi.Types.Map{
                        key_type: %Zoi.Types.Any{
                          meta: %Zoi.Types.Meta{
                            effects: empty_list(),
                            metadata: empty_list(),
                            required: nil,
                            error: nil,
                            description: nil,
                            example: nil,
                            typespec: nil,
                            deprecated: nil
                          }
                        },
                        value_type: %Zoi.Types.Any{
                          meta: %Zoi.Types.Meta{
                            effects: empty_list(),
                            metadata: empty_list(),
                            required: nil,
                            error: nil,
                            description: nil,
                            example: nil,
                            typespec: nil,
                            deprecated: nil
                          }
                        },
                        fields: nil,
                        unrecognized_keys: :strip,
                        coerce: false,
                        empty_values: empty_list(),
                        meta: %Zoi.Types.Meta{
                          effects: empty_list(),
                          metadata: empty_list(),
                          required: nil,
                          error: nil,
                          description: nil,
                          example: nil,
                          typespec: nil,
                          deprecated: nil
                        }
                      },
                      min_length: nil,
                      max_length: nil,
                      length: nil,
                      unique_items: nil,
                      coerce: false,
                      meta: %Zoi.Types.Meta{
                        effects: empty_list(),
                        metadata: empty_list(),
                        required: nil,
                        error: nil,
                        description: nil,
                        example: nil,
                        typespec: nil,
                        deprecated: nil
                      }
                    },
                    value: empty_list(),
                    meta: %Zoi.Types.Meta{
                      effects: empty_list(),
                      metadata: empty_list(),
                      required: true,
                      error: nil,
                      description: nil,
                      example: nil,
                      typespec: nil,
                      deprecated: nil
                    }
                  }} or
                   {:processed_ids,
                    %Zoi.Types.Default{
                      inner: %Zoi.Types.Array{
                        inner: %Zoi.Types.String{
                          min_length: nil,
                          max_length: nil,
                          length: nil,
                          coerce: false,
                          meta: %Zoi.Types.Meta{
                            effects: empty_list(),
                            metadata: empty_list(),
                            required: nil,
                            error: nil,
                            description: nil,
                            example: nil,
                            typespec: nil,
                            deprecated: nil
                          }
                        },
                        min_length: nil,
                        max_length: nil,
                        length: nil,
                        unique_items: nil,
                        coerce: false,
                        meta: %Zoi.Types.Meta{
                          effects: empty_list(),
                          metadata: empty_list(),
                          required: nil,
                          error: nil,
                          description: nil,
                          example: nil,
                          typespec: nil,
                          deprecated: nil
                        }
                      },
                      value: empty_list(),
                      meta: %Zoi.Types.Meta{
                        effects: empty_list(),
                        metadata: empty_list(),
                        required: true,
                        error: nil,
                        description: nil,
                        example: nil,
                        typespec: nil,
                        deprecated: nil
                      }
                    }}
               ),
             unrecognized_keys: :strip,
             coerce: false,
             empty_values: empty_list(),
             meta: %Zoi.Types.Meta{
               effects: empty_list(),
               metadata: empty_list(),
               required: nil,
               error: nil,
               description: nil,
               example: nil,
               typespec: nil,
               deprecated: nil
             }
           }
         })

     does not have all required keys:

         :max_state_size

     therefore this function will always return nil

     type warning found at:
     │
 170 │       def max_state_size, do: Map.get(__agent_config__(), :max_state_size)
     │       ~~~~~~~~~~~~~~~~~~~~~~~~~~~~~~~~~~~~~~~~~~~~~~~~~~~~~~~~~~~~~~~~~~~~
     │
     └─ lib/jido/agent.ex:170: Jido.Examples.ConversationHistory.max_state_size/0

     warning: incompatible types given to Map.get/2:

         Map.get(__agent_config__(), :max_state_size)

     the map:

         dynamic(%{
           description: nil,
           metadata: empty_map(),
           name: binary(),
           plugins: non_empty_list({Jido.Plugin.Scheduler, empty_list()}),
           routes:
             non_empty_list(%Jido.Signal.Router.Route{
               match: nil,
               path: binary(),
               target:
                 Jido.Examples.ScheduledOccurrenceRecovery.Arm or
                   Jido.Examples.ScheduledOccurrenceRecovery.Cancel or
                   Jido.Examples.ScheduledOccurrenceRecovery.Capture or Jido.Plugin.Scheduler.Enqueue,
               priority: integer()
             }),
           schema: %Zoi.Types.Map{
             key_type: nil,
             value_type: nil,
             fields:
               non_empty_list(
                 {:generation,
                  %Zoi.Types.Default{
                    inner: %Zoi.Types.Integer{
                      gte: nil,
                      lte: nil,
                      gt: nil,
                      lt: nil,
                      multiple_of: nil,
                      coerce: false,
                      meta: %Zoi.Types.Meta{
                        effects: empty_list(),
                        metadata: empty_list(),
                        required: nil,
                        error: nil,
                        description: nil,
                        example: nil,
                        typespec: nil,
                        deprecated: nil
                      }
                    },
                    value: integer(),
                    meta: %Zoi.Types.Meta{
                      effects: empty_list(),
                      metadata: empty_list(),
                      required: true,
                      error: nil,
                      description: nil,
                      example: nil,
                      typespec: nil,
                      deprecated: nil
                    }
                  }} or
                   {:ticks,
                    %Zoi.Types.Default{
                      inner: %Zoi.Types.Array{
                        inner: %Zoi.Types.Map{
                          key_type: %Zoi.Types.Any{
                            meta: %Zoi.Types.Meta{
                              effects: empty_list(),
                              metadata: empty_list(),
                              required: nil,
                              error: nil,
                              description: nil,
                              example: nil,
                              typespec: nil,
                              deprecated: nil
                            }
                          },
                          value_type: %Zoi.Types.Any{
                            meta: %Zoi.Types.Meta{
                              effects: empty_list(),
                              metadata: empty_list(),
                              required: nil,
                              error: nil,
                              description: nil,
                              example: nil,
                              typespec: nil,
                              deprecated: nil
                            }
                          },
                          fields: nil,
                          unrecognized_keys: :strip,
                          coerce: false,
                          empty_values: empty_list(),
                          meta: %Zoi.Types.Meta{
                            effects: empty_list(),
                            metadata: empty_list(),
                            required: nil,
                            error: nil,
                            description: nil,
                            example: nil,
                            typespec: nil,
                            deprecated: nil
                          }
                        },
                        min_length: nil,
                        max_length: nil,
                        length: nil,
                        unique_items: nil,
                        coerce: false,
                        meta: %Zoi.Types.Meta{
                          effects: empty_list(),
                          metadata: empty_list(),
                          required: nil,
                          error: nil,
                          description: nil,
                          example: nil,
                          typespec: nil,
                          deprecated: nil
                        }
                      },
                      value: empty_list(),
                      meta: %Zoi.Types.Meta{
                        effects: empty_list(),
                        metadata: empty_list(),
                        required: true,
                        error: nil,
                        description: nil,
                        example: nil,
                        typespec: nil,
                        deprecated: nil
                      }
                    }}
               ),
             unrecognized_keys: :strip,
             coerce: false,
             empty_values: empty_list(),
             meta: %Zoi.Types.Meta{
               effects: empty_list(),
               metadata: empty_list(),
               required: nil,
               error: nil,
               description: nil,
               example: nil,
               typespec: nil,
               deprecated: nil
             }
           }
         })

     does not have all required keys:

         :max_state_size

     therefore this function will always return nil

     type warning found at:
     │
 170 │       def max_state_size, do: Map.get(__agent_config__(), :max_state_size)
     │       ~~~~~~~~~~~~~~~~~~~~~~~~~~~~~~~~~~~~~~~~~~~~~~~~~~~~~~~~~~~~~~~~~~~~
     │
     └─ lib/jido/agent.ex:170: Jido.Examples.ScheduledOccurrenceRecovery.max_state_size/0

     warning: incompatible types given to Map.get/2:

         Map.get(__agent_config__(), :max_state_size)

     the map:

         dynamic(%{
           description: nil,
           metadata: empty_map(),
           name: binary(),
           plugins: empty_list(),
           routes:
             non_empty_list(%Jido.Signal.Router.Route{
               match: nil,
               path: binary(),
               target:
                 Jido.Action.Generated.Inline.A556b1a338c34b19babf21fd82f892eecdcae82f5798647c76dc0193d191c0e9d or
                   Jido.Examples.AgentHierarchy.Grow or Jido.Examples.KeepState,
               priority: integer()
             }),
           schema: %Zoi.Types.Map{
             key_type: nil,
             value_type: nil,
             fields:
               non_empty_list(
                 {:depth,
                  %Zoi.Types.Default{
                    inner: %Zoi.Types.Integer{
                      gte: nil,
                      lte: nil,
                      gt: nil,
                      lt: nil,
                      multiple_of: nil,
                      coerce: false,
                      meta: %Zoi.Types.Meta{
                        effects: empty_list(),
                        metadata: empty_list(),
                        required: nil,
                        error: nil,
                        description: nil,
                        example: nil,
                        typespec: nil,
                        deprecated: nil
                      }
                    },
                    value: integer(),
                    meta: %Zoi.Types.Meta{
                      effects: empty_list(),
                      metadata: empty_list(),
                      required: true,
                      error: nil,
                      description: nil,
                      example: nil,
                      typespec: nil,
                      deprecated: nil
                    }
                  }} or
                   {:expanded,
                    %Zoi.Types.Default{
                      inner: %Zoi.Types.Boolean{
                        coerce: false,
                        meta: %Zoi.Types.Meta{
                          effects: empty_list(),
                          metadata: empty_list(),
                          required: nil,
                          error: nil,
                          description: nil,
                          example: nil,
                          typespec: nil,
                          deprecated: nil
                        }
                      },
                      value: false,
                      meta: %Zoi.Types.Meta{
                        effects: empty_list(),
                        metadata: empty_list(),
                        required: true,
                        error: nil,
                        description: nil,
                        example: nil,
                        typespec: nil,
                        deprecated: nil
                      }
                    }} or
                   {:lost_children,
                    %Zoi.Types.Default{
                      inner: %Zoi.Types.Array{
                        inner: %Zoi.Types.String{
                          min_length: nil,
                          max_length: nil,
                          length: nil,
                          coerce: false,
                          meta: %Zoi.Types.Meta{
                            effects: empty_list(),
                            metadata: empty_list(),
                            required: nil,
                            error: nil,
                            description: nil,
                            example: nil,
                            typespec: nil,
                            deprecated: nil
                          }
                        },
                        min_length: nil,
                        max_length: nil,
                        length: nil,
                        unique_items: nil,
                        coerce: false,
                        meta: %Zoi.Types.Meta{
                          effects: empty_list(),
                          metadata: empty_list(),
                          required: nil,
                          error: nil,
                          description: nil,
                          example: nil,
                          typespec: nil,
                          deprecated: nil
                        }
                      },
                      value: empty_list(),
                      meta: %Zoi.Types.Meta{
                        effects: empty_list(),
                        metadata: empty_list(),
                        required: true,
                        error: nil,
                        description: nil,
                        example: nil,
                        typespec: nil,
                        deprecated: nil
                      }
                    }}
               ),
             unrecognized_keys: :strip,
             coerce: false,
             empty_values: empty_list(),
             meta: %Zoi.Types.Meta{
               effects: empty_list(),
               metadata: empty_list(),
               required: nil,
               error: nil,
               description: nil,
               example: nil,
               typespec: nil,
               deprecated: nil
             }
           }
         })

     does not have all required keys:

         :max_state_size

     therefore this function will always return nil

     type warning found at:
     │
 170 │       def max_state_size, do: Map.get(__agent_config__(), :max_state_size)
     │       ~~~~~~~~~~~~~~~~~~~~~~~~~~~~~~~~~~~~~~~~~~~~~~~~~~~~~~~~~~~~~~~~~~~~
     │
     └─ lib/jido/agent.ex:170: Jido.Examples.AgentHierarchy.max_state_size/0

     warning: incompatible types given to Map.get/2:

         Map.get(__agent_config__(), :max_state_size)

     the map:

         dynamic(%{
           description: nil,
           metadata: empty_map(),
           name: binary(),
           plugins: empty_list(),
           routes:
             non_empty_list(%Jido.Signal.Router.Route{
               match: nil,
               path: binary(),
               target:
                 Jido.Examples.CorrelatedRequests.Cancel or Jido.Examples.CorrelatedRequests.Exit or
                   Jido.Examples.CorrelatedRequests.Request or Jido.Examples.CorrelatedRequests.Result or
                   Jido.Examples.KeepState,
               priority: integer()
             }),
           schema: %Zoi.Types.Map{
             key_type: nil,
             value_type: nil,
             fields:
               non_empty_list(
                 {:request_id,
                  %Zoi.Types.Default{
                    inner: %Zoi.Types.String{
                      min_length: nil,
                      max_length: nil,
                      length: nil,
                      coerce: false,
                      meta: %Zoi.Types.Meta{
                        effects: empty_list(),
                        metadata: empty_list(),
                        required: nil,
                        error: nil,
                        description: nil,
                        example: nil,
                        typespec: nil,
                        deprecated: nil
                      }
                    },
                    value: binary(),
                    meta: %Zoi.Types.Meta{
                      effects: empty_list(),
                      metadata: empty_list(),
                      required: true,
                      error: nil,
                      description: nil,
                      example: nil,
                      typespec: nil,
                      deprecated: nil
                    }
                  }} or
                   {:result,
                    %Zoi.Types.Default{
                      inner: %Zoi.Types.Union{
                        schemas:
                          non_empty_list(
                            %Zoi.Types.Integer{
                              gte: nil,
                              lte: nil,
                              gt: nil,
                              lt: nil,
                              multiple_of: nil,
                              coerce: false,
                              meta: %Zoi.Types.Meta{
                                effects: empty_list(),
                                metadata: empty_list(),
                                required: nil,
                                error: nil,
                                description: nil,
                                example: nil,
                                typespec: nil,
                                deprecated: nil
                              }
                            } or
                              %Zoi.Types.Null{
                                meta: %Zoi.Types.Meta{
                                  effects: empty_list(),
                                  metadata: empty_list(),
                                  required: nil,
                                  error: nil,
                                  description: nil,
                                  example: nil,
                                  typespec: nil,
                                  deprecated: nil
                                }
                              }
                          ),
                        meta: %Zoi.Types.Meta{
                          effects: empty_list(),
                          metadata: empty_list(),
                          required: nil,
                          error: nil,
                          description: nil,
                          example: nil,
                          typespec: nil,
                          deprecated: nil
                        }
                      },
                      value: nil,
                      meta: %Zoi.Types.Meta{
                        effects: empty_list(),
                        metadata: empty_list(),
                        required: true,
                        error: nil,
                        description: nil,
                        example: nil,
                        typespec: nil,
                        deprecated: nil
                      }
                    }} or
                   {:seen,
                    %Zoi.Types.Default{
                      inner: %Zoi.Types.Array{
                        inner: %Zoi.Types.String{
                          min_length: nil,
                          max_length: nil,
                          length: nil,
                          coerce: false,
                          meta: %Zoi.Types.Meta{
                            effects: empty_list(),
                            metadata: empty_list(),
                            required: nil,
                            error: nil,
                            description: nil,
                            example: nil,
                            typespec: nil,
                            deprecated: nil
                          }
                        },
                        min_length: nil,
                        max_length: nil,
                        length: nil,
                        unique_items: nil,
                        coerce: false,
                        meta: %Zoi.Types.Meta{
                          effects: empty_list(),
                          metadata: empty_list(),
                          required: nil,
                          error: nil,
                          description: nil,
                          example: nil,
                          typespec: nil,
                          deprecated: nil
                        }
                      },
                      value: empty_list(),
                      meta: %Zoi.Types.Meta{
                        effects: empty_list(),
                        metadata: empty_list(),
                        required: true,
                        error: nil,
                        description: nil,
                        example: nil,
                        typespec: nil,
                        deprecated: nil
                      }
                    }} or
                   {:status,
                    %Zoi.Types.Default{
                      inner: %Zoi.Types.Enum{
                        values:
                          non_empty_list(
                            {:cancelled, :cancelled} or {:completed, :completed} or {:failed, :failed} or
                              {:idle, :idle} or {:waiting, :waiting}
                          ),
                        enum_type: :atom,
                        coerce: false,
                        meta: %Zoi.Types.Meta{
                          effects: empty_list(),
                          metadata: empty_list(),
                          required: nil,
                          error: nil,
                          description: nil,
                          example: nil,
                          typespec: nil,
                          deprecated: nil
                        }
                      },
                      value: :idle,
                      meta: %Zoi.Types.Meta{
                        effects: empty_list(),
                        metadata: empty_list(),
                        required: true,
                        error: nil,
                        description: nil,
                        example: nil,
                        typespec: nil,
                        deprecated: nil
                      }
                    }}
               ),
             unrecognized_keys: :strip,
             coerce: false,
             empty_values: empty_list(),
             meta: %Zoi.Types.Meta{
               effects: empty_list(),
               metadata: empty_list(),
               required: nil,
               error: nil,
               description: nil,
               example: nil,
               typespec: nil,
               deprecated: nil
             }
           }
         })

     does not have all required keys:

         :max_state_size

     therefore this function will always return nil

     type warning found at:
     │
 170 │       def max_state_size, do: Map.get(__agent_config__(), :max_state_size)
     │       ~~~~~~~~~~~~~~~~~~~~~~~~~~~~~~~~~~~~~~~~~~~~~~~~~~~~~~~~~~~~~~~~~~~~
     │
     └─ lib/jido/agent.ex:170: Jido.Examples.CorrelatedRequests.max_state_size/0

     warning: incompatible types given to Map.get/2:

         Map.get(__agent_config__(), :max_state_size)

     the map:

         dynamic(%{
           description: nil,
           metadata: empty_map(),
           name: binary(),
           plugins:
             non_empty_list(
               {Jido.Plugin.Bus.Client,
                non_empty_list(
                  {:bus, :example_commands} or {:retry_delay_ms, integer()} or {:start_from, :origin} or
                    {:durable or :path, binary()}
                )}
             ),
           routes:
             non_empty_list(%Jido.Signal.Router.Route{
               match: nil,
               path: binary(),
               target: Jido.Examples.BusDelivery.Record,
               priority: integer()
             }),
           schema: %Zoi.Types.Map{
             key_type: nil,
             value_type: nil,
             fields:
               non_empty_list(
                 {:seen,
                  %Zoi.Types.Default{
                    inner: %Zoi.Types.Array{
                      inner: %Zoi.Types.String{
                        min_length: nil,
                        max_length: nil,
                        length: nil,
                        coerce: false,
                        meta: %Zoi.Types.Meta{
                          effects: empty_list(),
                          metadata: empty_list(),
                          required: nil,
                          error: nil,
                          description: nil,
                          example: nil,
                          typespec: nil,
                          deprecated: nil
                        }
                      },
                      min_length: nil,
                      max_length: nil,
                      length: nil,
                      unique_items: nil,
                      coerce: false,
                      meta: %Zoi.Types.Meta{
                        effects: empty_list(),
                        metadata: empty_list(),
                        required: nil,
                        error: nil,
                        description: nil,
                        example: nil,
                        typespec: nil,
                        deprecated: nil
                      }
                    },
                    value: empty_list(),
                    meta: %Zoi.Types.Meta{
                      effects: empty_list(),
                      metadata: empty_list(),
                      required: true,
                      error: nil,
                      description: nil,
                      example: nil,
                      typespec: nil,
                      deprecated: nil
                    }
                  }} or
                   {:values,
                    %Zoi.Types.Default{
                      inner: %Zoi.Types.Array{
                        inner: %Zoi.Types.Integer{
                          gte: nil,
                          lte: nil,
                          gt: nil,
                          lt: nil,
                          multiple_of: nil,
                          coerce: false,
                          meta: %Zoi.Types.Meta{
                            effects: empty_list(),
                            metadata: empty_list(),
                            required: nil,
                            error: nil,
                            description: nil,
                            example: nil,
                            typespec: nil,
                            deprecated: nil
                          }
                        },
                        min_length: nil,
                        max_length: nil,
                        length: nil,
                        unique_items: nil,
                        coerce: false,
                        meta: %Zoi.Types.Meta{
                          effects: empty_list(),
                          metadata: empty_list(),
                          required: nil,
                          error: nil,
                          description: nil,
                          example: nil,
                          typespec: nil,
                          deprecated: nil
                        }
                      },
                      value: empty_list(),
                      meta: %Zoi.Types.Meta{
                        effects: empty_list(),
                        metadata: empty_list(),
                        required: true,
                        error: nil,
                        description: nil,
                        example: nil,
                        typespec: nil,
                        deprecated: nil
                      }
                    }}
               ),
             unrecognized_keys: :strip,
             coerce: false,
             empty_values: empty_list(),
             meta: %Zoi.Types.Meta{
               effects: empty_list(),
               metadata: empty_list(),
               required: nil,
               error: nil,
               description: nil,
               example: nil,
               typespec: nil,
               deprecated: nil
             }
           }
         })

     does not have all required keys:

         :max_state_size

     therefore this function will always return nil

     type warning found at:
     │
 170 │       def max_state_size, do: Map.get(__agent_config__(), :max_state_size)
     │       ~~~~~~~~~~~~~~~~~~~~~~~~~~~~~~~~~~~~~~~~~~~~~~~~~~~~~~~~~~~~~~~~~~~~
     │
     └─ lib/jido/agent.ex:170: Jido.Examples.BusDelivery.max_state_size/0

     warning: incompatible types given to Map.get/2:

         Map.get(__agent_config__(), :max_state_size)

     the map:

         dynamic(%{
           description: nil,
           metadata: empty_map(),
           name: binary(),
           plugins: empty_list(),
           routes:
             non_empty_list(%Jido.Signal.Router.Route{
               match: nil,
               path: binary(),
               target: Jido.Examples.Factory.FlowFactory.Work,
               priority: integer()
             }),
           schema: %Zoi.Types.Map{
             key_type: nil,
             value_type: nil,
             fields:
               non_empty_list(
                 {:artifacts,
                  %Zoi.Types.Default{
                    inner: %Zoi.Types.Map{
                      key_type: %Zoi.Types.Any{
                        meta: %Zoi.Types.Meta{
                          effects: empty_list(),
                          metadata: empty_list(),
                          required: nil,
                          error: nil,
                          description: nil,
                          example: nil,
                          typespec: nil,
                          deprecated: nil
                        }
                      },
                      value_type: %Zoi.Types.Any{
                        meta: %Zoi.Types.Meta{
                          effects: empty_list(),
                          metadata: empty_list(),
                          required: nil,
                          error: nil,
                          description: nil,
                          example: nil,
                          typespec: nil,
                          deprecated: nil
                        }
                      },
                      fields: nil,
                      unrecognized_keys: :strip,
                      coerce: false,
                      empty_values: empty_list(),
                      meta: %Zoi.Types.Meta{
                        effects: empty_list(),
                        metadata: empty_list(),
                        required: nil,
                        error: nil,
                        description: nil,
                        example: nil,
                        typespec: nil,
                        deprecated: nil
                      }
                    },
                    value: empty_map(),
                    meta: %Zoi.Types.Meta{
                      effects: empty_list(),
                      metadata: empty_list(),
                      required: true,
                      error: nil,
                      description: nil,
                      example: nil,
                      typespec: nil,
                      deprecated: nil
                    }
                  }} or
                   {:role,
                    %Zoi.Types.Default{
                      inner: %Zoi.Types.Enum{
                        values: non_empty_list({binary(), binary()}),
                        enum_type: :binary,
                        coerce: false,
                        meta: %Zoi.Types.Meta{
                          effects: empty_list(),
                          metadata: empty_list(),
                          required: nil,
                          error: nil,
                          description: nil,
                          example: nil,
                          typespec: nil,
                          deprecated: nil
                        }
                      },
                      value: binary(),
                      meta: %Zoi.Types.Meta{
                        effects: empty_list(),
                        metadata: empty_list(),
                        required: true,
                        error: nil,
                        description: nil,
                        example: nil,
                        typespec: nil,
                        deprecated: nil
                      }
                    }}
               ),
             unrecognized_keys: :strip,
             coerce: false,
             empty_values: empty_list(),
             meta: %Zoi.Types.Meta{
               effects: empty_list(),
               metadata: empty_list(),
               required: nil,
               error: nil,
               description: nil,
               example: nil,
               typespec: nil,
               deprecated: nil
             }
           }
         })

     does not have all required keys:

         :max_state_size

     therefore this function will always return nil

     type warning found at:
     │
 170 │       def max_state_size, do: Map.get(__agent_config__(), :max_state_size)
     │       ~~~~~~~~~~~~~~~~~~~~~~~~~~~~~~~~~~~~~~~~~~~~~~~~~~~~~~~~~~~~~~~~~~~~
     │
     └─ lib/jido/agent.ex:170: Jido.Examples.Factory.FlowFactory.Worker.max_state_size/0

     warning: incompatible types given to Map.get/2:

         Map.get(__agent_config__(), :max_state_size)

     the map:

         dynamic(%{
           description: nil,
           metadata: empty_map(),
           name: binary(),
           plugins: empty_list(),
           routes:
             non_empty_list(%Jido.Signal.Router.Route{
               match: nil,
               path: binary(),
               target: Jido.Examples.NestedFlow.Pipeline,
               priority: integer()
             }),
           schema: %Zoi.Types.Map{
             key_type: nil,
             value_type: nil,
             fields:
               non_empty_list(
                 {:result,
                  %Zoi.Types.Default{
                    inner: %Zoi.Types.Map{
                      key_type: %Zoi.Types.Any{
                        meta: %Zoi.Types.Meta{
                          effects: empty_list(),
                          metadata: empty_list(),
                          required: nil,
                          error: nil,
                          description: nil,
                          example: nil,
                          typespec: nil,
                          deprecated: nil
                        }
                      },
                      value_type: %Zoi.Types.Any{
                        meta: %Zoi.Types.Meta{
                          effects: empty_list(),
                          metadata: empty_list(),
                          required: nil,
                          error: nil,
                          description: nil,
                          example: nil,
                          typespec: nil,
                          deprecated: nil
                        }
                      },
                      fields: nil,
                      unrecognized_keys: :strip,
                      coerce: false,
                      empty_values: empty_list(),
                      meta: %Zoi.Types.Meta{
                        effects: empty_list(),
                        metadata: empty_list(),
                        required: nil,
                        error: nil,
                        description: nil,
                        example: nil,
                        typespec: nil,
                        deprecated: nil
                      }
                    },
                    value: empty_map(),
                    meta: %Zoi.Types.Meta{
                      effects: empty_list(),
                      metadata: empty_list(),
                      required: true,
                      error: nil,
                      description: nil,
                      example: nil,
                      typespec: nil,
                      deprecated: nil
                    }
                  }}
               ),
             unrecognized_keys: :strip,
             coerce: false,
             empty_values: empty_list(),
             meta: %Zoi.Types.Meta{
               effects: empty_list(),
               metadata: empty_list(),
               required: nil,
               error: nil,
               description: nil,
               example: nil,
               typespec: nil,
               deprecated: nil
             }
           }
         })

     does not have all required keys:

         :max_state_size

     therefore this function will always return nil

     type warning found at:
     │
 170 │       def max_state_size, do: Map.get(__agent_config__(), :max_state_size)
     │       ~~~~~~~~~~~~~~~~~~~~~~~~~~~~~~~~~~~~~~~~~~~~~~~~~~~~~~~~~~~~~~~~~~~~
     │
     └─ lib/jido/agent.ex:170: Jido.Examples.NestedFlow.max_state_size/0

     warning: incompatible types given to Map.get/2:

         Map.get(__agent_config__(), :max_state_size)

     the map:

         dynamic(%{
           description: binary(),
           metadata: empty_map(),
           name: binary(),
           plugins: empty_list(),
           routes:
             non_empty_list(%Jido.Signal.Router.Route{
               match: nil,
               path: binary(),
               target:
                 {Jido.Action.Generated.Inline.A11998b770af401af5f2af5aa78a4b278a410fd97c80d3cfc7028bb3be2075b2b,
                  %{amount: integer()}},
               priority: integer()
             }),
           schema: %Zoi.Types.Map{
             key_type: nil,
             value_type: nil,
             fields:
               non_empty_list(
                 {:count,
                  %Zoi.Types.Default{
                    inner: %Zoi.Types.Integer{
                      gte: nil,
                      lte: nil,
                      gt: nil,
                      lt: nil,
                      multiple_of: nil,
                      coerce: false,
                      meta: %Zoi.Types.Meta{
                        effects: empty_list(),
                        metadata: empty_list(),
                        required: nil,
                        error: nil,
                        description: nil,
                        example: nil,
                        typespec: nil,
                        deprecated: nil
                      }
                    },
                    value: integer(),
                    meta: %Zoi.Types.Meta{
                      effects: empty_list(),
                      metadata: empty_list(),
                      required: true,
                      error: nil,
                      description: nil,
                      example: nil,
                      typespec: nil,
                      deprecated: nil
                    }
                  }}
               ),
             unrecognized_keys: :strip,
             coerce: false,
             empty_values: empty_list(),
             meta: %Zoi.Types.Meta{
               effects: empty_list(),
               metadata: empty_list(),
               required: nil,
               error: nil,
               description: nil,
               example: nil,
               typespec: nil,
               deprecated: nil
             }
           }
         })

     does not have all required keys:

         :max_state_size

     therefore this function will always return nil

     type warning found at:
     │
 170 │       def max_state_size, do: Map.get(__agent_config__(), :max_state_size)
     │       ~~~~~~~~~~~~~~~~~~~~~~~~~~~~~~~~~~~~~~~~~~~~~~~~~~~~~~~~~~~~~~~~~~~~
     │
     └─ lib/jido/agent.ex:170: Jido.Examples.MinimalAgent.max_state_size/0

     warning: incompatible types given to Map.get/2:

         Map.get(__agent_config__(), :max_state_size)

     the map:

         dynamic(%{
           description: nil,
           metadata: empty_map(),
           name: binary(),
           plugins: non_empty_list({Jido.Plugin.Scheduler, empty_list()}),
           routes:
             non_empty_list(%Jido.Signal.Router.Route{
               match: nil,
               path: binary(),
               target:
                 Jido.Action.Generated.Inline.A16b5980ccc3e3ad3be5e49ca5db962fee23d04abf896efe9647b5c822e253ee8 or
                   Jido.Action.Generated.Inline.Aa486baa7f9cc6b151fce487cf340304885075900e299770957938ea3f6bdc54d or
                   Jido.Examples.Factory.Inspection or Jido.Examples.Factory.Workshop.Command or
                   Jido.Examples.Factory.Workshop.Poll or Jido.Examples.Factory.Workshop.SubmitBatch or
                   Jido.Examples.Factory.Workshop.Tick or Jido.Examples.KeepState,
               priority: integer()
             }),
           schema: %Zoi.Types.Map{
             key_type: nil,
             value_type: nil,
             fields:
               non_empty_list(
                 {:active_job_id,
                  %Zoi.Types.Default{
                    inner: %Zoi.Types.String{
                      min_length: nil,
                      max_length: nil,
                      length: nil,
                      coerce: false,
                      meta: %Zoi.Types.Meta{
                        effects: empty_list(),
                        metadata: empty_list(),
                        required: nil,
                        error: nil,
                        description: nil,
                        example: nil,
                        typespec: nil,
                        deprecated: nil
                      }
                    },
                    value: binary(),
                    meta: %Zoi.Types.Meta{
                      effects: empty_list(),
                      metadata: empty_list(),
                      required: true,
                      error: nil,
                      description: nil,
                      example: nil,
                      typespec: nil,
                      deprecated: nil
                    }
                  }} or
                   {:events,
                    %Zoi.Types.Default{
                      inner: %Zoi.Types.Array{
                        inner: %Zoi.Types.Map{
                          key_type: %Zoi.Types.Any{
                            meta: %Zoi.Types.Meta{
                              effects: empty_list(),
                              metadata: empty_list(),
                              required: nil,
                              error: nil,
                              description: nil,
                              example: nil,
                              typespec: nil,
                              deprecated: nil
                            }
                          },
                          value_type: %Zoi.Types.Any{
                            meta: %Zoi.Types.Meta{
                              effects: empty_list(),
                              metadata: empty_list(),
                              required: nil,
                              error: nil,
                              description: nil,
                              example: nil,
                              typespec: nil,
                              deprecated: nil
                            }
                          },
                          fields: nil,
                          unrecognized_keys: :strip,
                          coerce: false,
                          empty_values: empty_list(),
                          meta: %Zoi.Types.Meta{
                            effects: empty_list(),
                            metadata: empty_list(),
                            required: nil,
                            error: nil,
                            description: nil,
                            example: nil,
                            typespec: nil,
                            deprecated: nil
                          }
                        },
                        min_length: nil,
                        max_length: nil,
                        length: nil,
                        unique_items: nil,
                        coerce: false,
                        meta: %Zoi.Types.Meta{
                          effects: empty_list(),
                          metadata: empty_list(),
                          required: nil,
                          error: nil,
                          description: nil,
                          example: nil,
                          typespec: nil,
                          deprecated: nil
                        }
                      },
                      value: empty_list(),
                      meta: %Zoi.Types.Meta{
                        effects: empty_list(),
                        metadata: empty_list(),
                        required: true,
                        error: nil,
                        description: nil,
                        example: nil,
                        typespec: nil,
                        deprecated: nil
                      }
                    }} or
                   {:queue,
                    %Zoi.Types.Default{
                      inner: %Zoi.Types.Array{
                        inner: %Zoi.Types.String{
                          min_length: nil,
                          max_length: nil,
                          length: nil,
                          coerce: false,
                          meta: %Zoi.Types.Meta{
                            effects: empty_list(),
                            metadata: empty_list(),
                            required: nil,
                            error: nil,
                            description: nil,
                            example: nil,
                            typespec: nil,
                            deprecated: nil
                          }
                        },
                        min_length: nil,
                        max_length: nil,
                        length: nil,
                        unique_items: nil,
                        coerce: false,
                        meta: %Zoi.Types.Meta{
                          effects: empty_list(),
                          metadata: empty_list(),
                          required: nil,
                          error: nil,
                          description: nil,
                          example: nil,
                          typespec: nil,
                          deprecated: nil
                        }
                      },
                      value: empty_list(),
                      meta: %Zoi.Types.Meta{
                        effects: empty_list(),
                        metadata: empty_list(),
                        required: true,
                        error: nil,
                        description: nil,
                        example: nil,
                        typespec: nil,
                        deprecated: nil
                      }
                    }} or
                   {:sequence,
                    %Zoi.Types.Default{
                      inner: %Zoi.Types.Integer{
                        gte: nil,
                        lte: nil,
                        gt: nil,
                        lt: nil,
                        multiple_of: nil,
                        coerce: false,
                        meta: %Zoi.Types.Meta{
                          effects: empty_list(),
                          metadata: empty_list(),
                          required: nil,
                          error: nil,
                          description: nil,
                          example: nil,
                          typespec: nil,
                          deprecated: nil
                        }
                      },
                      value: integer(),
                      meta: %Zoi.Types.Meta{
                        effects: empty_list(),
                        metadata: empty_list(),
                        required: true,
                        error: nil,
                        description: nil,
                        example: nil,
                        typespec: nil,
                        deprecated: nil
                      }
                    }} or
                   {:batches or :jobs,
                    %Zoi.Types.Default{
                      inner: %Zoi.Types.Map{
                        key_type: %Zoi.Types.Any{
                          meta: %Zoi.Types.Meta{
                            effects: empty_list(),
                            metadata: empty_list(),
                            required: nil,
                            error: nil,
                            description: nil,
                            example: nil,
                            typespec: nil,
                            deprecated: nil
                          }
                        },
                        value_type: %Zoi.Types.Any{
                          meta: %Zoi.Types.Meta{
                            effects: empty_list(),
                            metadata: empty_list(),
                            required: nil,
                            error: nil,
                            description: nil,
                            example: nil,
                            typespec: nil,
                            deprecated: nil
                          }
                        },
                        fields: nil,
                        unrecognized_keys: :strip,
                        coerce: false,
                        empty_values: empty_list(),
                        meta: %Zoi.Types.Meta{
                          effects: empty_list(),
                          metadata: empty_list(),
                          required: nil,
                          error: nil,
                          description: nil,
                          example: nil,
                          typespec: nil,
                          deprecated: nil
                        }
                      },
                      value: empty_map(),
                      meta: %Zoi.Types.Meta{
                        effects: empty_list(),
                        metadata: empty_list(),
                        required: true,
                        error: nil,
                        description: nil,
                        example: nil,
                        typespec: nil,
                        deprecated: nil
                      }
                    }} or
                   {:poll_count or :step_delay_ms,
                    %Zoi.Types.Default{
                      inner: %Zoi.Types.Integer{
                        gte: {integer(), empty_list()},
                        lte: nil,
                        gt: nil,
                        lt: nil,
                        multiple_of: nil,
                        coerce: false,
                        meta: %Zoi.Types.Meta{
                          effects: empty_list(),
                          metadata: empty_list(),
                          required: nil,
                          error: nil,
                          description: nil,
                          example: nil,
                          typespec: nil,
                          deprecated: nil
                        }
                      },
                      value: integer(),
                      meta: %Zoi.Types.Meta{
                        effects: empty_list(),
                        metadata: empty_list(),
                        required: true,
                        error: nil,
                        description: nil,
                        example: nil,
                        typespec: nil,
                        deprecated: nil
                      }
                    }}
               ),
             unrecognized_keys: :strip,
             coerce: false,
             empty_values: empty_list(),
             meta: %Zoi.Types.Meta{
               effects: empty_list(),
               metadata: empty_list(),
               required: nil,
               error: nil,
               description: nil,
               example: nil,
               typespec: nil,
               deprecated: nil
             }
           }
         })

     does not have all required keys:

         :max_state_size

     therefore this function will always return nil

     type warning found at:
     │
 170 │       def max_state_size, do: Map.get(__agent_config__(), :max_state_size)
     │       ~~~~~~~~~~~~~~~~~~~~~~~~~~~~~~~~~~~~~~~~~~~~~~~~~~~~~~~~~~~~~~~~~~~~
     │
     └─ lib/jido/agent.ex:170: Jido.Examples.Factory.Workshop.max_state_size/0

     warning: incompatible types given to Map.get/2:

         Map.get(__agent_config__(), :max_state_size)

     the map:

         dynamic(%{
           description: nil,
           metadata: empty_map(),
           name: binary(),
           plugins: empty_list(),
           routes:
             non_empty_list(%Jido.Signal.Router.Route{
               match: nil,
               path: binary(),
               target: Jido.Examples.GroundedAnswer.Pipeline,
               priority: integer()
             }),
           schema: %Zoi.Types.Map{
             key_type: nil,
             value_type: nil,
             fields:
               non_empty_list(
                 {:answer,
                  %Zoi.Types.Default{
                    inner: %Zoi.Types.String{
                      min_length: nil,
                      max_length: nil,
                      length: nil,
                      coerce: false,
                      meta: %Zoi.Types.Meta{
                        effects: empty_list(),
                        metadata: empty_list(),
                        required: nil,
                        error: nil,
                        description: nil,
                        example: nil,
                        typespec: nil,
                        deprecated: nil
                      }
                    },
                    value: binary(),
                    meta: %Zoi.Types.Meta{
                      effects: empty_list(),
                      metadata: empty_list(),
                      required: true,
                      error: nil,
                      description: nil,
                      example: nil,
                      typespec: nil,
                      deprecated: nil
                    }
                  }} or
                   {:citations or :messages,
                    %Zoi.Types.Default{
                      inner: %Zoi.Types.Array{
                        inner: %Zoi.Types.Map{
                          key_type: %Zoi.Types.Any{
                            meta: %Zoi.Types.Meta{
                              effects: empty_list(),
                              metadata: empty_list(),
                              required: nil,
                              error: nil,
                              description: nil,
                              example: nil,
                              typespec: nil,
                              deprecated: nil
                            }
                          },
                          value_type: %Zoi.Types.Any{
                            meta: %Zoi.Types.Meta{
                              effects: empty_list(),
                              metadata: empty_list(),
                              required: nil,
                              error: nil,
                              description: nil,
                              example: nil,
                              typespec: nil,
                              deprecated: nil
                            }
                          },
                          fields: nil,
                          unrecognized_keys: :strip,
                          coerce: false,
                          empty_values: empty_list(),
                          meta: %Zoi.Types.Meta{
                            effects: empty_list(),
                            metadata: empty_list(),
                            required: nil,
                            error: nil,
                            description: nil,
                            example: nil,
                            typespec: nil,
                            deprecated: nil
                          }
                        },
                        min_length: nil,
                        max_length: nil,
                        length: nil,
                        unique_items: nil,
                        coerce: false,
                        meta: %Zoi.Types.Meta{
                          effects: empty_list(),
                          metadata: empty_list(),
                          required: nil,
                          error: nil,
                          description: nil,
                          example: nil,
                          typespec: nil,
                          deprecated: nil
                        }
                      },
                      value: empty_list(),
                      meta: %Zoi.Types.Meta{
                        effects: empty_list(),
                        metadata: empty_list(),
                        required: true,
                        error: nil,
                        description: nil,
                        example: nil,
                        typespec: nil,
                        deprecated: nil
                      }
                    }}
               ),
             unrecognized_keys: :strip,
             coerce: false,
             empty_values: empty_list(),
             meta: %Zoi.Types.Meta{
               effects: empty_list(),
               metadata: empty_list(),
               required: nil,
               error: nil,
               description: nil,
               example: nil,
               typespec: nil,
               deprecated: nil
             }
           }
         })

     does not have all required keys:

         :max_state_size

     therefore this function will always return nil

     type warning found at:
     │
 170 │       def max_state_size, do: Map.get(__agent_config__(), :max_state_size)
     │       ~~~~~~~~~~~~~~~~~~~~~~~~~~~~~~~~~~~~~~~~~~~~~~~~~~~~~~~~~~~~~~~~~~~~
     │
     └─ lib/jido/agent.ex:170: Jido.Examples.GroundedAnswer.max_state_size/0

     warning: incompatible types given to Map.get/2:

         Map.get(__agent_config__(), :max_state_size)

     the map:

         dynamic(%{
           description: nil,
           metadata: empty_map(),
           name: binary(),
           plugins: empty_list(),
           routes:
             non_empty_list(%Jido.Signal.Router.Route{
               match: nil,
               path: binary(),
               target: Jido.Examples.KeepState or JidoTest.RemoteChildFixtures.Apply,
               priority: integer()
             }),
           schema: %Zoi.Types.Map{
             key_type: nil,
             value_type: nil,
             fields: empty_list(),
             unrecognized_keys: :strip,
             coerce: false,
             empty_values: empty_list(),
             meta: %Zoi.Types.Meta{
               effects: empty_list(),
               metadata: empty_list(),
               required: nil,
               error: nil,
               description: nil,
               example: nil,
               typespec: nil,
               deprecated: nil
             }
           }
         })

     does not have all required keys:

         :max_state_size

     therefore this function will always return nil

     type warning found at:
     │
 170 │       def max_state_size, do: Map.get(__agent_config__(), :max_state_size)
     │       ~~~~~~~~~~~~~~~~~~~~~~~~~~~~~~~~~~~~~~~~~~~~~~~~~~~~~~~~~~~~~~~~~~~~
     │
     └─ lib/jido/agent.ex:170: JidoTest.RemoteChildFixtures.Parent.max_state_size/0

     warning: incompatible types given to Map.get/2:

         Map.get(__agent_config__(), :max_state_size)

     the map:

         dynamic(%{
           description: nil,
           metadata: empty_map(),
           name: binary(),
           plugins: empty_list(),
           routes:
             non_empty_list(%Jido.Signal.Router.Route{
               match: nil,
               path: binary(),
               target: JidoTest.RemoteChildFixtures.Hold,
               priority: integer()
             }),
           schema: %Zoi.Types.Map{
             key_type: nil,
             value_type: nil,
             fields: empty_list(),
             unrecognized_keys: :strip,
             coerce: false,
             empty_values: empty_list(),
             meta: %Zoi.Types.Meta{
               effects: empty_list(),
               metadata: empty_list(),
               required: nil,
               error: nil,
               description: nil,
               example: nil,
               typespec: nil,
               deprecated: nil
             }
           }
         })

     does not have all required keys:

         :max_state_size

     therefore this function will always return nil

     type warning found at:
     │
 170 │       def max_state_size, do: Map.get(__agent_config__(), :max_state_size)
     │       ~~~~~~~~~~~~~~~~~~~~~~~~~~~~~~~~~~~~~~~~~~~~~~~~~~~~~~~~~~~~~~~~~~~~
     │
     └─ lib/jido/agent.ex:170: JidoTest.RemoteChildFixtures.Child.max_state_size/0

     warning: incompatible types given to Map.get/2:

         Map.get(__agent_config__(), :max_state_size)

     the map:

         dynamic(%{
           description: nil,
           metadata: empty_map(),
           name: binary(),
           plugins: empty_list(),
           routes:
             non_empty_list(%Jido.Signal.Router.Route{
               match: nil,
               path: binary(),
               target:
                 Jido.Action.Generated.Inline.A8dffca11500a0db057d239991174dff84fb6897c07c455706b1c702564b516ed,
               priority: integer()
             }),
           schema: %Zoi.Types.Map{
             key_type: nil,
             value_type: nil,
             fields:
               non_empty_list(
                 {:count,
                  %Zoi.Types.Default{
                    inner: %Zoi.Types.Integer{
                      gte: nil,
                      lte: nil,
                      gt: nil,
                      lt: nil,
                      multiple_of: nil,
                      coerce: false,
                      meta: %Zoi.Types.Meta{
                        effects: empty_list(),
                        metadata: empty_list(),
                        required: nil,
                        error: nil,
                        description: nil,
                        example: nil,
                        typespec: nil,
                        deprecated: nil
                      }
                    },
                    value: integer(),
                    meta: %Zoi.Types.Meta{
                      effects: empty_list(),
                      metadata: empty_list(),
                      required: true,
                      error: nil,
                      description: nil,
                      example: nil,
                      typespec: nil,
                      deprecated: nil
                    }
                  }}
               ),
             unrecognized_keys: :strip,
             coerce: false,
             empty_values: empty_list(),
             meta: %Zoi.Types.Meta{
               effects: empty_list(),
               metadata: empty_list(),
               required: nil,
               error: nil,
               description: nil,
               example: nil,
               typespec: nil,
               deprecated: nil
             }
           }
         })

     does not have all required keys:

         :max_state_size

     therefore this function will always return nil

     type warning found at:
     │
 170 │       def max_state_size, do: Map.get(__agent_config__(), :max_state_size)
     │       ~~~~~~~~~~~~~~~~~~~~~~~~~~~~~~~~~~~~~~~~~~~~~~~~~~~~~~~~~~~~~~~~~~~~
     │
     └─ lib/jido/agent.ex:170: Jido.Examples.IndeterminateWriteProbe.max_state_size/0

     warning: incompatible types given to Map.get/2:

         Map.get(__agent_config__(), :max_state_size)

     the map:

         dynamic(%{
           description: nil,
           metadata: empty_map(),
           name: binary(),
           plugins: empty_list(),
           routes:
             non_empty_list(%Jido.Signal.Router.Route{
               match: nil,
               path: binary(),
               target: Jido.Examples.Factory.LiveConversation.Reply,
               priority: integer()
             }),
           schema: %Zoi.Types.Map{
             key_type: nil,
             value_type: nil,
             fields:
               non_empty_list(
                 {:answer,
                  %Zoi.Types.Default{
                    inner: %Zoi.Types.String{
                      min_length: nil,
                      max_length: nil,
                      length: nil,
                      coerce: false,
                      meta: %Zoi.Types.Meta{
                        effects: empty_list(),
                        metadata: empty_list(),
                        required: nil,
                        error: nil,
                        description: nil,
                        example: nil,
                        typespec: nil,
                        deprecated: nil
                      }
                    },
                    value: binary(),
                    meta: %Zoi.Types.Meta{
                      effects: empty_list(),
                      metadata: empty_list(),
                      required: true,
                      error: nil,
                      description: nil,
                      example: nil,
                      typespec: nil,
                      deprecated: nil
                    }
                  }} or
                   {:messages,
                    %Zoi.Types.Default{
                      inner: %Zoi.Types.Array{
                        inner: %Zoi.Types.Map{
                          key_type: %Zoi.Types.Any{
                            meta: %Zoi.Types.Meta{
                              effects: empty_list(),
                              metadata: empty_list(),
                              required: nil,
                              error: nil,
                              description: nil,
                              example: nil,
                              typespec: nil,
                              deprecated: nil
                            }
                          },
                          value_type: %Zoi.Types.Any{
                            meta: %Zoi.Types.Meta{
                              effects: empty_list(),
                              metadata: empty_list(),
                              required: nil,
                              error: nil,
                              description: nil,
                              example: nil,
                              typespec: nil,
                              deprecated: nil
                            }
                          },
                          fields: nil,
                          unrecognized_keys: :strip,
                          coerce: false,
                          empty_values: empty_list(),
                          meta: %Zoi.Types.Meta{
                            effects: empty_list(),
                            metadata: empty_list(),
                            required: nil,
                            error: nil,
                            description: nil,
                            example: nil,
                            typespec: nil,
                            deprecated: nil
                          }
                        },
                        min_length: nil,
                        max_length: nil,
                        length: nil,
                        unique_items: nil,
                        coerce: false,
                        meta: %Zoi.Types.Meta{
                          effects: empty_list(),
                          metadata: empty_list(),
                          required: nil,
                          error: nil,
                          description: nil,
                          example: nil,
                          typespec: nil,
                          deprecated: nil
                        }
                      },
                      value: non_empty_list(%{content: binary(), role: :system}),
                      meta: %Zoi.Types.Meta{
                        effects: empty_list(),
                        metadata: empty_list(),
                        required: true,
                        error: nil,
                        description: nil,
                        example: nil,
                        typespec: nil,
                        deprecated: nil
                      }
                    }} or
                   {:seen,
                    %Zoi.Types.Default{
                      inner: %Zoi.Types.Array{
                        inner: %Zoi.Types.String{
                          min_length: nil,
                          max_length: nil,
                          length: nil,
                          coerce: false,
                          meta: %Zoi.Types.Meta{
                            effects: empty_list(),
                            metadata: empty_list(),
                            required: nil,
                            error: nil,
                            description: nil,
                            example: nil,
                            typespec: nil,
                            deprecated: nil
                          }
                        },
                        min_length: nil,
                        max_length: nil,
                        length: nil,
                        unique_items: nil,
                        coerce: false,
                        meta: %Zoi.Types.Meta{
                          effects: empty_list(),
                          metadata: empty_list(),
                          required: nil,
                          error: nil,
                          description: nil,
                          example: nil,
                          typespec: nil,
                          deprecated: nil
                        }
                      },
                      value: empty_list(),
                      meta: %Zoi.Types.Meta{
                        effects: empty_list(),
                        metadata: empty_list(),
                        required: true,
                        error: nil,
                        description: nil,
                        example: nil,
                        typespec: nil,
                        deprecated: nil
                      }
                    }}
               ),
             unrecognized_keys: :strip,
             coerce: false,
             empty_values: empty_list(),
             meta: %Zoi.Types.Meta{
               effects: empty_list(),
               metadata: empty_list(),
               required: nil,
               error: nil,
               description: nil,
               example: nil,
               typespec: nil,
               deprecated: nil
             }
           }
         })

     does not have all required keys:

         :max_state_size

     therefore this function will always return nil

     type warning found at:
     │
 170 │       def max_state_size, do: Map.get(__agent_config__(), :max_state_size)
     │       ~~~~~~~~~~~~~~~~~~~~~~~~~~~~~~~~~~~~~~~~~~~~~~~~~~~~~~~~~~~~~~~~~~~~
     │
     └─ lib/jido/agent.ex:170: Jido.Examples.Factory.LiveConversation.max_state_size/0

     warning: incompatible types given to Map.get/2:

         Map.get(__agent_config__(), :max_state_size)

     the map:

         dynamic(%{
           description: binary(),
           metadata: empty_map(),
           name: binary(),
           plugins: non_empty_list({Jido.Examples.BurstBuncher.Timer, empty_list()}),
           routes:
             non_empty_list(%Jido.Signal.Router.Route{
               match: nil,
               path: binary(),
               target: Jido.Examples.BurstBuncher.Add or Jido.Examples.BurstBuncher.Flush,
               priority: integer()
             }),
           schema: %Zoi.Types.Map{
             key_type: nil,
             value_type: nil,
             fields:
               non_empty_list(
                 {:buffer,
                  %Zoi.Types.Default{
                    inner: %Zoi.Types.Array{
                      inner: %Zoi.Types.Map{
                        key_type: %Zoi.Types.Any{
                          meta: %Zoi.Types.Meta{
                            effects: empty_list(),
                            metadata: empty_list(),
                            required: nil,
                            error: nil,
                            description: nil,
                            example: nil,
                            typespec: nil,
                            deprecated: nil
                          }
                        },
                        value_type: %Zoi.Types.Any{
                          meta: %Zoi.Types.Meta{
                            effects: empty_list(),
                            metadata: empty_list(),
                            required: nil,
                            error: nil,
                            description: nil,
                            example: nil,
                            typespec: nil,
                            deprecated: nil
                          }
                        },
                        fields: nil,
                        unrecognized_keys: :strip,
                        coerce: false,
                        empty_values: empty_list(),
                        meta: %Zoi.Types.Meta{
                          effects: empty_list(),
                          metadata: empty_list(),
                          required: nil,
                          error: nil,
                          description: nil,
                          example: nil,
                          typespec: nil,
                          deprecated: nil
                        }
                      },
                      min_length: nil,
                      max_length: nil,
                      length: nil,
                      unique_items: nil,
                      coerce: false,
                      meta: %Zoi.Types.Meta{
                        effects: empty_list(),
                        metadata: empty_list(),
                        required: nil,
                        error: nil,
                        description: nil,
                        example: nil,
                        typespec: nil,
                        deprecated: nil
                      }
                    },
                    value: empty_list(),
                    meta: %Zoi.Types.Meta{
                      effects: empty_list(),
                      metadata: empty_list(),
                      required: true,
                      error: nil,
                      description: nil,
                      example: nil,
                      typespec: nil,
                      deprecated: nil
                    }
                  }} or
                   {:handled_item_ids,
                    %Zoi.Types.Default{
                      inner: %Zoi.Types.Array{
                        inner: %Zoi.Types.String{
                          min_length: nil,
                          max_length: nil,
                          length: nil,
                          coerce: false,
                          meta: %Zoi.Types.Meta{
                            effects: empty_list(),
                            metadata: empty_list(),
                            required: nil,
                            error: nil,
                            description: nil,
                            example: nil,
                            typespec: nil,
                            deprecated: nil
                          }
                        },
                        min_length: nil,
                        max_length: nil,
                        length: nil,
                        unique_items: nil,
                        coerce: false,
                        meta: %Zoi.Types.Meta{
                          effects: empty_list(),
                          metadata: empty_list(),
                          required: nil,
                          error: nil,
                          description: nil,
                          example: nil,
                          typespec: nil,
                          deprecated: nil
                        }
                      },
                      value: empty_list(),
                      meta: %Zoi.Types.Meta{
                        effects: empty_list(),
                        metadata: empty_list(),
                        required: true,
                        error: nil,
                        description: nil,
                        example: nil,
                        typespec: nil,
                        deprecated: nil
                      }
                    }} or
                   {:last_flush_reason,
                    %Zoi.Types.Default{
                      inner: %Zoi.Types.Union{
                        schemas:
                          non_empty_list(
                            %Zoi.Types.Enum{
                              values: non_empty_list({:size, :size} or {:timeout, :timeout}),
                              enum_type: :atom,
                              coerce: false,
                              meta: %Zoi.Types.Meta{
                                effects: empty_list(),
                                metadata: empty_list(),
                                required: nil,
                                error: nil,
                                description: nil,
                                example: nil,
                                typespec: nil,
                                deprecated: nil
                              }
                            } or
                              %Zoi.Types.Null{
                                meta: %Zoi.Types.Meta{
                                  effects: empty_list(),
                                  metadata: empty_list(),
                                  required: nil,
                                  error: nil,
                                  description: nil,
                                  example: nil,
                                  typespec: nil,
                                  deprecated: nil
                                }
                              }
                          ),
                        meta: %Zoi.Types.Meta{
                          effects: empty_list(),
                          metadata: empty_list(),
                          required: nil,
                          error: nil,
                          description: nil,
                          example: nil,
                          typespec: nil,
                          deprecated: nil
                        }
                      },
                      value: nil,
                      meta: %Zoi.Types.Meta{
                        effects: empty_list(),
                        metadata: empty_list(),
                        required: true,
                        error: nil,
                        description: nil,
                        example: nil,
                        typespec: nil,
                        deprecated: nil
                      }
                    }} or
                   {:flush_delay_ms or :max_size or :next_batch_number or :timer_generation,
                    %Zoi.Types.Default{
                      inner: %Zoi.Types.Integer{
                        gte: {integer(), empty_list()},
                        lte: nil,
                        gt: nil,
                        lt: nil,
                        multiple_of: nil,
                        coerce: false,
                        meta: %Zoi.Types.Meta{
                          effects: empty_list(),
                          metadata: empty_list(),
                          required: nil,
                          error: nil,
                          description: nil,
                          example: nil,
                          typespec: nil,
                          deprecated: nil
                        }
                      },
                      value: integer(),
                      meta: %Zoi.Types.Meta{
                        effects: empty_list(),
                        metadata: empty_list(),
                        required: true,
                        error: nil,
                        description: nil,
                        example: nil,
                        typespec: nil,
                        deprecated: nil
                      }
                    }}
               ),
             unrecognized_keys: :strip,
             coerce: false,
             empty_values: empty_list(),
             meta: %Zoi.Types.Meta{
               effects: empty_list(),
               metadata: empty_list(),
               required: nil,
               error: nil,
               description: nil,
               example: nil,
               typespec: nil,
               deprecated: nil
             }
           }
         })

     does not have all required keys:

         :max_state_size

     therefore this function will always return nil

     type warning found at:
     │
 170 │       def max_state_size, do: Map.get(__agent_config__(), :max_state_size)
     │       ~~~~~~~~~~~~~~~~~~~~~~~~~~~~~~~~~~~~~~~~~~~~~~~~~~~~~~~~~~~~~~~~~~~~
     │
     └─ lib/jido/agent.ex:170: Jido.Examples.BurstBuncher.max_state_size/0

     warning: incompatible types given to Map.get/2:

         Map.get(__agent_config__(), :max_state_size)

     the map:

         dynamic(%{
           description: nil,
           metadata: empty_map(),
           name: binary(),
           plugins: empty_list(),
           routes:
             non_empty_list(%Jido.Signal.Router.Route{
               match: nil,
               path: binary(),
               target:
                 Jido.Action.Generated.Inline.A1bb91e6b2cef1bbc40829355a6108318470bd9174fdf33993ace62d9361701f6 or
                   Jido.Examples.KeepState,
               priority: integer()
             }),
           schema: %Zoi.Types.Map{
             key_type: nil,
             value_type: nil,
             fields:
               non_empty_list(
                 {:label,
                  %Zoi.Types.Default{
                    inner: %Zoi.Types.String{
                      min_length: nil,
                      max_length: nil,
                      length: nil,
                      coerce: false,
                      meta: %Zoi.Types.Meta{
                        effects: empty_list(),
                        metadata: empty_list(),
                        required: nil,
                        error: nil,
                        description: nil,
                        example: nil,
                        typespec: nil,
                        deprecated: nil
                      }
                    },
                    value: binary(),
                    meta: %Zoi.Types.Meta{
                      effects: empty_list(),
                      metadata: empty_list(),
                      required: true,
                      error: nil,
                      description: nil,
                      example: nil,
                      typespec: nil,
                      deprecated: nil
                    }
                  }} or
                   {:received or :total,
                    %Zoi.Types.Default{
                      inner: %Zoi.Types.Integer{
                        gte: nil,
                        lte: nil,
                        gt: nil,
                        lt: nil,
                        multiple_of: nil,
                        coerce: false,
                        meta: %Zoi.Types.Meta{
                          effects: empty_list(),
                          metadata: empty_list(),
                          required: nil,
                          error: nil,
                          description: nil,
                          example: nil,
                          typespec: nil,
                          deprecated: nil
                        }
                      },
                      value: integer(),
                      meta: %Zoi.Types.Meta{
                        effects: empty_list(),
                        metadata: empty_list(),
                        required: true,
                        error: nil,
                        description: nil,
                        example: nil,
                        typespec: nil,
                        deprecated: nil
                      }
                    }}
               ),
             unrecognized_keys: :strip,
             coerce: false,
             empty_values: empty_list(),
             meta: %Zoi.Types.Meta{
               effects: empty_list(),
               metadata: empty_list(),
               required: nil,
               error: nil,
               description: nil,
               example: nil,
               typespec: nil,
               deprecated: nil
             }
           }
         })

     does not have all required keys:

         :max_state_size

     therefore this function will always return nil

     type warning found at:
     │
 170 │       def max_state_size, do: Map.get(__agent_config__(), :max_state_size)
     │       ~~~~~~~~~~~~~~~~~~~~~~~~~~~~~~~~~~~~~~~~~~~~~~~~~~~~~~~~~~~~~~~~~~~~
     │
     └─ lib/jido/agent.ex:170: Jido.Examples.Topology.Cell.max_state_size/0

     warning: incompatible types given to Map.get/2:

         Map.get(__agent_config__(), :max_state_size)

     the map:

         dynamic(%{
           description: nil,
           metadata: empty_map(),
           name: binary(),
           plugins: empty_list(),
           routes:
             non_empty_list(%Jido.Signal.Router.Route{
               match: nil,
               path: binary(),
               target: Jido.Examples.OutputRepair.Pipeline,
               priority: integer()
             }),
           schema: %Zoi.Types.Map{
             key_type: nil,
             value_type: nil,
             fields:
               non_empty_list(
                 {:answer,
                  %Zoi.Types.Default{
                    inner: %Zoi.Types.String{
                      min_length: nil,
                      max_length: nil,
                      length: nil,
                      coerce: false,
                      meta: %Zoi.Types.Meta{
                        effects: empty_list(),
                        metadata: empty_list(),
                        required: nil,
                        error: nil,
                        description: nil,
                        example: nil,
                        typespec: nil,
                        deprecated: nil
                      }
                    },
                    value: binary(),
                    meta: %Zoi.Types.Meta{
                      effects: empty_list(),
                      metadata: empty_list(),
                      required: true,
                      error: nil,
                      description: nil,
                      example: nil,
                      typespec: nil,
                      deprecated: nil
                    }
                  }} or
                   {:attempts,
                    %Zoi.Types.Default{
                      inner: %Zoi.Types.Integer{
                        gte: nil,
                        lte: nil,
                        gt: nil,
                        lt: nil,
                        multiple_of: nil,
                        coerce: false,
                        meta: %Zoi.Types.Meta{
                          effects: empty_list(),
                          metadata: empty_list(),
                          required: nil,
                          error: nil,
                          description: nil,
                          example: nil,
                          typespec: nil,
                          deprecated: nil
                        }
                      },
                      value: integer(),
                      meta: %Zoi.Types.Meta{
                        effects: empty_list(),
                        metadata: empty_list(),
                        required: true,
                        error: nil,
                        description: nil,
                        example: nil,
                        typespec: nil,
                        deprecated: nil
                      }
                    }}
               ),
             unrecognized_keys: :strip,
             coerce: false,
             empty_values: empty_list(),
             meta: %Zoi.Types.Meta{
               effects: empty_list(),
               metadata: empty_list(),
               required: nil,
               error: nil,
               description: nil,
               example: nil,
               typespec: nil,
               deprecated: nil
             }
           }
         })

     does not have all required keys:

         :max_state_size

     therefore this function will always return nil

     type warning found at:
     │
 170 │       def max_state_size, do: Map.get(__agent_config__(), :max_state_size)
     │       ~~~~~~~~~~~~~~~~~~~~~~~~~~~~~~~~~~~~~~~~~~~~~~~~~~~~~~~~~~~~~~~~~~~~
     │
     └─ lib/jido/agent.ex:170: Jido.Examples.OutputRepair.max_state_size/0

     warning: incompatible types given to Map.get/2:

         Map.get(__agent_config__(), :max_state_size)

     the map:

         dynamic(%{
           description: nil,
           metadata: empty_map(),
           name: binary(),
           plugins: empty_list(),
           routes:
             non_empty_list(%Jido.Signal.Router.Route{
               match: nil,
               path: binary(),
               target:
                 {Jido.Examples.EffectfulSteps.Pipeline, %{allowed: true, expected_revision: binary()}},
               priority: integer()
             }),
           schema: %Zoi.Types.Map{
             key_type: nil,
             value_type: nil,
             fields:
               non_empty_list(
                 {:key,
                  %Zoi.Types.Default{
                    inner: %Zoi.Types.String{
                      min_length: nil,
                      max_length: nil,
                      length: nil,
                      coerce: false,
                      meta: %Zoi.Types.Meta{
                        effects: empty_list(),
                        metadata: empty_list(),
                        required: nil,
                        error: nil,
                        description: nil,
                        example: nil,
                        typespec: nil,
                        deprecated: nil
                      }
                    },
                    value: binary(),
                    meta: %Zoi.Types.Meta{
                      effects: empty_list(),
                      metadata: empty_list(),
                      required: true,
                      error: nil,
                      description: nil,
                      example: nil,
                      typespec: nil,
                      deprecated: nil
                    }
                  }} or
                   {:result,
                    %Zoi.Types.Default{
                      inner: %Zoi.Types.Map{
                        key_type: %Zoi.Types.Any{
                          meta: %Zoi.Types.Meta{
                            effects: empty_list(),
                            metadata: empty_list(),
                            required: nil,
                            error: nil,
                            description: nil,
                            example: nil,
                            typespec: nil,
                            deprecated: nil
                          }
                        },
                        value_type: %Zoi.Types.Any{
                          meta: %Zoi.Types.Meta{
                            effects: empty_list(),
                            metadata: empty_list(),
                            required: nil,
                            error: nil,
                            description: nil,
                            example: nil,
                            typespec: nil,
                            deprecated: nil
                          }
                        },
                        fields: nil,
                        unrecognized_keys: :strip,
                        coerce: false,
                        empty_values: empty_list(),
                        meta: %Zoi.Types.Meta{
                          effects: empty_list(),
                          metadata: empty_list(),
                          required: nil,
                          error: nil,
                          description: nil,
                          example: nil,
                          typespec: nil,
                          deprecated: nil
                        }
                      },
                      value: empty_map(),
                      meta: %Zoi.Types.Meta{
                        effects: empty_list(),
                        metadata: empty_list(),
                        required: true,
                        error: nil,
                        description: nil,
                        example: nil,
                        typespec: nil,
                        deprecated: nil
                      }
                    }}
               ),
             unrecognized_keys: :strip,
             coerce: false,
             empty_values: empty_list(),
             meta: %Zoi.Types.Meta{
               effects: empty_list(),
               metadata: empty_list(),
               required: nil,
               error: nil,
               description: nil,
               example: nil,
               typespec: nil,
               deprecated: nil
             }
           }
         })

     does not have all required keys:

         :max_state_size

     therefore this function will always return nil

     type warning found at:
     │
 170 │       def max_state_size, do: Map.get(__agent_config__(), :max_state_size)
     │       ~~~~~~~~~~~~~~~~~~~~~~~~~~~~~~~~~~~~~~~~~~~~~~~~~~~~~~~~~~~~~~~~~~~~
     │
     └─ lib/jido/agent.ex:170: Jido.Examples.EffectfulSteps.max_state_size/0

     warning: incompatible types given to Map.get/2:

         Map.get(__agent_config__(), :max_state_size)

     the map:

         dynamic(%{
           description: binary(),
           metadata: empty_map(),
           name: binary(),
           plugins: non_empty_list({Jido.Examples.ApprovalWorkflow.BookingPlugin, empty_list()}),
           routes:
             non_empty_list(%Jido.Signal.Router.Route{
               match: nil,
               path: binary(),
               target:
                 Jido.Examples.ApprovalWorkflow.ApproveBooking or
                   Jido.Examples.ApprovalWorkflow.BookingFailed or
                   Jido.Examples.ApprovalWorkflow.BookingSucceeded or Jido.Examples.ApprovalWorkflow.Cancel or
                   Jido.Examples.ApprovalWorkflow.SearchFlow or Jido.Examples.ApprovalWorkflow.SelectFare,
               priority: integer()
             }),
           schema: %Zoi.Types.Map{
             key_type: nil,
             value_type: nil,
             fields:
               non_empty_list(
                 {:approval,
                  %Zoi.Types.Default{
                    inner: %Zoi.Types.Enum{
                      values:
                        non_empty_list(
                          {:approved, :approved} or {:not_requested, :not_requested} or
                            {:pending, :pending}
                        ),
                      enum_type: :atom,
                      coerce: false,
                      meta: %Zoi.Types.Meta{
                        effects: empty_list(),
                        metadata: empty_list(),
                        required: nil,
                        error: nil,
                        description: nil,
                        example: nil,
                        typespec: nil,
                        deprecated: nil
                      }
                    },
                    value: :not_requested,
                    meta: %Zoi.Types.Meta{
                      effects: empty_list(),
                      metadata: empty_list(),
                      required: true,
                      error: nil,
                      description: nil,
                      example: nil,
                      typespec: nil,
                      deprecated: nil
                    }
                  }} or
                   {:booking_status,
                    %Zoi.Types.Default{
                      inner: %Zoi.Types.Enum{
                        values:
                          non_empty_list(
                            {:awaiting_approval, :awaiting_approval} or
                              {:awaiting_selection, :awaiting_selection} or {:booked, :booked} or
                              {:cancelled, :cancelled} or {:failed, :failed} or {:idle, :idle} or
                              {:submitting, :submitting}
                          ),
                        enum_type: :atom,
                        coerce: false,
                        meta: %Zoi.Types.Meta{
                          effects: empty_list(),
                          metadata: empty_list(),
                          required: nil,
                          error: nil,
                          description: nil,
                          example: nil,
                          typespec: nil,
                          deprecated: nil
                        }
                      },
                      value: :idle,
                      meta: %Zoi.Types.Meta{
                        effects: empty_list(),
                        metadata: empty_list(),
                        required: true,
                        error: nil,
                        description: nil,
                        example: nil,
                        typespec: nil,
                        deprecated: nil
                      }
                    }} or
                   {:offered_options,
                    %Zoi.Types.Default{
                      inner: %Zoi.Types.Array{
                        inner: %Zoi.Types.Map{
                          key_type: %Zoi.Types.Any{
                            meta: %Zoi.Types.Meta{
                              effects: empty_list(),
                              metadata: empty_list(),
                              required: nil,
                              error: nil,
                              description: nil,
                              example: nil,
                              typespec: nil,
                              deprecated: nil
                            }
                          },
                          value_type: %Zoi.Types.Any{
                            meta: %Zoi.Types.Meta{
                              effects: empty_list(),
                              metadata: empty_list(),
                              required: nil,
                              error: nil,
                              description: nil,
                              example: nil,
                              typespec: nil,
                              deprecated: nil
                            }
                          },
                          fields: nil,
                          unrecognized_keys: :strip,
                          coerce: false,
                          empty_values: empty_list(),
                          meta: %Zoi.Types.Meta{
                            effects: empty_list(),
                            metadata: empty_list(),
                            required: nil,
                            error: nil,
                            description: nil,
                            example: nil,
                            typespec: nil,
                            deprecated: nil
                          }
                        },
                        min_length: nil,
                        max_length: nil,
                        length: nil,
                        unique_items: nil,
                        coerce: false,
                        meta: %Zoi.Types.Meta{
                          effects: empty_list(),
                          metadata: empty_list(),
                          required: nil,
                          error: nil,
                          description: nil,
                          example: nil,
                          typespec: nil,
                          deprecated: nil
                        }
                      },
                      value: empty_list(),
                      meta: %Zoi.Types.Meta{
                        effects: empty_list(),
                        metadata: empty_list(),
                        required: true,
                        error: nil,
                        description: nil,
                        example: nil,
                        typespec: nil,
                        deprecated: nil
                      }
                    }} or
                   {:search_revision,
                    %Zoi.Types.Default{
                      inner: %Zoi.Types.Integer{
                        gte: {integer(), empty_list()},
                        lte: nil,
                        gt: nil,
                        lt: nil,
                        multiple_of: nil,
                        coerce: false,
                        meta: %Zoi.Types.Meta{
                          effects: empty_list(),
                          metadata: empty_list(),
                          required: nil,
                          error: nil,
                          description: nil,
                          example: nil,
                          typespec: nil,
                          deprecated: nil
                        }
                      },
                      value: integer(),
                      meta: %Zoi.Types.Meta{
                        effects: empty_list(),
                        metadata: empty_list(),
                        required: true,
                        error: nil,
                        description: nil,
                        example: nil,
                        typespec: nil,
                        deprecated: nil
                      }
                    }} or
                   {:selection or :trip_constraints,
                    %Zoi.Types.Default{
                      inner: %Zoi.Types.Map{
                        key_type: %Zoi.Types.Any{
                          meta: %Zoi.Types.Meta{
                            effects: empty_list(),
                            metadata: empty_list(),
                            required: nil,
                            error: nil,
                            description: nil,
                            example: nil,
                            typespec: nil,
                            deprecated: nil
                          }
                        },
                        value_type: %Zoi.Types.Any{
                          meta: %Zoi.Types.Meta{
                            effects: empty_list(),
                            metadata: empty_list(),
                            required: nil,
                            error: nil,
                            description: nil,
                            example: nil,
                            typespec: nil,
                            deprecated: nil
                          }
                        },
                        fields: nil,
                        unrecognized_keys: :strip,
                        coerce: false,
                        empty_values: empty_list(),
                        meta: %Zoi.Types.Meta{
                          effects: empty_list(),
                          metadata: empty_list(),
                          required: nil,
                          error: nil,
                          description: nil,
                          example: nil,
                          typespec: nil,
                          deprecated: nil
                        }
                      },
                      value: empty_map(),
                      meta: %Zoi.Types.Meta{
                        effects: empty_list(),
                        metadata: empty_list(),
                        required: true,
                        error: nil,
                        description: nil,
                        example: nil,
                        typespec: nil,
                        deprecated: nil
                      }
                    }} or
                   {:booking_id or :booking_key or :last_error or :passenger_ref,
                    %Zoi.Types.Default{
                      inner: %Zoi.Types.String{
                        min_length: nil,
                        max_length: nil,
                        length: nil,
                        coerce: false,
                        meta: %Zoi.Types.Meta{
                          effects: empty_list(),
                          metadata: empty_list(),
                          required: nil,
                          error: nil,
                          description: nil,
                          example: nil,
                          typespec: nil,
                          deprecated: nil
                        }
                      },
                      value: binary(),
                      meta: %Zoi.Types.Meta{
                        effects: empty_list(),
                        metadata: empty_list(),
                        required: true,
                        error: nil,
                        description: nil,
                        example: nil,
                        typespec: nil,
                        deprecated: nil
                      }
                    }}
               ),
             unrecognized_keys: :strip,
             coerce: false,
             empty_values: empty_list(),
             meta: %Zoi.Types.Meta{
               effects: empty_list(),
               metadata: empty_list(),
               required: nil,
               error: nil,
               description: nil,
               example: nil,
               typespec: nil,
               deprecated: nil
             }
           }
         })

     does not have all required keys:

         :max_state_size

     therefore this function will always return nil

     type warning found at:
     │
 170 │       def max_state_size, do: Map.get(__agent_config__(), :max_state_size)
     │       ~~~~~~~~~~~~~~~~~~~~~~~~~~~~~~~~~~~~~~~~~~~~~~~~~~~~~~~~~~~~~~~~~~~~
     │
     └─ lib/jido/agent.ex:170: Jido.Examples.ApprovalWorkflow.max_state_size/0

     warning: incompatible types given to Map.get/2:

         Map.get(__agent_config__(), :max_state_size)

     the map:

         dynamic(%{
           description: binary(),
           metadata: empty_map(),
           name: binary(),
           plugins: empty_list(),
           routes:
             non_empty_list(%Jido.Signal.Router.Route{
               match: nil,
               path: binary(),
               target: Jido.Examples.ReActAgent.ReasonFlow,
               priority: integer()
             }),
           schema: %Zoi.Types.Map{
             key_type: nil,
             value_type: nil,
             fields:
               non_empty_list(
                 {:last_answer,
                  %Zoi.Types.Default{
                    inner: %Zoi.Types.String{
                      min_length: nil,
                      max_length: nil,
                      length: nil,
                      coerce: false,
                      meta: %Zoi.Types.Meta{
                        effects: empty_list(),
                        metadata: empty_list(),
                        required: nil,
                        error: nil,
                        description: nil,
                        example: nil,
                        typespec: nil,
                        deprecated: nil
                      }
                    },
                    value: binary(),
                    meta: %Zoi.Types.Meta{
                      effects: empty_list(),
                      metadata: empty_list(),
                      required: true,
                      error: nil,
                      description: nil,
                      example: nil,
                      typespec: nil,
                      deprecated: nil
                    }
                  }} or
                   {:messages,
                    %Zoi.Types.Default{
                      inner: %Zoi.Types.Array{
                        inner: %Zoi.Types.Map{
                          key_type: %Zoi.Types.Any{
                            meta: %Zoi.Types.Meta{
                              effects: empty_list(),
                              metadata: empty_list(),
                              required: nil,
                              error: nil,
                              description: nil,
                              example: nil,
                              typespec: nil,
                              deprecated: nil
                            }
                          },
                          value_type: %Zoi.Types.Any{
                            meta: %Zoi.Types.Meta{
                              effects: empty_list(),
                              metadata: empty_list(),
                              required: nil,
                              error: nil,
                              description: nil,
                              example: nil,
                              typespec: nil,
                              deprecated: nil
                            }
                          },
                          fields: nil,
                          unrecognized_keys: :strip,
                          coerce: false,
                          empty_values: empty_list(),
                          meta: %Zoi.Types.Meta{
                            effects: empty_list(),
                            metadata: empty_list(),
                            required: nil,
                            error: nil,
                            description: nil,
                            example: nil,
                            typespec: nil,
                            deprecated: nil
                          }
                        },
                        min_length: nil,
                        max_length: nil,
                        length: nil,
                        unique_items: nil,
                        coerce: false,
                        meta: %Zoi.Types.Meta{
                          effects: empty_list(),
                          metadata: empty_list(),
                          required: nil,
                          error: nil,
                          description: nil,
                          example: nil,
                          typespec: nil,
                          deprecated: nil
                        }
                      },
                      value: empty_list(),
                      meta: %Zoi.Types.Meta{
                        effects: empty_list(),
                        metadata: empty_list(),
                        required: true,
                        error: nil,
                        description: nil,
                        example: nil,
                        typespec: nil,
                        deprecated: nil
                      }
                    }} or
                   {:turns,
                    %Zoi.Types.Default{
                      inner: %Zoi.Types.Integer{
                        gte: {integer(), empty_list()},
                        lte: nil,
                        gt: nil,
                        lt: nil,
                        multiple_of: nil,
                        coerce: false,
                        meta: %Zoi.Types.Meta{
                          effects: empty_list(),
                          metadata: empty_list(),
                          required: nil,
                          error: nil,
                          description: nil,
                          example: nil,
                          typespec: nil,
                          deprecated: nil
                        }
                      },
                      value: integer(),
                      meta: %Zoi.Types.Meta{
                        effects: empty_list(),
                        metadata: empty_list(),
                        required: true,
                        error: nil,
                        description: nil,
                        example: nil,
                        typespec: nil,
                        deprecated: nil
                      }
                    }}
               ),
             unrecognized_keys: :strip,
             coerce: false,
             empty_values: empty_list(),
             meta: %Zoi.Types.Meta{
               effects: empty_list(),
               metadata: empty_list(),
               required: nil,
               error: nil,
               description: nil,
               example: nil,
               typespec: nil,
               deprecated: nil
             }
           }
         })

     does not have all required keys:

         :max_state_size

     therefore this function will always return nil

     type warning found at:
     │
 170 │       def max_state_size, do: Map.get(__agent_config__(), :max_state_size)
     │       ~~~~~~~~~~~~~~~~~~~~~~~~~~~~~~~~~~~~~~~~~~~~~~~~~~~~~~~~~~~~~~~~~~~~
     │
     └─ lib/jido/agent.ex:170: Jido.Examples.ReActAgent.max_state_size/0

     warning: incompatible types given to Map.get/2:

         Map.get(__agent_config__(), :max_state_size)

     the map:

         dynamic(%{
           description: binary(),
           metadata: empty_map(),
           name: binary(),
           plugins: empty_list(),
           routes:
             non_empty_list(%Jido.Signal.Router.Route{
               match: nil,
               path: binary(),
               target: Jido.Examples.AuditOutbox.Change,
               priority: integer()
             }),
           schema: %Zoi.Types.Map{
             key_type: nil,
             value_type: nil,
             fields:
               non_empty_list(
                 {:audit_outbox,
                  %Zoi.Types.Default{
                    inner: %Zoi.Types.Array{
                      inner: %Zoi.Types.Map{
                        key_type: %Zoi.Types.Any{
                          meta: %Zoi.Types.Meta{
                            effects: empty_list(),
                            metadata: empty_list(),
                            required: nil,
                            error: nil,
                            description: nil,
                            example: nil,
                            typespec: nil,
                            deprecated: nil
                          }
                        },
                        value_type: %Zoi.Types.Any{
                          meta: %Zoi.Types.Meta{
                            effects: empty_list(),
                            metadata: empty_list(),
                            required: nil,
                            error: nil,
                            description: nil,
                            example: nil,
                            typespec: nil,
                            deprecated: nil
                          }
                        },
                        fields: nil,
                        unrecognized_keys: :strip,
                        coerce: false,
                        empty_values: empty_list(),
                        meta: %Zoi.Types.Meta{
                          effects: empty_list(),
                          metadata: empty_list(),
                          required: nil,
                          error: nil,
                          description: nil,
                          example: nil,
                          typespec: nil,
                          deprecated: nil
                        }
                      },
                      min_length: nil,
                      max_length: nil,
                      length: nil,
                      unique_items: nil,
                      coerce: false,
                      meta: %Zoi.Types.Meta{
                        effects: empty_list(),
                        metadata: empty_list(),
                        required: nil,
                        error: nil,
                        description: nil,
                        example: nil,
                        typespec: nil,
                        deprecated: nil
                      }
                    },
                    value: empty_list(),
                    meta: %Zoi.Types.Meta{
                      effects: empty_list(),
                      metadata: empty_list(),
                      required: true,
                      error: nil,
                      description: nil,
                      example: nil,
                      typespec: nil,
                      deprecated: nil
                    }
                  }} or
                   {:balance,
                    %Zoi.Types.Default{
                      inner: %Zoi.Types.Integer{
                        gte: nil,
                        lte: nil,
                        gt: nil,
                        lt: nil,
                        multiple_of: nil,
                        coerce: false,
                        meta: %Zoi.Types.Meta{
                          effects: empty_list(),
                          metadata: empty_list(),
                          required: nil,
                          error: nil,
                          description: nil,
                          example: nil,
                          typespec: nil,
                          deprecated: nil
                        }
                      },
                      value: integer(),
                      meta: %Zoi.Types.Meta{
                        effects: empty_list(),
                        metadata: empty_list(),
                        required: true,
                        error: nil,
                        description: nil,
                        example: nil,
                        typespec: nil,
                        deprecated: nil
                      }
                    }}
               ),
             unrecognized_keys: :strip,
             coerce: false,
             empty_values: empty_list(),
             meta: %Zoi.Types.Meta{
               effects: empty_list(),
               metadata: empty_list(),
               required: nil,
               error: nil,
               description: nil,
               example: nil,
               typespec: nil,
               deprecated: nil
             }
           }
         })

     does not have all required keys:

         :max_state_size

     therefore this function will always return nil

     type warning found at:
     │
 170 │       def max_state_size, do: Map.get(__agent_config__(), :max_state_size)
     │       ~~~~~~~~~~~~~~~~~~~~~~~~~~~~~~~~~~~~~~~~~~~~~~~~~~~~~~~~~~~~~~~~~~~~
     │
     └─ lib/jido/agent.ex:170: Jido.Examples.AuditOutbox.max_state_size/0

     warning: incompatible types given to Map.get/2:

         Map.get(__agent_config__(), :max_state_size)

     the map:

         dynamic(%{
           description: nil,
           metadata: empty_map(),
           name: binary(),
           plugins: non_empty_list(JidoTest.AgentRuntimeFixtures.BootPlugin),
           routes: non_empty_list({binary(), JidoTest.AgentRuntimeFixtures.Record}),
           schema: %Zoi.Types.Map{
             key_type: nil,
             value_type: nil,
             fields:
               non_empty_list(
                 {:events,
                  %Zoi.Types.Default{
                    inner: %Zoi.Types.Array{
                      inner: %Zoi.Types.Any{
                        meta: %Zoi.Types.Meta{
                          effects: empty_list(),
                          metadata: empty_list(),
                          required: nil,
                          error: nil,
                          description: nil,
                          example: nil,
                          typespec: nil,
                          deprecated: nil
                        }
                      },
                      min_length: nil,
                      max_length: nil,
                      length: nil,
                      unique_items: nil,
                      coerce: false,
                      meta: %Zoi.Types.Meta{
                        effects: empty_list(),
                        metadata: empty_list(),
                        required: nil,
                        error: nil,
                        description: nil,
                        example: nil,
                        typespec: nil,
                        deprecated: nil
                      }
                    },
                    value: empty_list(),
                    meta: %Zoi.Types.Meta{
                      effects: empty_list(),
                      metadata: empty_list(),
                      required: true,
                      error: nil,
                      description: nil,
                      example: nil,
                      typespec: nil,
                      deprecated: nil
                    }
                  }}
               ),
             unrecognized_keys: :strip,
             coerce: false,
             empty_values: empty_list(),
             meta: %Zoi.Types.Meta{
               effects: empty_list(),
               metadata: empty_list(),
               required: nil,
               error: nil,
               description: nil,
               example: nil,
               typespec: nil,
               deprecated: nil
             }
           }
         })

     does not have all required keys:

         :max_state_size

     therefore this function will always return nil

     type warning found at:
     │
 170 │       def max_state_size, do: Map.get(__agent_config__(), :max_state_size)
     │       ~~~~~~~~~~~~~~~~~~~~~~~~~~~~~~~~~~~~~~~~~~~~~~~~~~~~~~~~~~~~~~~~~~~~
     │
     └─ lib/jido/agent.ex:170: JidoTest.AgentRuntimeFixtures.PluginRuntimeAgent.max_state_size/0

     warning: incompatible types given to Map.get/2:

         Map.get(__agent_config__(), :max_state_size)

     the map:

         dynamic(%{
           description: nil,
           metadata: empty_map(),
           name: binary(),
           plugins: non_empty_list(Jido.Plugin.Scheduler),
           routes:
             non_empty_list(
               {binary(),
                JidoTest.AgentRuntimeFixtures.Record or JidoTest.AgentRuntimeFixtures.ReturnDirective or
                  JidoTest.AgentRuntimeFixtures.Tick}
             ),
           schema: %Zoi.Types.Map{
             key_type: nil,
             value_type: nil,
             fields:
               non_empty_list(
                 {:events,
                  %Zoi.Types.Default{
                    inner: %Zoi.Types.Array{
                      inner: %Zoi.Types.Any{
                        meta: %Zoi.Types.Meta{
                          effects: empty_list(),
                          metadata: empty_list(),
                          required: nil,
                          error: nil,
                          description: nil,
                          example: nil,
                          typespec: nil,
                          deprecated: nil
                        }
                      },
                      min_length: nil,
                      max_length: nil,
                      length: nil,
                      unique_items: nil,
                      coerce: false,
                      meta: %Zoi.Types.Meta{
                        effects: empty_list(),
                        metadata: empty_list(),
                        required: nil,
                        error: nil,
                        description: nil,
                        example: nil,
                        typespec: nil,
                        deprecated: nil
                      }
                    },
                    value: empty_list(),
                    meta: %Zoi.Types.Meta{
                      effects: empty_list(),
                      metadata: empty_list(),
                      required: true,
                      error: nil,
                      description: nil,
                      example: nil,
                      typespec: nil,
                      deprecated: nil
                    }
                  }} or
                   {:ticks,
                    %Zoi.Types.Default{
                      inner: %Zoi.Types.Integer{
                        gte: nil,
                        lte: nil,
                        gt: nil,
                        lt: nil,
                        multiple_of: nil,
                        coerce: false,
                        meta: %Zoi.Types.Meta{
                          effects: empty_list(),
                          metadata: empty_list(),
                          required: nil,
                          error: nil,
                          description: nil,
                          example: nil,
                          typespec: nil,
                          deprecated: nil
                        }
                      },
                      value: integer(),
                      meta: %Zoi.Types.Meta{
                        effects: empty_list(),
                        metadata: empty_list(),
                        required: true,
                        error: nil,
                        description: nil,
                        example: nil,
                        typespec: nil,
                        deprecated: nil
                      }
                    }}
               ),
             unrecognized_keys: :strip,
             coerce: false,
             empty_values: empty_list(),
             meta: %Zoi.Types.Meta{
               effects: empty_list(),
               metadata: empty_list(),
               required: nil,
               error: nil,
               description: nil,
               example: nil,
               typespec: nil,
               deprecated: nil
             }
           }
         })

     does not have all required keys:

         :max_state_size

     therefore this function will always return nil

     type warning found at:
     │
 170 │       def max_state_size, do: Map.get(__agent_config__(), :max_state_size)
     │       ~~~~~~~~~~~~~~~~~~~~~~~~~~~~~~~~~~~~~~~~~~~~~~~~~~~~~~~~~~~~~~~~~~~~
     │
     └─ lib/jido/agent.ex:170: JidoTest.AgentRuntimeFixtures.RuntimeAgent.max_state_size/0

     warning: incompatible types given to Map.get/2:

         Map.get(__agent_config__(), :max_state_size)

     the map:

         dynamic(%{
           description: nil,
           metadata: empty_map(),
           name: binary(),
           plugins: empty_list(),
           routes:
             non_empty_list(
               {binary(),
                JidoTest.AgentRuntimeFixtures.Record or JidoTest.AgentRuntimeFixtures.ReplyToParent}
             ),
           schema: %Zoi.Types.Map{
             key_type: nil,
             value_type: nil,
             fields:
               non_empty_list(
                 {:events,
                  %Zoi.Types.Default{
                    inner: %Zoi.Types.Array{
                      inner: %Zoi.Types.Any{
                        meta: %Zoi.Types.Meta{
                          effects: empty_list(),
                          metadata: empty_list(),
                          required: nil,
                          error: nil,
                          description: nil,
                          example: nil,
                          typespec: nil,
                          deprecated: nil
                        }
                      },
                      min_length: nil,
                      max_length: nil,
                      length: nil,
                      unique_items: nil,
                      coerce: false,
                      meta: %Zoi.Types.Meta{
                        effects: empty_list(),
                        metadata: empty_list(),
                        required: nil,
                        error: nil,
                        description: nil,
                        example: nil,
                        typespec: nil,
                        deprecated: nil
                      }
                    },
                    value: empty_list(),
                    meta: %Zoi.Types.Meta{
                      effects: empty_list(),
                      metadata: empty_list(),
                      required: true,
                      error: nil,
                      description: nil,
                      example: nil,
                      typespec: nil,
                      deprecated: nil
                    }
                  }}
               ),
             unrecognized_keys: :strip,
             coerce: false,
             empty_values: empty_list(),
             meta: %Zoi.Types.Meta{
               effects: empty_list(),
               metadata: empty_list(),
               required: nil,
               error: nil,
               description: nil,
               example: nil,
               typespec: nil,
               deprecated: nil
             }
           }
         })

     does not have all required keys:

         :max_state_size

     therefore this function will always return nil

     type warning found at:
     │
 170 │       def max_state_size, do: Map.get(__agent_config__(), :max_state_size)
     │       ~~~~~~~~~~~~~~~~~~~~~~~~~~~~~~~~~~~~~~~~~~~~~~~~~~~~~~~~~~~~~~~~~~~~
     │
     └─ lib/jido/agent.ex:170: JidoTest.AgentRuntimeFixtures.ChildAgent.max_state_size/0

     warning: incompatible types given to Map.get/2:

         Map.get(__agent_config__(), :max_state_size)

     the map:

         dynamic(%{
           description: binary(),
           metadata: empty_map(),
           name: binary(),
           plugins: non_empty_list({Jido.Plugin.Scheduler, empty_list()}),
           routes:
             non_empty_list(%Jido.Signal.Router.Route{
               match: nil,
               path: binary(),
               target:
                 Jido.Action.Generated.Inline.Ab630cf59da67556a75cba3cf8fe4c182e812caf7da401a0fc4f6981526767cce or
                   Jido.Action.Generated.Inline.Ac0b299e54ded5da5d9cb1bd4c0fcb4e49c618dec0f8254d9cd61e0baf0e12aaa or
                   Jido.Examples.ScheduledCounter.ScheduleOnce or
                   {Jido.Examples.ScheduledCounter.EnableCron, %{expression: binary()}},
               priority: integer()
             }),
           schema: %Zoi.Types.Map{
             key_type: nil,
             value_type: nil,
             fields:
               non_empty_list(
                 {:cron_enabled,
                  %Zoi.Types.Default{
                    inner: %Zoi.Types.Boolean{
                      coerce: false,
                      meta: %Zoi.Types.Meta{
                        effects: empty_list(),
                        metadata: empty_list(),
                        required: nil,
                        error: nil,
                        description: nil,
                        example: nil,
                        typespec: nil,
                        deprecated: nil
                      }
                    },
                    value: false,
                    meta: %Zoi.Types.Meta{
                      effects: empty_list(),
                      metadata: empty_list(),
                      required: true,
                      error: nil,
                      description: nil,
                      example: nil,
                      typespec: nil,
                      deprecated: nil
                    }
                  }} or
                   {:count or :schedule_requests,
                    %Zoi.Types.Default{
                      inner: %Zoi.Types.Integer{
                        gte: {integer(), empty_list()},
                        lte: nil,
                        gt: nil,
                        lt: nil,
                        multiple_of: nil,
                        coerce: false,
                        meta: %Zoi.Types.Meta{
                          effects: empty_list(),
                          metadata: empty_list(),
                          required: nil,
                          error: nil,
                          description: nil,
                          example: nil,
                          typespec: nil,
                          deprecated: nil
                        }
                      },
                      value: integer(),
                      meta: %Zoi.Types.Meta{
                        effects: empty_list(),
                        metadata: empty_list(),
                        required: true,
                        error: nil,
                        description: nil,
                        example: nil,
                        typespec: nil,
                        deprecated: nil
                      }
                    }}
               ),
             unrecognized_keys: :strip,
             coerce: false,
             empty_values: empty_list(),
             meta: %Zoi.Types.Meta{
               effects: empty_list(),
               metadata: empty_list(),
               required: nil,
               error: nil,
               description: nil,
               example: nil,
               typespec: nil,
               deprecated: nil
             }
           }
         })

     does not have all required keys:

         :max_state_size

     therefore this function will always return nil

     type warning found at:
     │
 170 │       def max_state_size, do: Map.get(__agent_config__(), :max_state_size)
     │       ~~~~~~~~~~~~~~~~~~~~~~~~~~~~~~~~~~~~~~~~~~~~~~~~~~~~~~~~~~~~~~~~~~~~
     │
     └─ lib/jido/agent.ex:170: Jido.Examples.ScheduledCounter.max_state_size/0

     warning: incompatible types given to Map.get/2:

         Map.get(__agent_config__(), :max_state_size)

     the map:

         dynamic(%{
           description: nil,
           metadata: empty_map(),
           name: binary(),
           plugins: empty_list(),
           routes:
             non_empty_list(%Jido.Signal.Router.Route{
               match: nil,
               path: binary(),
               target: Jido.Examples.CausalTrace.Compute,
               priority: integer()
             }),
           schema: %Zoi.Types.Map{
             key_type: nil,
             value_type: nil,
             fields:
               non_empty_list(
                 {:value,
                  %Zoi.Types.Default{
                    inner: %Zoi.Types.Integer{
                      gte: nil,
                      lte: nil,
                      gt: nil,
                      lt: nil,
                      multiple_of: nil,
                      coerce: false,
                      meta: %Zoi.Types.Meta{
                        effects: empty_list(),
                        metadata: empty_list(),
                        required: nil,
                        error: nil,
                        description: nil,
                        example: nil,
                        typespec: nil,
                        deprecated: nil
                      }
                    },
                    value: integer(),
                    meta: %Zoi.Types.Meta{
                      effects: empty_list(),
                      metadata: empty_list(),
                      required: true,
                      error: nil,
                      description: nil,
                      example: nil,
                      typespec: nil,
                      deprecated: nil
                    }
                  }}
               ),
             unrecognized_keys: :strip,
             coerce: false,
             empty_values: empty_list(),
             meta: %Zoi.Types.Meta{
               effects: empty_list(),
               metadata: empty_list(),
               required: nil,
               error: nil,
               description: nil,
               example: nil,
               typespec: nil,
               deprecated: nil
             }
           }
         })

     does not have all required keys:

         :max_state_size

     therefore this function will always return nil

     type warning found at:
     │
 170 │       def max_state_size, do: Map.get(__agent_config__(), :max_state_size)
     │       ~~~~~~~~~~~~~~~~~~~~~~~~~~~~~~~~~~~~~~~~~~~~~~~~~~~~~~~~~~~~~~~~~~~~
     │
     └─ lib/jido/agent.ex:170: Jido.Examples.CausalTrace.Worker.max_state_size/0

     warning: incompatible types given to Map.get/2:

         Map.get(__agent_config__(), :max_state_size)

     the map:

         dynamic(%{
           description: nil,
           metadata: empty_map(),
           name: binary(),
           plugins: empty_list(),
           routes:
             non_empty_list(%Jido.Signal.Router.Route{
               match: nil,
               path: binary(),
               target:
                 Jido.Examples.CausalTrace.Begin or Jido.Examples.CausalTrace.Collect or
                   Jido.Examples.KeepState,
               priority: integer()
             }),
           schema: %Zoi.Types.Map{
             key_type: nil,
             value_type: nil,
             fields:
               non_empty_list(
                 {:results,
                  %Zoi.Types.Default{
                    inner: %Zoi.Types.Map{
                      key_type: %Zoi.Types.Any{
                        meta: %Zoi.Types.Meta{
                          effects: empty_list(),
                          metadata: empty_list(),
                          required: nil,
                          error: nil,
                          description: nil,
                          example: nil,
                          typespec: nil,
                          deprecated: nil
                        }
                      },
                      value_type: %Zoi.Types.Any{
                        meta: %Zoi.Types.Meta{
                          effects: empty_list(),
                          metadata: empty_list(),
                          required: nil,
                          error: nil,
                          description: nil,
                          example: nil,
                          typespec: nil,
                          deprecated: nil
                        }
                      },
                      fields: nil,
                      unrecognized_keys: :strip,
                      coerce: false,
                      empty_values: empty_list(),
                      meta: %Zoi.Types.Meta{
                        effects: empty_list(),
                        metadata: empty_list(),
                        required: nil,
                        error: nil,
                        description: nil,
                        example: nil,
                        typespec: nil,
                        deprecated: nil
                      }
                    },
                    value: empty_map(),
                    meta: %Zoi.Types.Meta{
                      effects: empty_list(),
                      metadata: empty_list(),
                      required: true,
                      error: nil,
                      description: nil,
                      example: nil,
                      typespec: nil,
                      deprecated: nil
                    }
                  }} or
                   {:private or :request_id,
                    %Zoi.Types.Default{
                      inner: %Zoi.Types.String{
                        min_length: nil,
                        max_length: nil,
                        length: nil,
                        coerce: false,
                        meta: %Zoi.Types.Meta{
                          effects: empty_list(),
                          metadata: empty_list(),
                          required: nil,
                          error: nil,
                          description: nil,
                          example: nil,
                          typespec: nil,
                          deprecated: nil
                        }
                      },
                      value: binary(),
                      meta: %Zoi.Types.Meta{
                        effects: empty_list(),
                        metadata: empty_list(),
                        required: true,
                        error: nil,
                        description: nil,
                        example: nil,
                        typespec: nil,
                        deprecated: nil
                      }
                    }}
               ),
             unrecognized_keys: :strip,
             coerce: false,
             empty_values: empty_list(),
             meta: %Zoi.Types.Meta{
               effects: empty_list(),
               metadata: empty_list(),
               required: nil,
               error: nil,
               description: nil,
               example: nil,
               typespec: nil,
               deprecated: nil
             }
           }
         })

     does not have all required keys:

         :max_state_size

     therefore this function will always return nil

     type warning found at:
     │
 170 │       def max_state_size, do: Map.get(__agent_config__(), :max_state_size)
     │       ~~~~~~~~~~~~~~~~~~~~~~~~~~~~~~~~~~~~~~~~~~~~~~~~~~~~~~~~~~~~~~~~~~~~
     │
     └─ lib/jido/agent.ex:170: Jido.Examples.CausalTrace.max_state_size/0

     warning: incompatible types given to Map.get/2:

         Map.get(__agent_config__(), :max_state_size)

     the map:

         dynamic(%{
           description: nil,
           metadata: empty_map(),
           name: binary(),
           plugins: non_empty_list({Jido.Examples.DirectiveAgent.Effects, empty_list()}),
           routes:
             non_empty_list(%Jido.Signal.Router.Route{
               match: nil,
               path: binary(),
               target: Jido.Examples.DirectiveAgent.Change,
               priority: integer()
             }),
           schema: %Zoi.Types.Map{
             key_type: nil,
             value_type: nil,
             fields:
               non_empty_list(
                 {:count,
                  %Zoi.Types.Default{
                    inner: %Zoi.Types.Integer{
                      gte: nil,
                      lte: nil,
                      gt: nil,
                      lt: nil,
                      multiple_of: nil,
                      coerce: false,
                      meta: %Zoi.Types.Meta{
                        effects: empty_list(),
                        metadata: empty_list(),
                        required: nil,
                        error: nil,
                        description: nil,
                        example: nil,
                        typespec: nil,
                        deprecated: nil
                      }
                    },
                    value: integer(),
                    meta: %Zoi.Types.Meta{
                      effects: empty_list(),
                      metadata: empty_list(),
                      required: true,
                      error: nil,
                      description: nil,
                      example: nil,
                      typespec: nil,
                      deprecated: nil
                    }
                  }}
               ),
             unrecognized_keys: :strip,
             coerce: false,
             empty_values: empty_list(),
             meta: %Zoi.Types.Meta{
               effects: empty_list(),
               metadata: empty_list(),
               required: nil,
               error: nil,
               description: nil,
               example: nil,
               typespec: nil,
               deprecated: nil
             }
           }
         })

     does not have all required keys:

         :max_state_size

     therefore this function will always return nil

     type warning found at:
     │
 170 │       def max_state_size, do: Map.get(__agent_config__(), :max_state_size)
     │       ~~~~~~~~~~~~~~~~~~~~~~~~~~~~~~~~~~~~~~~~~~~~~~~~~~~~~~~~~~~~~~~~~~~~
     │
     └─ lib/jido/agent.ex:170: Jido.Examples.DirectiveAgent.max_state_size/0

     warning: incompatible types given to Map.get/2:

         Map.get(__agent_config__(), :max_state_size)

     the map:

         dynamic(%{
           description: binary(),
           metadata: empty_map(),
           name: binary(),
           plugins: empty_list(),
           routes:
             non_empty_list(%Jido.Signal.Router.Route{
               match: nil,
               path: binary(),
               target: Jido.Examples.DeduplicatingInbox.Receive,
               priority: integer()
             }),
           schema: %Zoi.Types.Map{
             key_type: nil,
             value_type: nil,
             fields:
               non_empty_list(
                 {:processed_count,
                  %Zoi.Types.Default{
                    inner: %Zoi.Types.Integer{
                      gte: {integer(), empty_list()},
                      lte: nil,
                      gt: nil,
                      lt: nil,
                      multiple_of: nil,
                      coerce: false,
                      meta: %Zoi.Types.Meta{
                        effects: empty_list(),
                        metadata: empty_list(),
                        required: nil,
                        error: nil,
                        description: nil,
                        example: nil,
                        typespec: nil,
                        deprecated: nil
                      }
                    },
                    value: integer(),
                    meta: %Zoi.Types.Meta{
                      effects: empty_list(),
                      metadata: empty_list(),
                      required: true,
                      error: nil,
                      description: nil,
                      example: nil,
                      typespec: nil,
                      deprecated: nil
                    }
                  }} or
                   {:processed_items,
                    %Zoi.Types.Default{
                      inner: %Zoi.Types.Array{
                        inner: %Zoi.Types.Map{
                          key_type: %Zoi.Types.Any{
                            meta: %Zoi.Types.Meta{
                              effects: empty_list(),
                              metadata: empty_list(),
                              required: nil,
                              error: nil,
                              description: nil,
                              example: nil,
                              typespec: nil,
                              deprecated: nil
                            }
                          },
                          value_type: %Zoi.Types.Any{
                            meta: %Zoi.Types.Meta{
                              effects: empty_list(),
                              metadata: empty_list(),
                              required: nil,
                              error: nil,
                              description: nil,
                              example: nil,
                              typespec: nil,
                              deprecated: nil
                            }
                          },
                          fields: nil,
                          unrecognized_keys: :strip,
                          coerce: false,
                          empty_values: empty_list(),
                          meta: %Zoi.Types.Meta{
                            effects: empty_list(),
                            metadata: empty_list(),
                            required: nil,
                            error: nil,
                            description: nil,
                            example: nil,
                            typespec: nil,
                            deprecated: nil
                          }
                        },
                        min_length: nil,
                        max_length: nil,
                        length: nil,
                        unique_items: nil,
                        coerce: false,
                        meta: %Zoi.Types.Meta{
                          effects: empty_list(),
                          metadata: empty_list(),
                          required: nil,
                          error: nil,
                          description: nil,
                          example: nil,
                          typespec: nil,
                          deprecated: nil
                        }
                      },
                      value: empty_list(),
                      meta: %Zoi.Types.Meta{
                        effects: empty_list(),
                        metadata: empty_list(),
                        required: true,
                        error: nil,
                        description: nil,
                        example: nil,
                        typespec: nil,
                        deprecated: nil
                      }
                    }} or
                   {:seen_event_ids,
                    %Zoi.Types.Default{
                      inner: %Zoi.Types.Array{
                        inner: %Zoi.Types.String{
                          min_length: nil,
                          max_length: nil,
                          length: nil,
                          coerce: false,
                          meta: %Zoi.Types.Meta{
                            effects: empty_list(),
                            metadata: empty_list(),
                            required: nil,
                            error: nil,
                            description: nil,
                            example: nil,
                            typespec: nil,
                            deprecated: nil
                          }
                        },
                        min_length: nil,
                        max_length: nil,
                        length: nil,
                        unique_items: nil,
                        coerce: false,
                        meta: %Zoi.Types.Meta{
                          effects: empty_list(),
                          metadata: empty_list(),
                          required: nil,
                          error: nil,
                          description: nil,
                          example: nil,
                          typespec: nil,
                          deprecated: nil
                        }
                      },
                      value: empty_list(),
                      meta: %Zoi.Types.Meta{
                        effects: empty_list(),
                        metadata: empty_list(),
                        required: true,
                        error: nil,
                        description: nil,
                        example: nil,
                        typespec: nil,
                        deprecated: nil
                      }
                    }}
               ),
             unrecognized_keys: :strip,
             coerce: false,
             empty_values: empty_list(),
             meta: %Zoi.Types.Meta{
               effects: empty_list(),
               metadata: empty_list(),
               required: nil,
               error: nil,
               description: nil,
               example: nil,
               typespec: nil,
               deprecated: nil
             }
           }
         })

     does not have all required keys:

         :max_state_size

     therefore this function will always return nil

     type warning found at:
     │
 170 │       def max_state_size, do: Map.get(__agent_config__(), :max_state_size)
     │       ~~~~~~~~~~~~~~~~~~~~~~~~~~~~~~~~~~~~~~~~~~~~~~~~~~~~~~~~~~~~~~~~~~~~
     │
     └─ lib/jido/agent.ex:170: Jido.Examples.DeduplicatingInbox.max_state_size/0

     warning: incompatible types given to Map.get/2:

         Map.get(__agent_config__(), :max_state_size)

     the map:

         dynamic(%{
           description: nil,
           metadata: empty_map(),
           name: binary(),
           plugins: empty_list(),
           routes:
             non_empty_list(%Jido.Signal.Router.Route{
               match: nil,
               path: binary(),
               target:
                 Jido.Examples.BoundedWorkers.Cancel or Jido.Examples.BoundedWorkers.Exit or
                   Jido.Examples.BoundedWorkers.Result or Jido.Examples.BoundedWorkers.Start or
                   Jido.Examples.KeepState,
               priority: integer()
             }),
           schema: %Zoi.Types.Map{
             key_type: nil,
             value_type: nil,
             fields:
               non_empty_list(
                 {:queue,
                  %Zoi.Types.Default{
                    inner: %Zoi.Types.Array{
                      inner: %Zoi.Types.Map{
                        key_type: %Zoi.Types.Any{
                          meta: %Zoi.Types.Meta{
                            effects: empty_list(),
                            metadata: empty_list(),
                            required: nil,
                            error: nil,
                            description: nil,
                            example: nil,
                            typespec: nil,
                            deprecated: nil
                          }
                        },
                        value_type: %Zoi.Types.Any{
                          meta: %Zoi.Types.Meta{
                            effects: empty_list(),
                            metadata: empty_list(),
                            required: nil,
                            error: nil,
                            description: nil,
                            example: nil,
                            typespec: nil,
                            deprecated: nil
                          }
                        },
                        fields: nil,
                        unrecognized_keys: :strip,
                        coerce: false,
                        empty_values: empty_list(),
                        meta: %Zoi.Types.Meta{
                          effects: empty_list(),
                          metadata: empty_list(),
                          required: nil,
                          error: nil,
                          description: nil,
                          example: nil,
                          typespec: nil,
                          deprecated: nil
                        }
                      },
                      min_length: nil,
                      max_length: nil,
                      length: nil,
                      unique_items: nil,
                      coerce: false,
                      meta: %Zoi.Types.Meta{
                        effects: empty_list(),
                        metadata: empty_list(),
                        required: nil,
                        error: nil,
                        description: nil,
                        example: nil,
                        typespec: nil,
                        deprecated: nil
                      }
                    },
                    value: empty_list(),
                    meta: %Zoi.Types.Meta{
                      effects: empty_list(),
                      metadata: empty_list(),
                      required: true,
                      error: nil,
                      description: nil,
                      example: nil,
                      typespec: nil,
                      deprecated: nil
                    }
                  }} or
                   {:request_id,
                    %Zoi.Types.Default{
                      inner: %Zoi.Types.String{
                        min_length: nil,
                        max_length: nil,
                        length: nil,
                        coerce: false,
                        meta: %Zoi.Types.Meta{
                          effects: empty_list(),
                          metadata: empty_list(),
                          required: nil,
                          error: nil,
                          description: nil,
                          example: nil,
                          typespec: nil,
                          deprecated: nil
                        }
                      },
                      value: binary(),
                      meta: %Zoi.Types.Meta{
                        effects: empty_list(),
                        metadata: empty_list(),
                        required: true,
                        error: nil,
                        description: nil,
                        example: nil,
                        typespec: nil,
                        deprecated: nil
                      }
                    }} or
                   {:status,
                    %Zoi.Types.Default{
                      inner: %Zoi.Types.Enum{
                        values:
                          non_empty_list(
                            {:cancelled, :cancelled} or {:completed, :completed} or {:failed, :failed} or
                              {:idle, :idle} or {:running, :running}
                          ),
                        enum_type: :atom,
                        coerce: false,
                        meta: %Zoi.Types.Meta{
                          effects: empty_list(),
                          metadata: empty_list(),
                          required: nil,
                          error: nil,
                          description: nil,
                          example: nil,
                          typespec: nil,
                          deprecated: nil
                        }
                      },
                      value: :idle,
                      meta: %Zoi.Types.Meta{
                        effects: empty_list(),
                        metadata: empty_list(),
                        required: true,
                        error: nil,
                        description: nil,
                        example: nil,
                        typespec: nil,
                        deprecated: nil
                      }
                    }} or
                   {:total,
                    %Zoi.Types.Default{
                      inner: %Zoi.Types.Integer{
                        gte: nil,
                        lte: nil,
                        gt: nil,
                        lt: nil,
                        multiple_of: nil,
                        coerce: false,
                        meta: %Zoi.Types.Meta{
                          effects: empty_list(),
                          metadata: empty_list(),
                          required: nil,
                          error: nil,
                          description: nil,
                          example: nil,
                          typespec: nil,
                          deprecated: nil
                        }
                      },
                      value: integer(),
                      meta: %Zoi.Types.Meta{
                        effects: empty_list(),
                        metadata: empty_list(),
                        required: true,
                        error: nil,
                        description: nil,
                        example: nil,
                        typespec: nil,
                        deprecated: nil
                      }
                    }} or
                   {:active or :results,
                    %Zoi.Types.Default{
                      inner: %Zoi.Types.Map{
                        key_type: %Zoi.Types.Any{
                          meta: %Zoi.Types.Meta{
                            effects: empty_list(),
                            metadata: empty_list(),
                            required: nil,
                            error: nil,
                            description: nil,
                            example: nil,
                            typespec: nil,
                            deprecated: nil
                          }
                        },
                        value_type: %Zoi.Types.Any{
                          meta: %Zoi.Types.Meta{
                            effects: empty_list(),
                            metadata: empty_list(),
                            required: nil,
                            error: nil,
                            description: nil,
                            example: nil,
                            typespec: nil,
                            deprecated: nil
                          }
                        },
                        fields: nil,
                        unrecognized_keys: :strip,
                        coerce: false,
                        empty_values: empty_list(),
                        meta: %Zoi.Types.Meta{
                          effects: empty_list(),
                          metadata: empty_list(),
                          required: nil,
                          error: nil,
                          description: nil,
                          example: nil,
                          typespec: nil,
                          deprecated: nil
                        }
                      },
                      value: empty_map(),
                      meta: %Zoi.Types.Meta{
                        effects: empty_list(),
                        metadata: empty_list(),
                        required: true,
                        error: nil,
                        description: nil,
                        example: nil,
                        typespec: nil,
                        deprecated: nil
                      }
                    }} or
                   {:seen or :slots,
                    %Zoi.Types.Default{
                      inner: %Zoi.Types.Array{
                        inner: %Zoi.Types.String{
                          min_length: nil,
                          max_length: nil,
                          length: nil,
                          coerce: false,
                          meta: %Zoi.Types.Meta{
                            effects: empty_list(),
                            metadata: empty_list(),
                            required: nil,
                            error: nil,
                            description: nil,
                            example: nil,
                            typespec: nil,
                            deprecated: nil
                          }
                        },
                        min_length: nil,
                        max_length: nil,
                        length: nil,
                        unique_items: nil,
                        coerce: false,
                        meta: %Zoi.Types.Meta{
                          effects: empty_list(),
                          metadata: empty_list(),
                          required: nil,
                          error: nil,
                          description: nil,
                          example: nil,
                          typespec: nil,
                          deprecated: nil
                        }
                      },
                      value: empty_list(),
                      meta: %Zoi.Types.Meta{
                        effects: empty_list(),
                        metadata: empty_list(),
                        required: true,
                        error: nil,
                        description: nil,
                        example: nil,
                        typespec: nil,
                        deprecated: nil
                      }
                    }}
               ),
             unrecognized_keys: :strip,
             coerce: false,
             empty_values: empty_list(),
             meta: %Zoi.Types.Meta{
               effects: empty_list(),
               metadata: empty_list(),
               required: nil,
               error: nil,
               description: nil,
               example: nil,
               typespec: nil,
               deprecated: nil
             }
           }
         })

     does not have all required keys:

         :max_state_size

     therefore this function will always return nil

     type warning found at:
     │
 170 │       def max_state_size, do: Map.get(__agent_config__(), :max_state_size)
     │       ~~~~~~~~~~~~~~~~~~~~~~~~~~~~~~~~~~~~~~~~~~~~~~~~~~~~~~~~~~~~~~~~~~~~
     │
     └─ lib/jido/agent.ex:170: Jido.Examples.BoundedWorkers.max_state_size/0

     warning: incompatible types given to Map.get/2:

         Map.get(__agent_config__(), :max_state_size)

     the map:

         dynamic(%{
           description: nil,
           metadata: empty_map(),
           name: binary(),
           plugins: empty_list(),
           routes:
             non_empty_list(%Jido.Signal.Router.Route{
               match: nil,
               path: binary(),
               target: Jido.Examples.OrderedBatch.Collected or Jido.Examples.OrderedBatch.Strict,
               priority: integer()
             }),
           schema: %Zoi.Types.Map{
             key_type: nil,
             value_type: nil,
             fields:
               non_empty_list(
                 {:items,
                  %Zoi.Types.Default{
                    inner: %Zoi.Types.Array{
                      inner: %Zoi.Types.Map{
                        key_type: %Zoi.Types.Any{
                          meta: %Zoi.Types.Meta{
                            effects: empty_list(),
                            metadata: empty_list(),
                            required: nil,
                            error: nil,
                            description: nil,
                            example: nil,
                            typespec: nil,
                            deprecated: nil
                          }
                        },
                        value_type: %Zoi.Types.Any{
                          meta: %Zoi.Types.Meta{
                            effects: empty_list(),
                            metadata: empty_list(),
                            required: nil,
                            error: nil,
                            description: nil,
                            example: nil,
                            typespec: nil,
                            deprecated: nil
                          }
                        },
                        fields: nil,
                        unrecognized_keys: :strip,
                        coerce: false,
                        empty_values: empty_list(),
                        meta: %Zoi.Types.Meta{
                          effects: empty_list(),
                          metadata: empty_list(),
                          required: nil,
                          error: nil,
                          description: nil,
                          example: nil,
                          typespec: nil,
                          deprecated: nil
                        }
                      },
                      min_length: nil,
                      max_length: nil,
                      length: nil,
                      unique_items: nil,
                      coerce: false,
                      meta: %Zoi.Types.Meta{
                        effects: empty_list(),
                        metadata: empty_list(),
                        required: nil,
                        error: nil,
                        description: nil,
                        example: nil,
                        typespec: nil,
                        deprecated: nil
                      }
                    },
                    value: empty_list(),
                    meta: %Zoi.Types.Meta{
                      effects: empty_list(),
                      metadata: empty_list(),
                      required: true,
                      error: nil,
                      description: nil,
                      example: nil,
                      typespec: nil,
                      deprecated: nil
                    }
                  }}
               ),
             unrecognized_keys: :strip,
             coerce: false,
             empty_values: empty_list(),
             meta: %Zoi.Types.Meta{
               effects: empty_list(),
               metadata: empty_list(),
               required: nil,
               error: nil,
               description: nil,
               example: nil,
               typespec: nil,
               deprecated: nil
             }
           }
         })

     does not have all required keys:

         :max_state_size

     therefore this function will always return nil

     type warning found at:
     │
 170 │       def max_state_size, do: Map.get(__agent_config__(), :max_state_size)
     │       ~~~~~~~~~~~~~~~~~~~~~~~~~~~~~~~~~~~~~~~~~~~~~~~~~~~~~~~~~~~~~~~~~~~~
     │
     └─ lib/jido/agent.ex:170: Jido.Examples.OrderedBatch.max_state_size/0

     warning: incompatible types given to Map.get/2:

         Map.get(__agent_config__(), :max_state_size)

     the map:

         dynamic(%{
           description: nil,
           metadata: empty_map(),
           name: binary(),
           plugins: non_empty_list({Jido.Examples.DirectiveAgent.Effects, empty_list()}),
           routes:
             non_empty_list(%Jido.Signal.Router.Route{
               match: nil,
               path: binary(),
               target: Jido.Examples.ControlledTurnAgent.Change,
               priority: integer()
             }),
           schema: %Zoi.Types.Map{
             key_type: nil,
             value_type: nil,
             fields:
               non_empty_list(
                 {:count,
                  %Zoi.Types.Default{
                    inner: %Zoi.Types.Integer{
                      gte: nil,
                      lte: nil,
                      gt: nil,
                      lt: nil,
                      multiple_of: nil,
                      coerce: false,
                      meta: %Zoi.Types.Meta{
                        effects: empty_list(),
                        metadata: empty_list(),
                        required: nil,
                        error: nil,
                        description: nil,
                        example: nil,
                        typespec: nil,
                        deprecated: nil
                      }
                    },
                    value: integer(),
                    meta: %Zoi.Types.Meta{
                      effects: empty_list(),
                      metadata: empty_list(),
                      required: true,
                      error: nil,
                      description: nil,
                      example: nil,
                      typespec: nil,
                      deprecated: nil
                    }
                  }} or
                   {:history,
                    %Zoi.Types.Default{
                      inner: %Zoi.Types.Array{
                        inner: %Zoi.Types.String{
                          min_length: nil,
                          max_length: nil,
                          length: nil,
                          coerce: false,
                          meta: %Zoi.Types.Meta{
                            effects: empty_list(),
                            metadata: empty_list(),
                            required: nil,
                            error: nil,
                            description: nil,
                            example: nil,
                            typespec: nil,
                            deprecated: nil
                          }
                        },
                        min_length: nil,
                        max_length: nil,
                        length: nil,
                        unique_items: nil,
                        coerce: false,
                        meta: %Zoi.Types.Meta{
                          effects: empty_list(),
                          metadata: empty_list(),
                          required: nil,
                          error: nil,
                          description: nil,
                          example: nil,
                          typespec: nil,
                          deprecated: nil
                        }
                      },
                      value: empty_list(),
                      meta: %Zoi.Types.Meta{
                        effects: empty_list(),
                        metadata: empty_list(),
                        required: true,
                        error: nil,
                        description: nil,
                        example: nil,
                        typespec: nil,
                        deprecated: nil
                      }
                    }}
               ),
             unrecognized_keys: :strip,
             coerce: false,
             empty_values: empty_list(),
             meta: %Zoi.Types.Meta{
               effects: empty_list(),
               metadata: empty_list(),
               required: nil,
               error: nil,
               description: nil,
               example: nil,
               typespec: nil,
               deprecated: nil
             }
           }
         })

     does not have all required keys:

         :max_state_size

     therefore this function will always return nil

     type warning found at:
     │
 170 │       def max_state_size, do: Map.get(__agent_config__(), :max_state_size)
     │       ~~~~~~~~~~~~~~~~~~~~~~~~~~~~~~~~~~~~~~~~~~~~~~~~~~~~~~~~~~~~~~~~~~~~
     │
     └─ lib/jido/agent.ex:170: Jido.Examples.ControlledTurnAgent.max_state_size/0

     warning: incompatible types given to Map.get/2:

         Map.get(__agent_config__(), :max_state_size)

     the map:

         dynamic(%{
           description: nil,
           metadata: empty_map(),
           name: binary(),
           plugins: empty_list(),
           routes:
             non_empty_list(%Jido.Signal.Router.Route{
               match: nil,
               path: binary(),
               target: Jido.Examples.ConditionalRoutes.Pipeline,
               priority: integer()
             }),
           schema: %Zoi.Types.Map{
             key_type: nil,
             value_type: nil,
             fields:
               non_empty_list(
                 {:result,
                  %Zoi.Types.Default{
                    inner: %Zoi.Types.Map{
                      key_type: %Zoi.Types.Any{
                        meta: %Zoi.Types.Meta{
                          effects: empty_list(),
                          metadata: empty_list(),
                          required: nil,
                          error: nil,
                          description: nil,
                          example: nil,
                          typespec: nil,
                          deprecated: nil
                        }
                      },
                      value_type: %Zoi.Types.Any{
                        meta: %Zoi.Types.Meta{
                          effects: empty_list(),
                          metadata: empty_list(),
                          required: nil,
                          error: nil,
                          description: nil,
                          example: nil,
                          typespec: nil,
                          deprecated: nil
                        }
                      },
                      fields: nil,
                      unrecognized_keys: :strip,
                      coerce: false,
                      empty_values: empty_list(),
                      meta: %Zoi.Types.Meta{
                        effects: empty_list(),
                        metadata: empty_list(),
                        required: nil,
                        error: nil,
                        description: nil,
                        example: nil,
                        typespec: nil,
                        deprecated: nil
                      }
                    },
                    value: empty_map(),
                    meta: %Zoi.Types.Meta{
                      effects: empty_list(),
                      metadata: empty_list(),
                      required: true,
                      error: nil,
                      description: nil,
                      example: nil,
                      typespec: nil,
                      deprecated: nil
                    }
                  }} or
                   {:route,
                    %Zoi.Types.Default{
                      inner: %Zoi.Types.Atom{
                        meta: %Zoi.Types.Meta{
                          effects: empty_list(),
                          metadata: empty_list(),
                          required: nil,
                          error: nil,
                          description: nil,
                          example: nil,
                          typespec: nil,
                          deprecated: nil
                        }
                      },
                      value: :none,
                      meta: %Zoi.Types.Meta{
                        effects: empty_list(),
                        metadata: empty_list(),
                        required: true,
                        error: nil,
                        description: nil,
                        example: nil,
                        typespec: nil,
                        deprecated: nil
                      }
                    }}
               ),
             unrecognized_keys: :strip,
             coerce: false,
             empty_values: empty_list(),
             meta: %Zoi.Types.Meta{
               effects: empty_list(),
               metadata: empty_list(),
               required: nil,
               error: nil,
               description: nil,
               example: nil,
               typespec: nil,
               deprecated: nil
             }
           }
         })

     does not have all required keys:

         :max_state_size

     therefore this function will always return nil

     type warning found at:
     │
 170 │       def max_state_size, do: Map.get(__agent_config__(), :max_state_size)
     │       ~~~~~~~~~~~~~~~~~~~~~~~~~~~~~~~~~~~~~~~~~~~~~~~~~~~~~~~~~~~~~~~~~~~~
     │
     └─ lib/jido/agent.ex:170: Jido.Examples.ConditionalRoutes.max_state_size/0

     warning: incompatible types given to Map.get/2:

         Map.get(__agent_config__(), :max_state_size)

     the map:

         dynamic(%{
           description: nil,
           metadata: empty_map(),
           name: binary(),
           plugins: empty_list(),
           routes: empty_list(),
           schema: %Zoi.Types.Map{
             key_type: nil,
             value_type: nil,
             fields:
               non_empty_list(
                 {:count,
                  %Zoi.Types.Default{
                    inner: %Zoi.Types.Integer{
                      gte: nil,
                      lte: nil,
                      gt: nil,
                      lt: nil,
                      multiple_of: nil,
                      coerce: false,
                      meta: %Zoi.Types.Meta{
                        effects: empty_list(),
                        metadata: empty_list(),
                        required: nil,
                        error: nil,
                        description: nil,
                        example: nil,
                        typespec: nil,
                        deprecated: nil
                      }
                    },
                    value: integer(),
                    meta: %Zoi.Types.Meta{
                      effects: empty_list(),
                      metadata: empty_list(),
                      required: true,
                      error: nil,
                      description: nil,
                      example: nil,
                      typespec: nil,
                      deprecated: nil
                    }
                  }}
               ),
             unrecognized_keys: :strip,
             coerce: false,
             empty_values: empty_list(),
             meta: %Zoi.Types.Meta{
               effects: empty_list(),
               metadata: empty_list(),
               required: nil,
               error: nil,
               description: nil,
               example: nil,
               typespec: nil,
               deprecated: nil
             }
           }
         })

     does not have all required keys:

         :max_state_size

     therefore this function will always return nil

     type warning found at:
     │
 170 │       def max_state_size, do: Map.get(__agent_config__(), :max_state_size)
     │       ~~~~~~~~~~~~~~~~~~~~~~~~~~~~~~~~~~~~~~~~~~~~~~~~~~~~~~~~~~~~~~~~~~~~
     │
     └─ lib/jido/agent.ex:170: Jido.Examples.CheckpointIdentityProbe.max_state_size/0

     warning: incompatible types given to Map.get/2:

         Map.get(__agent_config__(), :max_state_size)

     the map:

         dynamic(%{
           description: nil,
           metadata: empty_map(),
           name: binary(),
           plugins: non_empty_list({Jido.Plugin.Scheduler, empty_list()}),
           routes:
             non_empty_list(%Jido.Signal.Router.Route{
               match: nil,
               path: binary(),
               target:
                 Jido.Action.Generated.Inline.Ac0bd4f57ade432a63f11b0e17dfea2627c355ff91a39ceee2fcaa43eeb59f12d or
                   Jido.Action.Generated.Inline.Aef2e6ea980bf2364de25d98416cd47b75ffea9d19a347f1d2d3a805aa628e661,
               priority: integer()
             }),
           schema: %Zoi.Types.Map{
             key_type: nil,
             value_type: nil,
             fields:
               non_empty_list(
                 {:started,
                  %Zoi.Types.Default{
                    inner: %Zoi.Types.Boolean{
                      coerce: false,
                      meta: %Zoi.Types.Meta{
                        effects: empty_list(),
                        metadata: empty_list(),
                        required: nil,
                        error: nil,
                        description: nil,
                        example: nil,
                        typespec: nil,
                        deprecated: nil
                      }
                    },
                    value: false,
                    meta: %Zoi.Types.Meta{
                      effects: empty_list(),
                      metadata: empty_list(),
                      required: true,
                      error: nil,
                      description: nil,
                      example: nil,
                      typespec: nil,
                      deprecated: nil
                    }
                  }} or
                   {:step,
                    %Zoi.Types.Default{
                      inner: %Zoi.Types.Integer{
                        gte: {integer(), empty_list()},
                        lte: {integer(), empty_list()},
                        gt: nil,
                        lt: nil,
                        multiple_of: nil,
                        coerce: false,
                        meta: %Zoi.Types.Meta{
                          effects: empty_list(),
                          metadata: empty_list(),
                          required: nil,
                          error: nil,
                          description: nil,
                          example: nil,
                          typespec: nil,
                          deprecated: nil
                        }
                      },
                      value: integer(),
                      meta: %Zoi.Types.Meta{
                        effects: empty_list(),
                        metadata: empty_list(),
                        required: true,
                        error: nil,
                        description: nil,
                        example: nil,
                        typespec: nil,
                        deprecated: nil
                      }
                    }} or
                   {:generation or :step_delay_ms,
                    %Zoi.Types.Default{
                      inner: %Zoi.Types.Integer{
                        gte: {integer(), empty_list()},
                        lte: nil,
                        gt: nil,
                        lt: nil,
                        multiple_of: nil,
                        coerce: false,
                        meta: %Zoi.Types.Meta{
                          effects: empty_list(),
                          metadata: empty_list(),
                          required: nil,
                          error: nil,
                          description: nil,
                          example: nil,
                          typespec: nil,
                          deprecated: nil
                        }
                      },
                      value: integer(),
                      meta: %Zoi.Types.Meta{
                        effects: empty_list(),
                        metadata: empty_list(),
                        required: true,
                        error: nil,
                        description: nil,
                        example: nil,
                        typespec: nil,
                        deprecated: nil
                      }
                    }} or
                   {:goal or :job_id,
                    %Zoi.Types.Default{
                      inner: %Zoi.Types.String{
                        min_length: nil,
                        max_length: nil,
                        length: nil,
                        coerce: false,
                        meta: %Zoi.Types.Meta{
                          effects: empty_list(),
                          metadata: empty_list(),
                          required: nil,
                          error: nil,
                          description: nil,
                          example: nil,
                          typespec: nil,
                          deprecated: nil
                        }
                      },
                      value: binary(),
                      meta: %Zoi.Types.Meta{
                        effects: empty_list(),
                        metadata: empty_list(),
                        required: true,
                        error: nil,
                        description: nil,
                        example: nil,
                        typespec: nil,
                        deprecated: nil
                      }
                    }}
               ),
             unrecognized_keys: :strip,
             coerce: false,
             empty_values: empty_list(),
             meta: %Zoi.Types.Meta{
               effects: empty_list(),
               metadata: empty_list(),
               required: nil,
               error: nil,
               description: nil,
               example: nil,
               typespec: nil,
               deprecated: nil
             }
           }
         })

     does not have all required keys:

         :max_state_size

     therefore this function will always return nil

     type warning found at:
     │
 170 │       def max_state_size, do: Map.get(__agent_config__(), :max_state_size)
     │       ~~~~~~~~~~~~~~~~~~~~~~~~~~~~~~~~~~~~~~~~~~~~~~~~~~~~~~~~~~~~~~~~~~~~
     │
     └─ lib/jido/agent.ex:170: Jido.Examples.Factory.WorkItem.max_state_size/0

     warning: incompatible types given to Map.get/2:

         Map.get(__agent_config__(), :max_state_size)

     the map:

         dynamic(%{
           description: nil,
           metadata: empty_map(),
           name: binary(),
           plugins: non_empty_list({Jido.Examples.LLMSubagentDelegation.Deliver, empty_list()}),
           routes:
             non_empty_list(%Jido.Signal.Router.Route{
               match: nil,
               path: binary(),
               target:
                 Jido.Action.Generated.Inline.A9b76ebf967e111b3249eefd58b49afff4c7f369c7e40d95731e0e637e0e8d6b2 or
                   Jido.Examples.LLMSubagentDelegation.ChildExit or
                   Jido.Examples.LLMSubagentDelegation.Result or Jido.Examples.LLMSubagentDelegation.Start,
               priority: integer()
             }),
           schema: %Zoi.Types.Map{
             key_type: nil,
             value_type: nil,
             fields:
               non_empty_list(
                 {:pending,
                  %Zoi.Types.Default{
                    inner: %Zoi.Types.Map{
                      key_type: %Zoi.Types.Any{
                        meta: %Zoi.Types.Meta{
                          effects: empty_list(),
                          metadata: empty_list(),
                          required: nil,
                          error: nil,
                          description: nil,
                          example: nil,
                          typespec: nil,
                          deprecated: nil
                        }
                      },
                      value_type: %Zoi.Types.Any{
                        meta: %Zoi.Types.Meta{
                          effects: empty_list(),
                          metadata: empty_list(),
                          required: nil,
                          error: nil,
                          description: nil,
                          example: nil,
                          typespec: nil,
                          deprecated: nil
                        }
                      },
                      fields: nil,
                      unrecognized_keys: :strip,
                      coerce: false,
                      empty_values: empty_list(),
                      meta: %Zoi.Types.Meta{
                        effects: empty_list(),
                        metadata: empty_list(),
                        required: nil,
                        error: nil,
                        description: nil,
                        example: nil,
                        typespec: nil,
                        deprecated: nil
                      }
                    },
                    value: empty_map(),
                    meta: %Zoi.Types.Meta{
                      effects: empty_list(),
                      metadata: empty_list(),
                      required: true,
                      error: nil,
                      description: nil,
                      example: nil,
                      typespec: nil,
                      deprecated: nil
                    }
                  }} or
                   {:results,
                    %Zoi.Types.Default{
                      inner: %Zoi.Types.Array{
                        inner: %Zoi.Types.Map{
                          key_type: %Zoi.Types.Any{
                            meta: %Zoi.Types.Meta{
                              effects: empty_list(),
                              metadata: empty_list(),
                              required: nil,
                              error: nil,
                              description: nil,
                              example: nil,
                              typespec: nil,
                              deprecated: nil
                            }
                          },
                          value_type: %Zoi.Types.Any{
                            meta: %Zoi.Types.Meta{
                              effects: empty_list(),
                              metadata: empty_list(),
                              required: nil,
                              error: nil,
                              description: nil,
                              example: nil,
                              typespec: nil,
                              deprecated: nil
                            }
                          },
                          fields: nil,
                          unrecognized_keys: :strip,
                          coerce: false,
                          empty_values: empty_list(),
                          meta: %Zoi.Types.Meta{
                            effects: empty_list(),
                            metadata: empty_list(),
                            required: nil,
                            error: nil,
                            description: nil,
                            example: nil,
                            typespec: nil,
                            deprecated: nil
                          }
                        },
                        min_length: nil,
                        max_length: nil,
                        length: nil,
                        unique_items: nil,
                        coerce: false,
                        meta: %Zoi.Types.Meta{
                          effects: empty_list(),
                          metadata: empty_list(),
                          required: nil,
                          error: nil,
                          description: nil,
                          example: nil,
                          typespec: nil,
                          deprecated: nil
                        }
                      },
                      value: empty_list(),
                      meta: %Zoi.Types.Meta{
                        effects: empty_list(),
                        metadata: empty_list(),
                        required: true,
                        error: nil,
                        description: nil,
                        example: nil,
                        typespec: nil,
                        deprecated: nil
                      }
                    }} or
                   {:seen,
                    %Zoi.Types.Default{
                      inner: %Zoi.Types.Array{
                        inner: %Zoi.Types.String{
                          min_length: nil,
                          max_length: nil,
                          length: nil,
                          coerce: false,
                          meta: %Zoi.Types.Meta{
                            effects: empty_list(),
                            metadata: empty_list(),
                            required: nil,
                            error: nil,
                            description: nil,
                            example: nil,
                            typespec: nil,
                            deprecated: nil
                          }
                        },
                        min_length: nil,
                        max_length: nil,
                        length: nil,
                        unique_items: nil,
                        coerce: false,
                        meta: %Zoi.Types.Meta{
                          effects: empty_list(),
                          metadata: empty_list(),
                          required: nil,
                          error: nil,
                          description: nil,
                          example: nil,
                          typespec: nil,
                          deprecated: nil
                        }
                      },
                      value: empty_list(),
                      meta: %Zoi.Types.Meta{
                        effects: empty_list(),
                        metadata: empty_list(),
                        required: true,
                        error: nil,
                        description: nil,
                        example: nil,
                        typespec: nil,
                        deprecated: nil
                      }
                    }} or
                   {:status,
                    %Zoi.Types.Default{
                      inner: %Zoi.Types.Enum{
                        values:
                          non_empty_list(
                            {:complete, :complete} or {:failed, :failed} or {:idle, :idle} or
                              {:working, :working}
                          ),
                        enum_type: :atom,
                        coerce: false,
                        meta: %Zoi.Types.Meta{
                          effects: empty_list(),
                          metadata: empty_list(),
                          required: nil,
                          error: nil,
                          description: nil,
                          example: nil,
                          typespec: nil,
                          deprecated: nil
                        }
                      },
                      value: :idle,
                      meta: %Zoi.Types.Meta{
                        effects: empty_list(),
                        metadata: empty_list(),
                        required: true,
                        error: nil,
                        description: nil,
                        example: nil,
                        typespec: nil,
                        deprecated: nil
                      }
                    }}
               ),
             unrecognized_keys: :strip,
             coerce: false,
             empty_values: empty_list(),
             meta: %Zoi.Types.Meta{
               effects: empty_list(),
               metadata: empty_list(),
               required: nil,
               error: nil,
               description: nil,
               example: nil,
               typespec: nil,
               deprecated: nil
             }
           }
         })

     does not have all required keys:

         :max_state_size

     therefore this function will always return nil

     type warning found at:
     │
 170 │       def max_state_size, do: Map.get(__agent_config__(), :max_state_size)
     │       ~~~~~~~~~~~~~~~~~~~~~~~~~~~~~~~~~~~~~~~~~~~~~~~~~~~~~~~~~~~~~~~~~~~~
     │
     └─ lib/jido/agent.ex:170: Jido.Examples.LLMSubagentDelegation.max_state_size/0

     warning: incompatible types given to Map.get/2:

         Map.get(__agent_config__(), :max_state_size)

     the map:

         dynamic(%{
           description: nil,
           metadata: empty_map(),
           name: binary(),
           plugins: empty_list(),
           routes:
             non_empty_list(%Jido.Signal.Router.Route{
               match: nil,
               path: binary(),
               target: Jido.Examples.LLMSubagentDelegation.SpecialistWork,
               priority: integer()
             }),
           schema: %Zoi.Types.Map{
             key_type: nil,
             value_type: nil,
             fields:
               non_empty_list(
                 {:answer or :request_id,
                  %Zoi.Types.Default{
                    inner: %Zoi.Types.String{
                      min_length: nil,
                      max_length: nil,
                      length: nil,
                      coerce: false,
                      meta: %Zoi.Types.Meta{
                        effects: empty_list(),
                        metadata: empty_list(),
                        required: nil,
                        error: nil,
                        description: nil,
                        example: nil,
                        typespec: nil,
                        deprecated: nil
                      }
                    },
                    value: binary(),
                    meta: %Zoi.Types.Meta{
                      effects: empty_list(),
                      metadata: empty_list(),
                      required: true,
                      error: nil,
                      description: nil,
                      example: nil,
                      typespec: nil,
                      deprecated: nil
                    }
                  }}
               ),
             unrecognized_keys: :strip,
             coerce: false,
             empty_values: empty_list(),
             meta: %Zoi.Types.Meta{
               effects: empty_list(),
               metadata: empty_list(),
               required: nil,
               error: nil,
               description: nil,
               example: nil,
               typespec: nil,
               deprecated: nil
             }
           }
         })

     does not have all required keys:

         :max_state_size

     therefore this function will always return nil

     type warning found at:
     │
 170 │       def max_state_size, do: Map.get(__agent_config__(), :max_state_size)
     │       ~~~~~~~~~~~~~~~~~~~~~~~~~~~~~~~~~~~~~~~~~~~~~~~~~~~~~~~~~~~~~~~~~~~~
     │
     └─ lib/jido/agent.ex:170: Jido.Examples.LLMSubagentDelegation.Specialist.max_state_size/0

Running ExUnit with seed: 0, max_cases: 20
Excluding tags: [:skip]
Including tags: [:example, :integration, :flaky]

...................................................................................................
Finished in 0.3 seconds (0.3s async, 0.00s sync)

Result: 99 passed
