Running ExUnit with seed: 0, max_cases: 1
Excluding tags: [:skip]
Including tags: [:example, :integration, :flaky]


JidoTest.Actor.ChildPlacementTest [test/jido/actor/child_placement_test.exs]
  * test placement is an explicit validated field and omitted placement stays local [L#7]
  * test placement is an explicit validated field and omitted placement stays local (9.6ms) [L#7]
  * test pure Actor evaluation returns remote intent without starting a process [L#15]
  * test pure Actor evaluation returns remote intent without starting a process (73.5ms) [L#15]

Jido.PluginRuntimeTest [test/jido/actor/plugin_runtime_test.exs]
  * test middleware-only Plugins add no runtime child [L#185]
  * test middleware-only Plugins add no runtime child (5.6ms) [L#185]
  * test public Plugin runtime structs expose Zoi schemas [L#189]
  * test public Plugin runtime structs expose Zoi schemas (4.2ms) [L#189]
  * test uses the standard child_spec/1 interface [L#196]
  * test uses the standard child_spec/1 interface (0.8ms) [L#196]
  * test a Plugin can also be the supervised OTP process [L#220]
  * test a Plugin can also be the supervised OTP process (0.4ms) [L#220]
  * test requires a permanent Plugin runtime root [L#242]
  * test requires a permanent Plugin runtime root (6.3ms) [L#242]
  * test a runtime child sends a Signal through the Actor command path [L#249]
  * test a runtime child sends a Signal through the Actor command path (1.2ms) [L#249]
  * test a runtime worker restart does not replace Actor state [L#267]
  * test a runtime worker restart does not replace Actor state (2.2ms) [L#267]
  * test rejects a repeated Plugin module [L#300]
  * test rejects a repeated Plugin module (0.6ms) [L#300]
  * test rejects an invalid runtime child specification [L#313]
  * test rejects an invalid runtime child specification (0.5ms) [L#313]
  * test contains a failure from child_spec/1 [L#318]
  * test contains a failure from child_spec/1 (9.9ms) [L#318]

Jido.Actor.ServerContextTest [test/jido/actor/server_context_test.exs]
  * test context crosses Plugin admission and execution but is not copied to state or Signals [L#57]
  * test context crosses Plugin admission and execution but is not copied to state or Signals (188.1ms) [L#57]

Jido.Actor.SchemaContractTest [test/jido/actor/schema_contract_test.exs]
  * test composition preserves required Plugin fields and the root rule [L#61]
  * test composition preserves required Plugin fields and the root rule (3.0ms) [L#61]
  * test construction enforces the root refinement without Plugins [L#81]
  * test construction enforces the root refinement without Plugins (0.2ms) [L#81]
  * test cmd rejects a candidate outside the root refinement without Plugins [L#92]
  * test cmd rejects a candidate outside the root refinement without Plugins (0.3ms) [L#92]
  * test Server rejects an invalid candidate without a commit without Plugins [L#102]
  * test Server rejects an invalid candidate without a commit without Plugins (29.3ms) [L#102]
  * test a candidate at the root bound commits once without Plugins [L#115]
  * test a candidate at the root bound commits once without Plugins (1.4ms) [L#115]
  * test construction enforces the root refinement with owned Plugin state [L#81]
  * test construction enforces the root refinement with owned Plugin state (0.6ms) [L#81]
  * test cmd rejects a candidate outside the root refinement with owned Plugin state [L#92]
  * test cmd rejects a candidate outside the root refinement with owned Plugin state (1.0ms) [L#92]
  * test Server rejects an invalid candidate without a commit with owned Plugin state [L#102]
  * test Server rejects an invalid candidate without a commit with owned Plugin state (1.6ms) [L#102]
  * test a candidate at the root bound commits once with owned Plugin state [L#115]
  * test a candidate at the root bound commits once with owned Plugin state (1.2ms) [L#115]

Jido.Actor.StartupTest [test/jido/actor/startup_test.exs]
  * test a Plugin runtime that returns ignore rejects Actor startup [L#18]
  * test a Plugin runtime that returns ignore rejects Actor startup (3.8ms) [L#18]
  * test invalid startup options return structured errors before starting a child [L#30]
  * test invalid startup options return structured errors before starting a child (0.2ms) [L#30]
  * test start_link links the Server to its caller [L#36]
  * test start_link links the Server to its caller (0.7ms) [L#36]

JidoTest.Config.DefaultsTest [test/jido/config/defaults_test.exs]
  * test returns centralized timeout defaults [L#6]
  * test returns centralized timeout defaults (0.00ms) [L#6]
  * test returns centralized observability defaults [L#10]
  * test returns centralized observability defaults (0.00ms) [L#10]

JidoTest.IDTest [test/jido/id_test.exs]
  * test uuid7/0 generates lowercase RFC 9562 UUIDv7 strings [L#11]
  * test uuid7/0 generates lowercase RFC 9562 UUIDv7 strings (2.2ms) [L#11]
  * test uuid7/0 encodes current Unix millisecond timestamp, version, variant, and random fields [L#15]
  * test uuid7/0 encodes current Unix millisecond timestamp, version, variant, and random fields (0.01ms) [L#15]
  * test uuid7/0 generates unique IDs [L#29]
  * test uuid7/0 generates unique IDs (1.1ms) [L#29]
  * test uuid7/2 matches RFC 9562 UUIDv7 example bit layout [L#37]
  * test uuid7/2 matches RFC 9562 UUIDv7 example bit layout (0.00ms) [L#37]
  * test uuid7/2 supports minimum and maximum representable values [L#47]
  * test uuid7/2 supports minimum and maximum representable values (0.00ms) [L#47]
  * test uuid7/2 preserves lexical timestamp ordering with fixed random bytes [L#54]
  * test uuid7/2 preserves lexical timestamp ordering with fixed random bytes (0.00ms) [L#54]
  * test uuid7/2 uses the high 74 random bits and ignores only the low 6 padding bits [L#60]
  * test uuid7/2 uses the high 74 random bits and ignores only the low 6 padding bits (0.00ms) [L#60]
  * test uuid7/2 rejects timestamps outside the 48-bit UUIDv7 range [L#75]
  * test uuid7/2 rejects timestamps outside the 48-bit UUIDv7 range (3.8ms) [L#75]
  * test uuid7/2 rejects random inputs that are not 80 bits [L#89]
  * test uuid7/2 rejects random inputs that are not 80 bits (0.01ms) [L#89]

Jido.Actor.StatelessDirectiveTest [test/jido/actor/stateless_directive_test.exs]
  * test a handler without a Plugin process sends its result through another Turn [L#74]
  * test a handler without a Plugin process sends its result through another Turn (7.1ms) [L#74]
  * test timeout and task death preserve the commit and stop later dispatch [L#91]
  * test timeout and task death preserve the commit and stop later dispatch (116.0ms) [L#91]

JidoTest.ErrorCoverageTest [test/jido/error_coverage_test.exs]
  * test error constructors with map options validation_error accepts map opts [L#8]
  * test error constructors with map options validation_error accepts map opts (0.1ms) [L#8]
  * test error constructors with map options validation_error with map opts and action key [L#16]
  * test error constructors with map options validation_error with map opts and action key (0.1ms) [L#16]
  * test error constructors with map options execution_error accepts map opts [L#23]
  * test error constructors with map options execution_error accepts map opts (0.09ms) [L#23]
  * test error constructors with map options execution_error treats bare map opts as details [L#31]
  * test error constructors with map options execution_error treats bare map opts as details (0.09ms) [L#31]
  * test error constructors with map options routing_error accepts map opts [L#39]
  * test error constructors with map options routing_error accepts map opts (0.4ms) [L#39]
  * test error constructors with map options timeout_error accepts map opts [L#47]
  * test error constructors with map options timeout_error accepts map opts (0.1ms) [L#47]
  * test error constructors with map options compensation_error accepts map opts [L#55]
  * test error constructors with map options compensation_error accepts map opts (0.1ms) [L#55]
  * test error constructors with map options internal_error accepts map opts [L#73]
  * test error constructors with map options internal_error accepts map opts (0.09ms) [L#73]
  * test validation_error convenience keys action key sets kind to :action and subject to the action module [L#82]
  * test validation_error convenience keys action key sets kind to :action and subject to the action module (0.9ms) [L#82]
  * test validation_error convenience keys field key infers kind :input [L#89]
  * test validation_error convenience keys field key infers kind :input (0.1ms) [L#89]
  * test extract_message edge cases handles nil message [L#98]
  * test extract_message edge cases handles nil message (0.08ms) [L#98]
  * test extract_message edge cases handles struct message with message field [L#102]
  * test extract_message edge cases handles struct message with message field (1.4ms) [L#102]
  * test extract_message edge cases handles struct message without message field [L#107]
  * test extract_message edge cases handles struct message without message field (1.4ms) [L#107]
  * test extract_message edge cases handles nested message with inner message [L#114]
  * test extract_message edge cases handles nested message with inner message (0.6ms) [L#114]
  * test extract_message edge cases handles non-struct non-map error [L#118]
  * test extract_message edge cases handles non-struct non-map error (0.9ms) [L#118]
  * test to_map with non-struct errors handles plain map without message key [L#126]
  * test to_map with non-struct errors handles plain map without message key (0.2ms) [L#126]
  * test to_map with non-struct errors handles string error [L#136]
  * test to_map with non-struct errors handles string error (0.1ms) [L#136]
  * test to_map with non-struct errors handles tuple error [L#144]
  * test to_map with non-struct errors handles tuple error (0.1ms) [L#144]
  * test to_map with non-struct errors handles atom error [L#152]
  * test to_map with non-struct errors handles atom error (0.07ms) [L#152]
  * test to_map with non-struct errors handles integer [L#159]
  * test to_map with non-struct errors handles integer (0.1ms) [L#159]
  * test to_map with non-struct errors handles nil [L#166]
  * test to_map with non-struct errors handles nil (0.2ms) [L#166]
  * test to_map with non-struct errors handles map with message key but no details [L#173]
  * test to_map with non-struct errors handles map with message key but no details (0.09ms) [L#173]
  * test unified_type for Jido error structs ValidationError with kind :action returns :invalid_action [L#183]
  * test unified_type for Jido error structs ValidationError with kind :action returns :invalid_action (0.09ms) [L#183]
  * test unified_type for Jido error structs ValidationError with kind :config returns :config_error [L#189]
  * test unified_type for Jido error structs ValidationError with kind :config returns :config_error (0.1ms) [L#189]
  * test unified_type for Jido error structs ValidationError without kind returns :validation_error [L#195]
  * test unified_type for Jido error structs ValidationError without kind returns :validation_error (0.08ms) [L#195]
  * test unified_type for Jido error structs ExecutionError with phase :planning returns :planning_error [L#201]
  * test unified_type for Jido error structs ExecutionError with phase :planning returns :planning_error (0.08ms) [L#201]
  * test unified_type for Jido error structs ExecutionError without phase returns :execution_error [L#207]
  * test unified_type for Jido error structs ExecutionError without phase returns :execution_error (0.08ms) [L#207]
  * test unified_type for Jido error structs RoutingError returns :routing_error [L#213]
  * test unified_type for Jido error structs RoutingError returns :routing_error (0.08ms) [L#213]
  * test unified_type for Jido error structs TimeoutError returns :timeout [L#219]
  * test unified_type for Jido error structs TimeoutError returns :timeout (0.08ms) [L#219]
  * test unified_type for Jido error structs CompensationError returns :compensation_error [L#225]
  * test unified_type for Jido error structs CompensationError returns :compensation_error (0.8ms) [L#225]
  * test unified_type for Jido error structs InternalError returns :internal [L#231]
  * test unified_type for Jido error structs InternalError returns :internal (0.09ms) [L#231]
  * test unified_type for Jido error structs UnknownError returns :internal [L#237]
  * test unified_type for Jido error structs UnknownError returns :internal (0.3ms) [L#237]
  * test unified_type for cross-package errors (Jido.Action.Error.*) InvalidInputError returns :validation_error [L#245]
  * test unified_type for cross-package errors (Jido.Action.Error.*) InvalidInputError returns :validation_error (0.5ms) [L#245]
  * test unified_type for cross-package errors (Jido.Action.Error.*) ExecutionFailureError returns :execution_error [L#251]
  * test unified_type for cross-package errors (Jido.Action.Error.*) ExecutionFailureError returns :execution_error (0.3ms) [L#251]
  * test unified_type for cross-package errors (Jido.Action.Error.*) TimeoutError returns :timeout [L#257]
  * test unified_type for cross-package errors (Jido.Action.Error.*) TimeoutError returns :timeout (0.07ms) [L#257]
  * test unified_type for cross-package errors (Jido.Action.Error.*) ConfigurationError returns :config_error [L#263]
  * test unified_type for cross-package errors (Jido.Action.Error.*) ConfigurationError returns :config_error (0.4ms) [L#263]
  * test unified_type for cross-package errors (Jido.Action.Error.*) InternalError returns :internal [L#269]
  * test unified_type for cross-package errors (Jido.Action.Error.*) InternalError returns :internal (0.5ms) [L#269]
  * test unified_type for cross-package errors (Jido.Signal.Error.*) InvalidInputError returns :validation_error [L#277]
  * test unified_type for cross-package errors (Jido.Signal.Error.*) InvalidInputError returns :validation_error (0.2ms) [L#277]
  * test unified_type for cross-package errors (Jido.Signal.Error.*) ExecutionFailureError returns :execution_error [L#283]
  * test unified_type for cross-package errors (Jido.Signal.Error.*) ExecutionFailureError returns :execution_error (0.2ms) [L#283]
  * test unified_type for cross-package errors (Jido.Signal.Error.*) RoutingError returns :routing_error [L#289]
  * test unified_type for cross-package errors (Jido.Signal.Error.*) RoutingError returns :routing_error (0.2ms) [L#289]
  * test unified_type for cross-package errors (Jido.Signal.Error.*) TimeoutError returns :timeout [L#295]
  * test unified_type for cross-package errors (Jido.Signal.Error.*) TimeoutError returns :timeout (0.2ms) [L#295]
  * test unified_type for cross-package errors (Jido.Signal.Error.*) DispatchError returns :routing_error [L#301]
  * test unified_type for cross-package errors (Jido.Signal.Error.*) DispatchError returns :routing_error (0.7ms) [L#301]
  * test unified_type for cross-package errors (Jido.Signal.Error.*) InternalError returns :internal [L#307]
  * test unified_type for cross-package errors (Jido.Signal.Error.*) InternalError returns :internal (0.8ms) [L#307]

JidoTest.JidoTest [test/jido/jido_test.exs]
  * test builds instance supervisor names [L#4]
  * test builds instance supervisor names (0.1ms) [L#4]
  * test generates unique identifiers [L#9]
  * test generates unique identifiers (0.1ms) [L#9]
  * test stop_actor/3 returns not_found for an unknown id [L#18]
  * test stop_actor/3 returns not_found for an unknown id (0.07ms) [L#18]

JidoTest.ErrorTest [test/jido/error_test.exs]
  * test validation_error/2 creates a validation error with message [L#11]
  * test validation_error/2 creates a validation error with message (0.00ms) [L#11]
  * test validation_error/2 creates a validation error with field (infers kind: :input) [L#18]
  * test validation_error/2 creates a validation error with field (infers kind: :input) (0.00ms) [L#18]
  * test validation_error/2 creates a validation error with explicit kind and subject [L#26]
  * test validation_error/2 creates a validation error with explicit kind and subject (0.00ms) [L#26]
  * test validation_error/2 creates a validation error for action (convenience) [L#33]
  * test validation_error/2 creates a validation error for action (convenience) (0.00ms) [L#33]
  * test execution_error/2 creates an execution error [L#43]
  * test execution_error/2 creates an execution error (0.00ms) [L#43]
  * test execution_error/2 creates an execution error with planning phase [L#51]
  * test execution_error/2 creates an execution error with planning phase (0.00ms) [L#51]
  * test execution_error/2 creates an execution error with details [L#58]
  * test execution_error/2 creates an execution error with details (0.00ms) [L#58]
  * test execution_error/2 stores unknown keyword opts in details [L#64]
  * test execution_error/2 stores unknown keyword opts in details (0.00ms) [L#64]
  * test routing_error/2 creates a routing error [L#78]
  * test routing_error/2 creates a routing error (0.00ms) [L#78]
  * test timeout_error/2 creates a timeout error [L#88]
  * test timeout_error/2 creates a timeout error (0.00ms) [L#88]
  * test compensation_error/2 creates a compensation error for successful compensation [L#98]
  * test compensation_error/2 creates a compensation error for successful compensation (0.01ms) [L#98]
  * test compensation_error/2 creates a compensation error for failed compensation [L#114]
  * test compensation_error/2 creates a compensation error for failed compensation (0.00ms) [L#114]
  * test internal_error/2 creates an internal error [L#129]
  * test internal_error/2 creates an internal error (0.00ms) [L#129]
  * test internal_error/2 creates an internal error with details [L#136]
  * test internal_error/2 creates an internal error with details (0.00ms) [L#136]
  * test to_map/1 converts validation error with field to map with type validation_error [L#165]
  * test to_map/1 converts validation error with field to map with type validation_error (0.00ms) [L#165]
  * test to_map/1 converts validation error with kind: :action to map with type invalid_action [L#165]
  * test to_map/1 converts validation error with kind: :action to map with type invalid_action (0.00ms) [L#165]
  * test to_map/1 converts validation error with kind: :config to map with type config_error [L#165]
  * test to_map/1 converts validation error with kind: :config to map with type config_error (0.00ms) [L#165]
  * test to_map/1 converts execution error to map with type execution_error [L#165]
  * test to_map/1 converts execution error to map with type execution_error (0.00ms) [L#165]
  * test to_map/1 converts execution error with phase: :planning to map with type planning_error [L#165]
  * test to_map/1 converts execution error with phase: :planning to map with type planning_error (0.00ms) [L#165]
  * test to_map/1 converts routing error to map with type routing_error [L#165]
  * test to_map/1 converts routing error to map with type routing_error (0.00ms) [L#165]
  * test to_map/1 converts timeout error to map with type timeout [L#165]
  * test to_map/1 converts timeout error to map with type timeout (0.00ms) [L#165]
  * test to_map/1 converts internal error to map with type internal [L#165]
  * test to_map/1 converts internal error to map with type internal (0.00ms) [L#165]
  * test to_map/1 converts validation error to public map without stacktrace [L#171]
  * test to_map/1 converts validation error to public map without stacktrace (0.00ms) [L#171]
  * test to_map/1 converts compensation error to map [L#182]
  * test to_map/1 converts compensation error to map (0.07ms) [L#182]
  * test to_map/1 sanitizes nested details for public transport payloads [L#193]
  * test to_map/1 sanitizes nested details for public transport payloads (12.1ms) [L#193]
  * test to_map/1 handles foreign exceptions without leaking stacktraces [L#240]
  * test to_map/1 handles foreign exceptions without leaking stacktraces (0.01ms) [L#240]
  * test to_map/1 derives retryability from type and structured hints [L#250]
  * test to_map/1 derives retryability from type and structured hints (0.07ms) [L#250]
  * test to_map/1 recognizes known string types from public payloads [L#263]
  * test to_map/1 recognizes known string types from public payloads (0.01ms) [L#263]
  * test to_map/1 handles unknown struct [L#283]
  * test to_map/1 handles unknown struct (0.03ms) [L#283]
  * test Splode interop to_error/1 keeps Jido validation errors typed and classified [L#292]
  * test Splode interop to_error/1 keeps Jido validation errors typed and classified (5.8ms) [L#292]
  * test Splode interop to_class/1 wraps typed errors in the corresponding class [L#301]
  * test Splode interop to_class/1 wraps typed errors in the corresponding class (0.04ms) [L#301]
  * test Splode interop to_error/1 preserves unknown error message for plain values [L#310]
  * test Splode interop to_error/1 preserves unknown error message for plain values (0.01ms) [L#310]
  * test Splode interop to_class/1 handles unknown values without raising [L#318]
  * test Splode interop to_class/1 handles unknown values without raising (0.01ms) [L#318]
  * test extract_message/1 extracts message from various structures [L#329]
  * test extract_message/1 extracts message from various structures (0.01ms) [L#329]
  * test capture_stacktrace/0 returns current stacktrace [L#342]
  * test capture_stacktrace/0 returns current stacktrace (0.00ms) [L#342]

JidoTest.Observe.SpanCtxTest [test/jido/observe/span_ctx_test.exs]
  * test schema/0 returns the Zoi schema [L#14]
  * test schema/0 returns the Zoi schema (0.00ms) [L#14]
  * test new/1 creates a SpanCtx with valid attrs [L#21]
  * test new/1 creates a SpanCtx with valid attrs (0.02ms) [L#21]
  * test new/1 creates a SpanCtx with optional tracer_ctx [L#29]
  * test new/1 creates a SpanCtx with optional tracer_ctx (0.01ms) [L#29]
  * test new/1 creates a SpanCtx with optional tracer_module [L#34]
  * test new/1 creates a SpanCtx with optional tracer_module (0.00ms) [L#34]
  * test new/1 returns error for non-map input [L#39]
  * test new/1 returns error for non-map input (0.00ms) [L#39]
  * test new/1 returns error for nil input [L#44]
  * test new/1 returns error for nil input (0.00ms) [L#44]
  * test new/1 returns error for list input [L#49]
  * test new/1 returns error for list input (0.00ms) [L#49]
  * test new/1 returns error for missing required fields [L#54]
  * test new/1 returns error for missing required fields (0.01ms) [L#54]
  * test new!/1 returns SpanCtx on success [L#60]
  * test new!/1 returns SpanCtx on success (0.01ms) [L#60]
  * test new!/1 raises on invalid attrs [L#66]
  * test new!/1 raises on invalid attrs (0.03ms) [L#66]
  * test new!/1 raises on non-map input [L#72]
  * test new!/1 raises on non-map input (0.00ms) [L#72]

JidoTest.Persistence.AdapterTest [test/jido/persistence/adapter_test.exs]
  * test normalizes module, tuple, and disabled adapter declarations [L#13]
  * test normalizes module, tuple, and disabled adapter declarations (0.00ms) [L#13]
  * test validates adapter declarations [L#20]
  * test validates adapter declarations (3.6ms) [L#20]
  * test rejects adapters without atomic writes before use [L#28]
  * test rejects adapters without atomic writes before use (0.00ms) [L#28]

JidoTest.Persistence.ETSTest [test/jido/persistence/ets_test.exs]
  * test conditional writes require the exact bytes or an absent key [L#10]
  * test conditional writes require the exact bytes or an absent key (0.02ms) [L#10]
  * test one concurrent writer wins for each expected value [L#23]
  * test one concurrent writer wins for each expected value (0.1ms) [L#23]
  * test gets, replaces, and deletes binary values [L#47]
  * test gets, replaces, and deletes binary values (0.01ms) [L#47]
  * test isolates persistence tables [L#60]
  * test isolates persistence tables (0.00ms) [L#60]
  * test an on-demand table transfers to the Jido supervisor [L#70]
  * test an on-demand table transfers to the Jido supervisor (0.01ms) [L#70]

JidoTest.Persistence.RedisTest [test/jido/persistence/redis_test.exs]
  * test gets, replaces, and deletes binary values [L#35]
  * test gets, replaces, and deletes binary values (3.3ms) [L#35]
  * test uses the configured prefix and TTL [L#48]
  * test uses the configured prefix and TTL (0.01ms) [L#48]
  * test requires a command function [L#58]
  * test requires a command function (7.9ms) [L#58]
  * test compares binary values in one EVAL command with prefix and TTL [L#64]
  * test compares binary values in one EVAL command with prefix and TTL (0.00ms) [L#64]
  * test maps atomic write conflicts and rejects invalid replies [L#82]
  * test maps atomic write conflicts and rejects invalid replies (0.00ms) [L#82]
  * test rejects an invalid TTL before it sends a conditional write [L#92]
  * test rejects an invalid TTL before it sends a conditional write (100.8ms) [L#92]
  * test propagates Redis command errors [L#107]
  * test propagates Redis command errors (0.00ms) [L#107]

Jido.Plugin.AuditTest [test/jido/plugin/audit_test.exs]
  * test commits bounded audit records with domain state [L#43]
  * test commits bounded audit records with domain state (16.0ms) [L#43]
  * test rejects non-portable audit data before commit [L#59]
  * test rejects non-portable audit data before commit (1.9ms) [L#59]

Jido.Plugin.DispatchTest [test/jido/plugin/dispatch_test.exs]
  * test reports the real post-commit dispatch result [L#54]
  * test reports the real post-commit dispatch result (7.7ms) [L#54]
  * test rejects an invalid target before commit [L#65]
  * test rejects an invalid target before commit (1.4ms) [L#65]
  * test inherits the Actor Jido scope for a Bus target [L#72]
  * test inherits the Actor Jido scope for a Bus target (50.7ms) [L#72]
  * test turn failure keeps a state commit when delivery fails [L#82]
  * test turn failure keeps a state commit when delivery fails (9.8ms) [L#82]

JidoTest.RuntimeStoreTest [test/jido/runtime_store_test.exs]
  * test RuntimeStore supports put/get/fetch/delete within a hive [L#7]
  * test RuntimeStore supports put/get/fetch/delete within a hive (0.2ms) [L#7]
  * test RuntimeStore keeps hives isolated [L#28]
  * test RuntimeStore keeps hives isolated (0.1ms) [L#28]
  * test RuntimeStore retains entries when the RuntimeStore process restarts [L#36]
  * test RuntimeStore retains entries when the RuntimeStore process restarts (6.0ms) [L#36]

JidoTest.SupervisorTest [test/jido/supervisor_test.exs]
  * test Jido supervisor starts a Jido instance supervisor [L#5]
  * test Jido supervisor starts a Jido instance supervisor (0.2ms) [L#5]
  * test Jido supervisor requires :name option [L#9]
  * test Jido supervisor requires :name option (4.7ms) [L#9]
  * test Jido supervisor can be used as a child spec [L#15]
  * test Jido supervisor can be used as a child spec (0.9ms) [L#15]
  * test Jido supervisor starts TaskSupervisor as child [L#22]
  * test Jido supervisor starts TaskSupervisor as child (0.4ms) [L#22]
  * test Jido supervisor starts Registry as child [L#30]
  * test Jido supervisor starts Registry as child (0.2ms) [L#30]
  * test Jido supervisor starts ActorSupervisor (DynamicSupervisor) as child [L#41]
  * test Jido supervisor starts ActorSupervisor (DynamicSupervisor) as child (1.0ms) [L#41]

JidoTest.Plugin.SchedulerOccurrenceTest [test/jido/plugin/scheduler_occurrence_test.exs]
  * test the same coordinates produce one ID across different Signal deliveries [L#12]
  * test the same coordinates produce one ID across different Signal deliveries (8.5ms) [L#12]
  * test instance, Actor, partition, job, generation, and UTC time distinguish IDs [L#22]
  * test instance, Actor, partition, job, generation, and UTC time distinguish IDs (4.5ms) [L#22]
  * test UTC normalization equates offset representations and distinguishes repeated local times [L#43]
  * test UTC normalization equates offset representations and distinguishes repeated local times (0.1ms) [L#43]
  * test metadata preserves Signal data and context through the wire format [L#62]
  * test metadata preserves Signal data and context through the wire format (0.08ms) [L#62]
  * test missing and malformed occurrence metadata return tagged errors [L#83]
  * test missing and malformed occurrence metadata return tagged errors (0.1ms) [L#83]
  * test plain cron definitions retain their prior checkpoint shape [L#100]
  * test plain cron definitions retain their prior checkpoint shape (7.6ms) [L#100]
  * test tracked schedules reject reserved template metadata [L#111]
  * test tracked schedules reject reserved template metadata (0.1ms) [L#111]

JidoTest.Util.DeepMergeTest [test/jido/util/deep_merge_test.exs]
  * test merge/2 deep merges maps [L#7]
  * test merge/2 deep merges maps (0.00ms) [L#7]
  * test merge/2 deep merges keyword lists [L#12]
  * test merge/2 deep merges keyword lists (0.00ms) [L#12]
  * test merge/2 deep merges top-level keyword lists [L#20]
  * test merge/2 deep merges top-level keyword lists (0.00ms) [L#20]
  * test merge/2 preserves keyword list when override is empty list [L#25]
  * test merge/2 preserves keyword list when override is empty list (0.00ms) [L#25]
  * test merge/2 replaces structs rather than merging them as maps [L#29]
  * test merge/2 replaces structs rather than merging them as maps (0.00ms) [L#29]
  * test merge/2 uses right-side value for non-mergeable conflicts [L#38]
  * test merge/2 uses right-side value for non-mergeable conflicts (0.00ms) [L#38]
  * test merge/2 replaces non-keyword tuple lists instead of treating them as keyword lists [L#43]
  * test merge/2 replaces non-keyword tuple lists instead of treating them as keyword lists (0.00ms) [L#43]
  * test merge/2 requires mergeable top-level inputs [L#50]
  * test merge/2 requires mergeable top-level inputs (0.01ms) [L#50]

JidoTest.Thread.EntryNormalizerTest [test/jido/thread/entry_normalizer_test.exs]
  * test normalize/4 applies consistent defaults for Entry structs [L#8]
  * test normalize/4 applies consistent defaults for Entry structs (3.8ms) [L#8]
  * test normalize/4 accepts atom and string keys for map input [L#21]
  * test normalize/4 accepts atom and string keys for map input (0.00ms) [L#21]
  * test normalize_many/4 assigns monotonic sequence values from base_seq [L#42]
  * test normalize_many/4 assigns monotonic sequence values from base_seq (0.00ms) [L#42]
  * test normalize_many/4 supports custom id generation [L#50]
  * test normalize_many/4 supports custom id generation (0.00ms) [L#50]

JidoTest.Tracing.TraceTest [test/jido/tracing/trace_test.exs]
  * test new_root/0 creates trace with fresh trace_id and span_id [L#8]
  * test new_root/0 creates trace with fresh trace_id and span_id (0.00ms) [L#8]
  * test new_root/0 generates unique ids each time [L#17]
  * test new_root/0 generates unique ids each time (0.00ms) [L#17]
  * test child_of/2 creates child trace inheriting trace_id [L#27]
  * test child_of/2 creates child trace inheriting trace_id (0.00ms) [L#27]
  * test child_of/2 works with just required parent fields [L#40]
  * test child_of/2 works with just required parent fields (0.00ms) [L#40]
  * test put/2 attaches trace data to a signal [L#53]
  * test put/2 attaches trace data to a signal (0.2ms) [L#53]
  * test put/2 filters out nil values [L#64]
  * test put/2 filters out nil values (0.1ms) [L#64]
  * test put/2 returns error for non-signal input [L#77]
  * test put/2 returns error for non-signal input (0.00ms) [L#77]
  * test get/1 gets trace data from signal [L#84]
  * test get/1 gets trace data from signal (0.04ms) [L#84]
  * test get/1 returns nil for signal without trace data [L#95]
  * test get/1 returns nil for signal without trace data (0.02ms) [L#95]

JidoTest.UtilCoverageTest [test/jido/util_coverage_test.exs]
  * test validate_actions/2 with opts validates valid action module with opts [L#8]
  * test validate_actions/2 with opts validates valid action module with opts (1.7ms) [L#8]
  * test validate_actions/2 with opts rejects invalid action module with opts [L#12]
  * test validate_actions/2 with opts rejects invalid action module with opts (0.7ms) [L#12]
  * test validate_actions/2 with opts validates valid action list with opts [L#17]
  * test validate_actions/2 with opts validates valid action list with opts (0.2ms) [L#17]
  * test validate_actions/2 with opts rejects invalid action list with opts [L#21]
  * test validate_actions/2 with opts rejects invalid action list with opts (0.2ms) [L#21]
  * test via_tuple/2 with string name in tuple preserves string name in tuple form [L#28]
  * test via_tuple/2 with string name in tuple preserves string name in tuple form (0.1ms) [L#28]
  * test via_tuple/2 with string name in tuple raises when registry option is missing [L#33]
  * test via_tuple/2 with string name in tuple raises when registry option is missing (0.3ms) [L#33]
  * test whereis/2 with registered process finds registered process via tuple form [L#41]
  * test whereis/2 with registered process finds registered process via tuple form (0.1ms) [L#41]
  * test whereis/2 with registered process finds registered process via atom name with opts [L#51]
  * test whereis/2 with registered process finds registered process via atom name with opts (0.09ms) [L#51]
  * test whereis/2 with registered process finds registered process via string name in tuple [L#62]
  * test whereis/2 with registered process finds registered process via string name in tuple (0.1ms) [L#62]
  * test whereis/2 with registered process raises when registry option is missing [L#72]
  * test whereis/2 with registered process raises when registry option is missing (0.1ms) [L#72]

JidoTest.UtilTest [test/jido/util_test.exs]
  * test generate_id/0 generates unique non-empty binary identifiers [L#8]
  * test generate_id/0 generates unique non-empty binary identifiers (0.1ms) [L#8]
  * test string_to_binary!/1 returns binary string unchanged [L#20]
  * test string_to_binary!/1 returns binary string unchanged (0.1ms) [L#20]
  * test validate_name/2 validates valid names [L#26]
  * test validate_name/2 validates valid names (0.1ms) [L#26]
  * test validate_name/2 rejects invalid names [L#32]
  * test validate_name/2 rejects invalid names (0.4ms) [L#32]
  * test validate_name/2 rejects invalid names with validate: true option [L#41]
  * test validate_name/2 rejects invalid names with validate: true option (0.2ms) [L#41]
  * test validate_actions/1 validates valid action modules [L#50]
  * test validate_actions/1 validates valid action modules (1.9ms) [L#50]
  * test validate_actions/1 rejects invalid action modules [L#55]
  * test validate_actions/1 rejects invalid action modules (3.0ms) [L#55]
  * test validate_module/1 validates existing module [L#70]
  * test validate_module/1 validates existing module (0.9ms) [L#70]
  * test validate_module/1 rejects invalid module inputs [L#74]
  * test validate_module/1 rejects invalid module inputs (0.6ms) [L#74]
  * test validate_module_compiled/1 validates compilable module [L#83]
  * test validate_module_compiled/1 validates compilable module (0.5ms) [L#83]
  * test validate_module_compiled/1 rejects invalid module inputs [L#87]
  * test validate_module_compiled/1 rejects invalid module inputs (0.2ms) [L#87]
  * test pluck/2 extracts field from list of maps [L#96]
  * test pluck/2 extracts field from list of maps (0.1ms) [L#96]
  * test pluck/2 returns nil for missing fields [L#101]
  * test pluck/2 returns nil for missing fields (0.1ms) [L#101]
  * test pluck/2 handles empty list [L#106]
  * test pluck/2 handles empty list (0.2ms) [L#106]
  * test via_tuple/2 creates via tuple with default and custom registry [L#112]
  * test via_tuple/2 creates via tuple with default and custom registry (0.2ms) [L#112]
  * test via_tuple/2 converts atom name to string and preserves string name [L#124]
  * test via_tuple/2 converts atom name to string and preserves string name (0.09ms) [L#124]
  * test whereis/2 returns pid when given pid [L#135]
  * test whereis/2 returns pid when given pid (0.07ms) [L#135]
  * test whereis/2 returns not_found for unregistered names [L#140]
  * test whereis/2 returns not_found for unregistered names (0.1ms) [L#140]
  * test whereis/2 uses custom registry option [L#155]
  * test whereis/2 uses custom registry option (0.1ms) [L#155]
  * test cond_log/4 exercises logging branches and returns :ok [L#162]
  * test cond_log/4 exercises logging branches and returns :ok (0.4ms) [L#162]

JidoTest.AgentCaseContractTest [test/jido_test/agent_case_contract_test.exs]
  * test agent_result returns state and version from the same commit [L#48]
  * test agent_result returns state and version from the same commit (2.9ms) [L#48]
  * test an atomic snapshot remains consistent when a turn finishes after the read [L#59]
  * test an atomic snapshot remains consistent when a turn finishes after the read (0.9ms) [L#59]

JidoTest.ThreadTest [test/jido/thread_test.exs]
  * test Entry.new/1 creates entry with defaults [L#8]
  * test Entry.new/1 creates entry with defaults (0.1ms) [L#8]
  * test Entry.new/1 creates entry from keyword list [L#18]
  * test Entry.new/1 creates entry from keyword list (0.08ms) [L#18]
  * test Entry.new/1 creates entry with all attributes [L#25]
  * test Entry.new/1 creates entry with all attributes (0.1ms) [L#25]
  * test Entry.new/1 accepts string keys in map [L#46]
  * test Entry.new/1 accepts string keys in map (0.1ms) [L#46]
  * test Thread.new/1 creates empty thread with defaults [L#55]
  * test Thread.new/1 creates empty thread with defaults (1.6ms) [L#55]
  * test Thread.new/1 accepts custom id [L#67]
  * test Thread.new/1 accepts custom id (0.1ms) [L#67]
  * test Thread.new/1 accepts custom metadata [L#73]
  * test Thread.new/1 accepts custom metadata (0.09ms) [L#73]
  * test Thread.new/1 accepts custom timestamp via now option [L#79]
  * test Thread.new/1 accepts custom timestamp via now option (0.1ms) [L#79]
  * test Thread.append/2 appends single entry as map [L#89]
  * test Thread.append/2 appends single entry as map (0.09ms) [L#89]
  * test Thread.append/2 appends Entry struct [L#103]
  * test Thread.append/2 appends Entry struct (0.1ms) [L#103]
  * test Thread.append/2 appends multiple entries as list [L#117]
  * test Thread.append/2 appends multiple entries as list (0.1ms) [L#117]
  * test Thread.append/2 assigns monotonically increasing seq [L#135]
  * test Thread.append/2 assigns monotonically increasing seq (0.1ms) [L#135]
  * test Thread.append/2 increments rev on each append [L#146]
  * test Thread.append/2 increments rev on each append (0.09ms) [L#146]
  * test Thread.append/2 updates updated_at timestamp [L#157]
  * test Thread.append/2 updates updated_at timestamp (2.0ms) [L#157]
  * test Thread.append/2 generates entry id if not provided [L#167]
  * test Thread.append/2 generates entry id if not provided (0.3ms) [L#167]
  * test Thread.append/2 preserves provided entry id [L#176]
  * test Thread.append/2 preserves provided entry id (0.1ms) [L#176]
  * test Thread.entry_count/1 returns 0 for empty thread [L#187]
  * test Thread.entry_count/1 returns 0 for empty thread (0.2ms) [L#187]
  * test Thread.entry_count/1 returns correct count after appends [L#192]
  * test Thread.entry_count/1 returns correct count after appends (0.1ms) [L#192]
  * test Thread.last/1 returns nil for empty thread [L#203]
  * test Thread.last/1 returns nil for empty thread (0.09ms) [L#203]
  * test Thread.last/1 returns last appended entry [L#208]
  * test Thread.last/1 returns last appended entry (0.1ms) [L#208]
  * test Thread.get_entry/2 returns nil for non-existent seq [L#221]
  * test Thread.get_entry/2 returns nil for non-existent seq (0.09ms) [L#221]
  * test Thread.get_entry/2 returns entry by seq [L#226]
  * test Thread.get_entry/2 returns entry by seq (0.1ms) [L#226]
  * test Thread.to_list/1 returns empty list for empty thread [L#240]
  * test Thread.to_list/1 returns empty list for empty thread (0.2ms) [L#240]
  * test Thread.to_list/1 returns all entries in order [L#245]
  * test Thread.to_list/1 returns all entries in order (0.1ms) [L#245]
  * test Thread.filter_by_kind/2 returns empty list for missing thread [L#258]
  * test Thread.filter_by_kind/2 returns empty list for missing thread (0.1ms) [L#258]
  * test Thread.filter_by_kind/2 raises for invalid thread input [L#262]
  * test Thread.filter_by_kind/2 raises for invalid thread input (0.1ms) [L#262]
  * test Thread.filter_by_kind/2 returns empty list when no matches [L#270]
  * test Thread.filter_by_kind/2 returns empty list when no matches (0.1ms) [L#270]
  * test Thread.filter_by_kind/2 filters by single kind [L#278]
  * test Thread.filter_by_kind/2 filters by single kind (0.2ms) [L#278]
  * test Thread.filter_by_kind/2 filters by multiple kinds [L#290]
  * test Thread.filter_by_kind/2 filters by multiple kinds (0.1ms) [L#290]
  * test Thread.slice/3 returns empty list for empty thread [L#305]
  * test Thread.slice/3 returns empty list for empty thread (0.1ms) [L#305]
  * test Thread.slice/3 returns entries in seq range inclusive [L#310]
  * test Thread.slice/3 returns entries in seq range inclusive (0.1ms) [L#310]
  * test Thread.slice/3 handles out of bounds gracefully [L#326]
  * test Thread.slice/3 handles out of bounds gracefully (0.08ms) [L#326]
  * test Thread.slice/3 handles partial overlap [L#336]
  * test Thread.slice/3 handles partial overlap (0.1ms) [L#336]
  * test immutability append returns new thread without modifying original [L#352]
  * test immutability append returns new thread without modifying original (0.07ms) [L#352]

JidoTest.Plugin.DurableSchedulerTest [test/jido/plugin/durable_scheduler_test.exs]
  * test intent and completion use separate candidates and duplicate work is rejected [L#14]
  * test intent and completion use separate candidates and duplicate work is rejected (19.6ms) [L#14]
  * test the pending slot is bounded and newer busy slots are skipped [L#33]
  * test the pending slot is bounded and newer busy slots are skipped (4.7ms) [L#33]
  * test replacing a generation retires both its pending tick and later enqueue requests [L#52]
  * test replacing a generation retires both its pending tick and later enqueue requests (3.8ms) [L#52]
  * test cancellation and recreation reject the cancelled generation [L#70]
  * test cancellation and recreation reject the cancelled generation (5.8ms) [L#70]
  * test repeated definitions preserve progress and changed definitions need a new generation [L#87]
  * test repeated definitions preserve progress and changed definitions need a new generation (2.9ms) [L#87]
  * test altered tick data, malformed pending state, and unknown acknowledgement are rejected [L#100]
  * test altered tick data, malformed pending state, and unknown acknowledgement are rejected (2.4ms) [L#100]
  * test durable delivery requires an explicit generation [L#120]
  * test durable delivery requires an explicit generation (0.04ms) [L#120]

Jido.Plugin.SensorManagerTest [test/jido/plugin/sensor_manager_test.exs]
  * test reconciles desired sensors and restarts a failed sensor [L#57]
  * test reconciles desired sensors and restarts a failed sensor (27.6ms) [L#57]
  * test restores sensors when an internal supervisor fails [L#92]
  * test restores sensors when an internal supervisor fails (13.7ms) [L#92]

Jido.ActorTest [test/jido/actor_test.exs]
  * test builds one neutral canonical Actor definition [L#149]
  * test builds one neutral canonical Actor definition (0.2ms) [L#149]
  * test instantiates one definition with identity and schema defaults [L#190]
  * test instantiates one definition with identity and schema defaults (0.1ms) [L#190]
  * test keeps definitions out of instance-only operations [L#205]
  * test keeps definitions out of instance-only operations (0.3ms) [L#205]
  * test rejects instance data at the definition boundary and half-instances [L#220]
  * test rejects instance data at the definition boundary and half-instances (0.09ms) [L#220]
  * test defines Actor values and callback values with Zoi structs [L#236]
  * test defines Actor values and callback values with Zoi structs (0.00ms) [L#236]
  * test validates terminal Turn outcomes [L#242]
  * test validates terminal Turn outcomes (0.1ms) [L#242]
  * test builds instances from a module that uses Jido.Actor [L#288]
  * test builds instances from a module that uses Jido.Actor (0.2ms) [L#288]
  * test rejects an invalid behavior, schema, route, and initial state [L#311]
  * test rejects an invalid behavior, schema, route, and initial state (1.1ms) [L#311]
  * test plans one executable from one Signal without exposing Server state [L#330]
  * test plans one executable from one Signal without exposing Server state (0.1ms) [L#330]
  * test requires one Signal to resolve to exactly one executable [L#344]
  * test requires one Signal to resolve to exactly one executable (0.6ms) [L#344]
  * test replaces and validates the complete Actor state [L#357]
  * test replaces and validates the complete Actor state (0.2ms) [L#357]
  * test merges an explicit data mutation through the Actor schema [L#369]
  * test merges an explicit data mutation through the Actor schema (0.1ms) [L#369]
  * test applies the same executable turn to an Actor value without a process [L#379]
  * test applies the same executable turn to an Actor value without a process (0.3ms) [L#379]
  * test an Actor module exposes the same cmd API [L#391]
  * test an Actor module exposes the same cmd API (0.2ms) [L#391]
  * test rejects invalid offline caller context with a validation error [L#399]
  * test rejects invalid offline caller context with a validation error (0.2ms) [L#399]
  * test separates portable definition data from instance data [L#410]
  * test separates portable definition data from instance data (0.1ms) [L#410]
  * test checkpoints and restores only Actor domain data [L#418]
  * test checkpoints and restores only Actor domain data (0.4ms) [L#418]
  * test module authoring API exposes canonical definition data through generated accessors [L#433]
  * test module authoring API exposes canonical definition data through generated accessors (0.2ms) [L#433]
  * test module authoring API rejects dynamic Actor state schemas [L#451]
  * test module authoring API rejects dynamic Actor state schemas (1.0ms) [L#451]
  * test module authoring API validates module-authored route targets before instantiation [L#466]
  * test module authoring API validates module-authored route targets before instantiation (0.05ms) [L#466]
  * test definition construction accepts maps, keyword lists, and an existing definition [L#473]
  * test definition construction accepts maps, keyword lists, and an existing definition (0.04ms) [L#473]
  * test definition construction rejects unknown definition keys and invalid definition data [L#484]
  * test definition construction rejects unknown definition keys and invalid definition data (0.04ms) [L#484]
  * test definition construction raising constructors raise the returned validation error [L#501]
  * test definition construction raising constructors raise the returned validation error (0.06ms) [L#501]
  * test definition construction converts canonical routes to portable map data [L#513]
  * test definition construction converts canonical routes to portable map data (0.1ms) [L#513]
  * test instance lifecycle generates non-empty unique identities and accepts an explicit identity [L#529]
  * test instance lifecycle generates non-empty unique identities and accepts an explicit identity (0.09ms) [L#529]
  * test instance lifecycle merges partial initial state over schema defaults [L#548]
  * test instance lifecycle merges partial initial state over schema defaults (0.1ms) [L#548]
  * test instance lifecycle accepts only identity and state instance overrides [L#555]
  * test instance lifecycle accepts only identity and state instance overrides (0.1ms) [L#555]
  * test instance lifecycle validates definitions and instances through explicit boundaries [L#567]
  * test instance lifecycle validates definitions and instances through explicit boundaries (0.2ms) [L#567]
  * test instance lifecycle rejects unknown state keys at construction and transition boundaries [L#584]
  * test instance lifecycle rejects unknown state keys at construction and transition boundaries (0.2ms) [L#584]
  * test instance lifecycle deep merges domain state and keeps the source Actor immutable [L#596]
  * test instance lifecycle deep merges domain state and keeps the source Actor immutable (0.1ms) [L#596]
  * test instance lifecycle returns a validation error for malformed set attributes [L#611]
  * test instance lifecycle returns a validation error for malformed set attributes (0.1ms) [L#611]
  * test Signal and command lifecycle uses route input as defaults and gives Signal data precedence [L#619]
  * test Signal and command lifecycle uses route input as defaults and gives Signal data precedence (0.5ms) [L#619]
  * test Signal and command lifecycle normalizes missing routes, invalid routes, and invalid Signal types [L#633]
  * test Signal and command lifecycle normalizes missing routes, invalid routes, and invalid Signal types (0.6ms) [L#633]
  * test Signal and command lifecycle preserves custom routing error details, cause, and retry hints [L#675]
  * test Signal and command lifecycle preserves custom routing error details, cause, and retry hints (0.2ms) [L#675]
  * test Signal and command lifecycle supports one custom handle_signal callback as the routing boundary [L#701]
  * test Signal and command lifecycle supports one custom handle_signal callback as the routing boundary (0.2ms) [L#701]
  * test Signal and command lifecycle contains an invalid handle_signal callback result [L#712]
  * test Signal and command lifecycle contains an invalid handle_signal callback result (0.06ms) [L#712]
  * test Signal and command lifecycle keeps the original Signal in context when route defaults supply input [L#722]
  * test Signal and command lifecycle keeps the original Signal in context when route defaults supply input (1.2ms) [L#722]
  * test Signal and command lifecycle rejects caller and Plugin access to reserved context keys [L#744]
  * test Signal and command lifecycle rejects caller and Plugin access to reserved context keys (0.3ms) [L#744]
  * test Signal and command lifecycle preserves executable errors without changing the source Actor [L#756]
  * test Signal and command lifecycle preserves executable errors without changing the source Actor (3.5ms) [L#756]
  * test Signal and command lifecycle rejects invalid complete state output [L#768]
  * test Signal and command lifecycle rejects invalid complete state output (1.3ms) [L#768]
  * test Signal and command lifecycle returns validated Directives without dispatching them [L#776]
  * test Signal and command lifecycle returns validated Directives without dispatching them (0.3ms) [L#776]
  * test Signal and command lifecycle passes execution options to the executable boundary [L#784]
  * test Signal and command lifecycle passes execution options to the executable boundary (11.7ms) [L#784]
  * test Signal and command lifecycle is deterministic for equal Actor, Signal, and option values [L#799]
  * test Signal and command lifecycle is deterministic for equal Actor, Signal, and option values (0.7ms) [L#799]
  * test Signal and command lifecycle runs one Flow as one offline Actor turn [L#807]
  * test Signal and command lifecycle runs one Flow as one offline Actor turn (63.1ms) [L#807]
  * test command and turn values validates the Actor command input value [L#828]
  * test command and turn values validates the Actor command input value (0.3ms) [L#828]
  * test command and turn values validates Action and Flow turn input values [L#841]
  * test command and turn values validates Action and Flow turn input values (0.05ms) [L#841]
  * test checkpoint lifecycle runs the complete immutable lifecycle without an Actor Server [L#855]
  * test checkpoint lifecycle runs the complete immutable lifecycle without an Actor Server (0.5ms) [L#855]
  * test checkpoint lifecycle restores direct Actor definitions without a module wrapper [L#870]
  * test checkpoint lifecycle restores direct Actor definitions without a module wrapper (0.2ms) [L#870]
  * test checkpoint lifecycle passes context through custom checkpoint and restore callbacks [L#878]
  * test checkpoint lifecycle passes context through custom checkpoint and restore callbacks (0.1ms) [L#878]
  * test checkpoint lifecycle rejects malformed default checkpoints [L#895]
  * test checkpoint lifecycle rejects malformed default checkpoints (0.1ms) [L#895]
  * test checkpoint lifecycle contains callback failures and invalid return contracts [L#919]
  * test checkpoint lifecycle contains callback failures and invalid return contracts (0.1ms) [L#919]

Jido.PluginTest [test/jido/actor/plugin_test.exs]
  * test use Jido.Plugin declares the v3 Actor Plugin contract [L#424]
  * test use Jido.Plugin declares the v3 Actor Plugin contract (0.00ms) [L#424]
  * test requires the use Jido.Plugin authoring boundary [L#431]
  * test requires the use Jido.Plugin authoring boundary (0.02ms) [L#431]
  * test requires validation for each declared Directive type [L#438]
  * test requires validation for each declared Directive type (0.1ms) [L#438]
  * test requires each Plugin Directive to reduce state or dispatch runtime work [L#445]
  * test requires each Plugin Directive to reduce state or dispatch runtime work (0.01ms) [L#445]
  * test allows typed Directive dispatch without a Plugin process [L#452]
  * test allows typed Directive dispatch without a Plugin process (0.00ms) [L#452]
  * test does not let a Plugin claim a built-in Directive [L#457]
  * test does not let a Plugin claim a built-in Directive (0.04ms) [L#457]
  * test does not accept a marker without the Jido.Plugin behavior [L#464]
  * test does not accept a marker without the Jido.Plugin behavior (0.00ms) [L#464]
  * test contains a Plugin marker fault [L#471]
  * test contains a Plugin marker fault (0.01ms) [L#471]
  * test does not accept legacy Plugin module options [L#478]
  * test does not accept legacy Plugin module options (0.9ms) [L#478]
  * test prepares one command in declaration order [L#490]
  * test prepares one command in declaration order (0.4ms) [L#490]
  * test can reject a command before executable work [L#505]
  * test can reject a command before executable work (0.2ms) [L#505]
  * test rejects an invalid prepared command [L#512]
  * test rejects an invalid prepared command (0.1ms) [L#512]
  * test admission keeps its error contract for invalid commands and Actor replacement [L#519]
  * test admission keeps its error contract for invalid commands and Actor replacement (0.2ms) [L#519]
  * test does not let a Plugin replace the Actor [L#544]
  * test does not let a Plugin replace the Actor (0.1ms) [L#544]
  * test validates the complete Action state [L#551]
  * test validates the complete Action state (0.2ms) [L#551]
  * test validates Directives in offline Actor.cmd/3 [L#558]
  * test validates Directives in offline Actor.cmd/3 (0.1ms) [L#558]
  * test preserves an Action error [L#566]
  * test preserves an Action error (0.1ms) [L#566]
  * test does not let validation replace a Directive type [L#574]
  * test does not let validation replace a Directive type (0.1ms) [L#574]
  * test gives a Plugin state reducer only its owned Directives [L#584]
  * test gives a Plugin state reducer only its owned Directives (0.7ms) [L#584]
  * test normalizes a Directive before Plugin state reduction [L#594]
  * test normalizes a Directive before Plugin state reduction (0.6ms) [L#594]
  * test adds Plugin state to the Actor schema without author schema work [L#604]
  * test adds Plugin state to the Actor schema without author schema work (0.5ms) [L#604]
  * test Actor.set/2 changes domain state but not Plugin-owned state [L#615]
  * test Actor.set/2 changes domain state but not Plugin-owned state (0.5ms) [L#615]
  * test does not let an executable change Plugin-owned state [L#627]
  * test does not let an executable change Plugin-owned state (0.6ms) [L#627]
  * test treats a missing Plugin key and a nil Plugin value as different state [L#637]
  * test treats a missing Plugin key and a nil Plugin value as different state (0.3ms) [L#637]
  * test rejects unknown state keys and domain state key conflicts [L#649]
  * test rejects unknown state keys and domain state key conflicts (0.3ms) [L#649]
    warning: incompatible types given to Jido.Util.DeepMerge.merge/2:

        Jido.Util.DeepMerge.merge(%{}, :not_mergeable)

    given types:

        empty_map(), -:not_mergeable-

    but expected one of:

        (
          empty_list() or map() or non_empty_list(term(), term()),
          empty_list() or map() or non_empty_list(term(), term())
        )

    type warning found at:
    │
 52 │         DeepMerge.merge(%{}, :not_mergeable)
    │                   ~
    │
    └─ test/jido/util/deep_merge_test.exs:52:19: JidoTest.Util.DeepMergeTest."test merge/2 requires mergeable top-level inputs"/1

    warning: the following clause cannot match because the previous clauses already matched all possible values:

        _ ->

    it attempts to match on the result of:

        schema

    which has the already matched type:

        dynamic(%Zoi.Types.Struct{
          module: Jido.Observe.SpanCtx,
          fields:
            non_empty_list(
              {:event_prefix,
               %Zoi.Types.Array{
                 inner: %Zoi.Types.Atom{
                   meta: %Zoi.Types.Meta{
                     effects: empty_list(),
                     metadata: empty_list(),
                     required: nil,
                     error: nil,
                     description: nil,
                     example: nil,
                     typespec: nil,
                     deprecated: nil
                   }
                 },
                 min_length: nil,
                 max_length: nil,
                 length: nil,
                 unique_items: nil,
                 coerce: false,
                 meta: %Zoi.Types.Meta{
                   effects: empty_list(),
                   metadata: empty_list(),
                   required: true,
                   error: nil,
                   description: binary(),
                   example: nil,
                   typespec: nil,
                   deprecated: nil
                 }
               }} or
                {:metadata,
                 %Zoi.Types.Map{
                   key_type: %Zoi.Types.Any{
                     meta: %Zoi.Types.Meta{
                       effects: empty_list(),
                       metadata: empty_list(),
                       required: nil,
                       error: nil,
                       description: nil,
                       example: nil,
                       typespec: nil,
                       deprecated: nil
                     }
                   },
                   value_type: %Zoi.Types.Any{
                     meta: %Zoi.Types.Meta{
                       effects: empty_list(),
                       metadata: empty_list(),
                       required: nil,
                       error: nil,
                       description: nil,
                       example: nil,
                       typespec: nil,
                       deprecated: nil
                     }
                   },
                   fields: nil,
                   unrecognized_keys: :strip,
                   coerce: false,
                   empty_values: empty_list(),
                   meta: %Zoi.Types.Meta{
                     effects: empty_list(),
                     metadata: empty_list(),
                     required: true,
                     error: nil,
                     description: binary(),
                     example: nil,
                     typespec: nil,
                     deprecated: nil
                   }
                 }} or
                {:tracer_ctx,
                 %Zoi.Types.Any{
                   meta: %Zoi.Types.Meta{
                     effects: empty_list(),
                     metadata: empty_list(),
                     required: false,
                     error: nil,
                     description: binary(),
                     example: nil,
                     typespec: nil,
                     deprecated: nil
                   }
                 }} or
                {:tracer_module,
                 %Zoi.Types.Atom{
                   meta: %Zoi.Types.Meta{
                     effects: empty_list(),
                     metadata: empty_list(),
                     required: false,
                     error: nil,
                     description: binary(),
                     example: nil,
                     typespec: nil,
                     deprecated: nil
                   }
                 }} or
                {:start_system_time or :start_time,
                 %Zoi.Types.Integer{
                   gte: nil,
                   lte: nil,
                   gt: nil,
                   lt: nil,
                   multiple_of: nil,
                   coerce: false,
                   meta: %Zoi.Types.Meta{
                     effects: empty_list(),
                     metadata: empty_list(),
                     required: true,
                     error: nil,
                     description: binary(),
                     example: nil,
                     typespec: nil,
                     deprecated: nil
                   }
                 }}
            ),
          unrecognized_keys: :strip,
          coerce: true,
          empty_values: empty_list(),
          meta: %Zoi.Types.Meta{
            effects: empty_list(),
            metadata: empty_list(),
            required: nil,
            error: nil,
            description: nil,
            example: nil,
            typespec: nil,
            deprecated: nil
          }
        })

    type warning found at:
    │
 16 │       assert is_struct(schema)
    │       ~~~~~~~~~~~~~~~~~~~~~~~~
    │
    └─ test/jido/observe/span_ctx_test.exs:16: JidoTest.Observe.SpanCtxTest."test schema/0 returns the Zoi schema"/1

    warning: incompatible types given to Jido.Observe.SpanCtx.new!/1:

        Jido.Observe.SpanCtx.new!("not a map")

    given types:

        -binary()-

    but expected one of:

        map()

    type warning found at:
    │
 74 │         SpanCtx.new!("not a map")
    │                 ~
    │
    └─ test/jido/observe/span_ctx_test.exs:74:17: JidoTest.Observe.SpanCtxTest."test new!/1 raises on non-map input"/1

    warning: incompatible types given to Jido.ID.uuid7/2:

        Jido.ID.uuid7(1.0, <<0::integer-size(80)>>)

    given types:

        -float()-, binary()

    but expected one of:

        integer(), binary()

    type warning found at:
    │
 85 │         ID.uuid7(1.0, <<0::80>>)
    │            ~
    │
    └─ test/jido/id_test.exs:85:12: JidoTest.IDTest."test uuid7/2 rejects timestamps outside the 48-bit UUIDv7 range"/1

    warning: incompatible types given to Jido.ID.uuid7/2:

        Jido.ID.uuid7(0, :not_binary)

    given types:

        integer(), -:not_binary-

    but expected one of:

        integer(), binary()

    type warning found at:
    │
 99 │         ID.uuid7(0, :not_binary)
    │            ~
    │
    └─ test/jido/id_test.exs:99:12: JidoTest.IDTest."test uuid7/2 rejects random inputs that are not 80 bits"/1


JidoTest.Examples.Basic.PluginStateActorTest [test/examples/01_basic/01_03_plugin_state_actor/plugin_state_actor_test.exs]
  * test domain and Plugin state become visible in the same commit [L#9]
  * test domain and Plugin state become visible in the same commit (11.8ms) [L#9]
  * test an Action cannot change Plugin-owned state or dispatch its otherwise valid effect [L#21]
  * test an Action cannot change Plugin-owned state or dispatch its otherwise valid effect (1.8ms) [L#21]
  * test invalid Plugin output rejects the domain candidate and preserves the prior commit [L#40]
  * test invalid Plugin output rejects the domain candidate and preserves the prior commit (7.6ms) [L#40]

JidoTest.Examples.Workflow.ConditionalRoutesTest [test/examples/02_workflow/02_03_conditional_routes/conditional_routes_test.exs]
  * test only the first matching option runs and the fallback remains lazy [L#6]
  * test only the first matching option runs and the fallback remains lazy (12.9ms) [L#6]
  * test explicit expected errors select fallback and permanent errors select rejection [L#23]
  * test explicit expected errors select fallback and permanent errors select rejection (1.8ms) [L#23]
  * test a selected Action failure does not enter another option or otherwise [L#52]
  * test a selected Action failure does not enter another option or otherwise (1.8ms) [L#52]

JidoTest.Examples.Workflow.EffectfulStepsTest [test/examples/02_workflow/02_02_effectful_steps/effectful_steps_test.exs]
  * test caller context reaches Flow steps and only selected output persists and restores [L#12]
  * test caller context reaches Flow steps and only selected output persists and restores (7.6ms) [L#12]
  * test guard rejection prevents the call while late rejection cannot undo it [L#43]
  * test guard rejection prevents the call while late rejection cannot undo it (3.2ms) [L#43]
  * test context is isolated between Turns and repeated success advances only the commit revision [L#78]
  * test context is isolated between Turns and repeated success advances only the commit revision (2.3ms) [L#78]

JidoTest.Examples.Basic.DirectiveActorTest [test/examples/01_basic/01_04_directive_actor/directive_actor_test.exs]
  * test every handler observes committed state and dispatch follows batch order [L#8]
  * test every handler observes committed state and dispatch follows batch order (15.7ms) [L#8]
  * test an invalid later Directive prevents the entire commit and all dispatch [L#31]
  * test an invalid later Directive prevents the entire commit and all dispatch (18.8ms) [L#31]
  * test a failed second dispatch preserves the commit and prevents the third effect [L#55]
  * test a failed second dispatch preserves the commit and prevents the third effect (2.3ms) [L#55]

JidoTest.Examples.Workflow.SequentialFlowTest [test/examples/02_workflow/02_01_sequential_flow/sequential_flow_test.exs]
  * test a compiled inline Step can use new bindings through Builder and stored JSON [L#5]
  * test a compiled inline Step can use new bindings through Builder and stored JSON (17.4ms) [L#5]
  * test dependencies hold intermediate state and direct/live output agrees [L#34]
  * test dependencies hold intermediate state and direct/live output agrees (5.2ms) [L#34]
  * test an intermediate failure stops its dependent and keeps an existing commit [L#53]
  * test an intermediate failure stops its dependent and keeps an existing commit (3.2ms) [L#53]
  * test Flow input, Flow output, and Actor candidate schemas reject at distinct boundaries [L#70]
  * test Flow input, Flow output, and Actor candidate schemas reject at distinct boundaries (14.0ms) [L#70]

JidoTest.Examples.Basic.ControlledTurnActorTest [test/examples/01_basic/01_05_controlled_turn_actor/controlled_turn_actor_test.exs]
  * test queued work starts with the prior Turn's committed state [L#8]
  * test queued work starts with the prior Turn's committed state (15.0ms) [L#8]
  * test cancellation terminates abandoned work and preserves valid queued work [L#53]
  * test cancellation terminates abandoned work and preserves valid queued work (13.9ms) [L#53]
  * test a caller timeout ends waiting without cancelling a started Turn [L#97]
  * test a caller timeout ends waiting without cancelling a started Turn (112.9ms) [L#97]

JidoTest.Examples.Basic.MinimalActorTest [test/examples/01_basic/01_01_minimal_actor/minimal_actor_test.exs]
  * test direct and live execution agree on route defaults and Signal overrides [L#7]
  * test direct and live execution agree on route defaults and Signal overrides (6.3ms) [L#7]
  * test the Action rejects an invalid amount before it can change state [L#36]
  * test the Action rejects an invalid amount before it can change state (3.1ms) [L#36]
  * test instances from one definition keep separate state and identity [L#57]
  * test instances from one definition keep separate state and identity (1.5ms) [L#57]

JidoTest.Examples.Basic.TypedCommandActorTest [test/examples/01_basic/01_02_typed_command_actor/typed_command_actor_test.exs]
  * test construction preserves defaults and root constraints with and without Plugin state [L#10]
  * test construction preserves defaults and root constraints with and without Plugin state (8.5ms) [L#10]
  * test route defaults merge shallowly before direct and live Action validation [L#42]
  * test route defaults merge shallowly before direct and live Action validation (8.6ms) [L#42]
  * test an invalid candidate cannot commit or dispatch after successful Action execution [L#102]
  * test an invalid candidate cannot commit or dispatch after successful Action execution (7.1ms) [L#102]
  * test direct and live routing failures share one error contract and leave the Server usable [L#127]
  * test direct and live routing failures share one error contract and leave the Server usable (2.6ms) [L#127]

JidoTest.Examples.Workflow.ParallelJoinTest [test/examples/02_workflow/02_04_parallel_join/parallel_join_test.exs]
  * test named commands apply defaults and reject invalid input before either branch [L#5]
  * test named commands apply defaults and reject invalid input before either branch (8.0ms) [L#5]
  * test independent work overlaps and the join waits for both results [L#30]
  * test independent work overlaps and the join waits for both results (3.5ms) [L#30]
  * test a concurrency limit of one prevents overlap [L#58]
  * test a concurrency limit of one prevents overlap (1.1ms) [L#58]
  * test branch failure permits already started work to finish but prevents the join [L#71]
  * test branch failure permits already started work to finish but prevents the join (3.1ms) [L#71]
  * test cancellation stops every Flow worker and the next Turn uses fresh context [L#94]
  * test cancellation stops every Flow worker and the next Turn uses fresh context (9.5ms) [L#94]

JidoTest.Examples.Workflow.BoundedIterationTest [test/examples/02_workflow/02_06_bounded_iteration/bounded_iteration_test.exs]
  * test initial completion skips the body and final allowed repair succeeds [L#5]
  * test initial completion skips the body and final allowed repair succeeds (8.2ms) [L#5]
  * test exhaustion runs exactly three bodies and preserves the prior result [L#28]
  * test exhaustion runs exactly three bodies and preserves the prior result (2.5ms) [L#28]
  * test invalid initial or replacement state stops before another iteration [L#47]
  * test invalid initial or replacement state stops before another iteration (2.6ms) [L#47]

JidoTest.Examples.Basic.AuthoringFormatsTest [test/examples/01_basic/authoring_formats_test.exs]
  * test all authoring formats execute Jido.Examples.MinimalActor.increment through the same runtime [L#25]
  * test all authoring formats execute Jido.Examples.MinimalActor.increment through the same runtime (9.6ms) [L#25]
  * test all authoring formats execute Jido.Examples.TypedCommandActor.patch_profile through the same runtime [L#25]
  * test all authoring formats execute Jido.Examples.TypedCommandActor.patch_profile through the same runtime (8.2ms) [L#25]
  * test all authoring formats execute Jido.Examples.TypedCommandActor.set_count through the same runtime [L#25]
  * test all authoring formats execute Jido.Examples.TypedCommandActor.set_count through the same runtime (37.7ms) [L#25]
  * test all authoring formats execute Jido.Examples.PluginStateActor.increment through the same runtime [L#25]
  * test all authoring formats execute Jido.Examples.PluginStateActor.increment through the same runtime (37.8ms) [L#25]
  * test all authoring formats execute Jido.Examples.DirectiveActor.set_count through the same runtime [L#25]
  * test all authoring formats execute Jido.Examples.DirectiveActor.set_count through the same runtime (34.4ms) [L#25]
  * test all authoring formats execute Jido.Examples.ControlledTurnActor.increment through the same runtime [L#25]
  * test all authoring formats execute Jido.Examples.ControlledTurnActor.increment through the same runtime (35.2ms) [L#25]

JidoTest.Examples.LLM.ConversationHistoryTest [test/examples/03_llm/03_02_conversation_history/conversation_history_test.exs]
  * test two Turns use actual history; duplicates and errors preserve it [L#5]
  * test two Turns use actual history; duplicates and errors preserve it (7.8ms) [L#5]
  * test persisted history restores and the next Turn uses a fresh client [L#33]
  * test persisted history restores and the next Turn uses a fresh client (1.7ms) [L#33]

JidoTest.Examples.Workflow.OrderedBatchTest [test/examples/02_workflow/02_05_ordered_batch/ordered_batch_test.exs]
  * test reverse Map completion feeds an ordered serial Reduce [L#5]
  * test reverse Map completion feeds an ordered serial Reduce (20.2ms) [L#5]
  * test collected errors keep their source position under reversed completion [L#46]
  * test collected errors keep their source position under reversed completion (2.5ms) [L#46]
  * test fail-fast stops pending items and rejects the batch and its dependent Reduce [L#80]
  * test fail-fast stops pending items and rejects the batch and its dependent Reduce (2.7ms) [L#80]
  * test empty Map and Reduce return their empty result without invoking a body [L#108]
  * test empty Map and Reduce return their empty result without invoking a body (3.1ms) [L#108]

JidoTest.Examples.LLM.ToolCallTest [test/examples/03_llm/03_03_tool_call/tool_call_test.exs]
  * test a typed tool result retains its call ID in the final model input [L#12]
  * test a typed tool result retains its call ID in the final model input (8.3ms) [L#12]
  * test unknown tools, bad arguments, and denied operations make zero tool calls [L#34]
  * test unknown tools, bad arguments, and denied operations make zero tool calls (2.6ms) [L#34]
  * test SDK tool schema prevents direct invalid execution [L#57]
  * test SDK tool schema prevents direct invalid execution (0.2ms) [L#57]
  * test tool failure and late answer failure preserve prior state but keep external effects [L#71]
  * test tool failure and late answer failure preserve prior state but keep external effects (2.5ms) [L#71]

JidoTest.Examples.Workflow.ExecutableContinuationTest [test/examples/02_workflow/02_08_executable_continuation/executable_continuation_test.exs]
  * test Flow and Action continuations share context and commit only the terminal result [L#5]
  * test Flow and Action continuations share context and commit only the terminal result (8.3ms) [L#5]
  * test one continuation budget bounds the whole chain without an intermediate commit [L#29]
  * test one continuation budget bounds the whole chain without an intermediate commit (2.5ms) [L#29]
  * test the terminal Flow validates its output after prior executables finish [L#54]
  * test the terminal Flow validates its output after prior executables finish (3.0ms) [L#54]
  * test an execution timeout ends the active chain and stops its worker [L#69]
  * test an execution timeout ends the active chain and stops its worker (202.6ms) [L#69]

JidoTest.Examples.LLM.ModelResponseTest [test/examples/03_llm/03_01_model_response/model_response_test.exs]
  * test exact input and selected output cross direct and live boundaries [L#5]
  * test exact input and selected output cross direct and live boundaries (3.3ms) [L#5]
  * test bad input makes no call and bad output preserves a prior commit [L#30]
  * test bad input makes no call and bad output preserves a prior commit (1.6ms) [L#30]
  * test transient fallback records both calls; auth and malformed fallback preserve state [L#43]
  * test transient fallback records both calls; auth and malformed fallback preserve state (1.4ms) [L#43]
  * test execution deadline terminates a blocked provider worker [L#60]
  * test execution deadline terminates a blocked provider worker (203.5ms) [L#60]

JidoTest.Examples.Workflow.NestedFlowTest [test/examples/02_workflow/02_07_nested_flow/nested_flow_test.exs]
  * test child calls keep separate results and share context without intermediate commits [L#5]
  * test child calls keep separate results and share context without intermediate commits (16.6ms) [L#5]
  * test child input and output contracts stop the parent and preserve its prior commit [L#36]
  * test child input and output contracts stop the parent and preserve its prior commit (3.1ms) [L#36]
  * test a nested Action error keeps its typed cause and the parent can run again [L#71]
  * test a nested Action error keeps its typed cause and the parent can run again (4.0ms) [L#71]
  * test the parent execution timeout also stops a blocked child [L#98]
  * test the parent execution timeout also stops a blocked child (206.5ms) [L#98]

JidoTest.Examples.LLM.OutputRepairTest [test/examples/03_llm/03_07_output_repair/output_repair_test.exs]
  * test valid first output makes one call and invalid output sends specific feedback [L#5]
  * test valid first output makes one call and invalid output sends specific feedback (5.5ms) [L#5]
  * test last allowed repair succeeds; exhaustion makes exactly three calls and preserves it [L#27]
  * test last allowed repair succeeds; exhaustion makes exactly three calls and preserves it (2.4ms) [L#27]
  * test provider failure is not an automatic repair [L#52]
  * test provider failure is not an automatic repair (1.0ms) [L#52]

JidoTest.Examples.LLM.GroundedAnswerTest [test/examples/03_llm/03_06_grounded_answer/grounded_answer_test.exs]
  * test retrieval and generation receive exact inputs before validated provenance commits [L#10]
  * test retrieval and generation receive exact inputs before validated provenance commits (6.5ms) [L#10]
  * test no evidence makes zero model calls; bad identity, revision, or page cannot replace prior state [L#27]
  * test no evidence makes zero model calls; bad identity, revision, or page cannot replace prior state (4.4ms) [L#27]
  * test resolver receives committed history and web search requires explicit permission [L#68]
  * test resolver receives committed history and web search requires explicit permission (2.2ms) [L#68]

JidoTest.Examples.LLM.ContextCompactionTest [test/examples/03_llm/03_08_context_compaction/context_compaction_test.exs]
  * test compaction reads committed history; queued messages survive and enter the next model input once [L#14]
  * test compaction reads committed history; queued messages survive and enter the next model input once (12.1ms) [L#14]
  * test fact loss, malformed summary, and byte overflow preserve committed messages [L#65]
  * test fact loss, malformed summary, and byte overflow preserve committed messages (2.2ms) [L#65]

JidoTest.Examples.Runtime.ScheduledCounterTest [test/examples/04_runtime/04_01_scheduled_signals/scheduled_counter_test.exs]
  * test a scheduling Directive starts a later Signal and second Turn [L#12]
  * test a scheduling Directive starts a later Signal and second Turn (25.9ms) [L#12]
  * test CRON Directives add and remove Scheduler runtime state [L#27]
  * test CRON Directives add and remove Scheduler runtime state (10.9ms) [L#27]
  * test invalid timer and CRON requests leave Actor and Plugin state unchanged [L#43]
  * test invalid timer and CRON requests leave Actor and Plugin state unchanged (2.8ms) [L#43]

JidoTest.Examples.Workflow.ApprovalWorkflowTest [test/examples/02_workflow/02_09_approval_workflow/approval_workflow_test.exs]
  * test approval commits before a process-free Plugin books and a later Signal completes [L#36]
  * test approval commits before a process-free Plugin books and a later Signal completes (20.9ms) [L#36]
  * test a valid stale revision fails selection and cancelled work cannot be approved [L#69]
  * test a valid stale revision fails selection and cancelled work cannot be approved (5.0ms) [L#69]
  * test queued duplicate approval creates only one provider attempt [L#99]
  * test queued duplicate approval creates only one provider attempt (14.8ms) [L#99]
  * test stale and duplicate result Signals cannot replace a terminal booking [L#124]
  * test stale and duplicate result Signals cannot replace a terminal booking (11.0ms) [L#124]
  * test provider failure enters through a separate result Turn [L#157]
  * test provider failure enters through a separate result Turn (8.7ms) [L#157]

JidoTest.Examples.LLM.ParallelToolsTest [test/examples/03_llm/03_05_parallel_tools/parallel_tools_test.exs]
  * test two real workers overlap; reverse completion retains call order [L#7]
  * test two real workers overlap; reverse completion retains call order (7.6ms) [L#7]
  * test a finite plan obeys the serial limit [L#42]
  * test a finite plan obeys the serial limit (52.9ms) [L#42]
  * test complete plan admission rejects duplicate IDs, unknown names, and bad arguments before any effect [L#63]
  * test complete plan admission rejects duplicate IDs, unknown names, and bad arguments before any effect (3.7ms) [L#63]
  * test empty tools and collected item errors reach the model with stable correlation [L#84]
  * test empty tools and collected item errors reach the model with stable correlation (3.7ms) [L#84]
  * test cancellation terminates all active tools and preserves a prior commit [L#109]
  * test cancellation terminates all active tools and preserves a prior commit (3.4ms) [L#109]

JidoTest.Examples.Runtime.AgentLiveDebuggerTest [test/examples/04_runtime/04_05_runtime_inspection/agent_live_debugger_test.exs]
  * test a snapshot uses public inspection and removes secrets [L#10]
  * test a snapshot uses public inspection and removes secrets (2.7ms) [L#10]
  * test inspection reads the committed state while an Action is still running [L#21]
  * test inspection reads the committed state while an Action is still running (1.7ms) [L#21]

JidoTest.Examples.Runtime.DeduplicatingInboxTest [test/examples/04_runtime/04_07_input_deduplication/deduplicating_inbox_test.exs]
  * test a duplicate stable event ID does not commit twice [L#10]
  * test a duplicate stable event ID does not commit twice (3.3ms) [L#10]
  * test invalid input does not consume an event ID and a later valid event works [L#28]
  * test invalid input does not consume an event ID and a later valid event works (1.8ms) [L#28]

JidoTest.Examples.LLM.ReActAgentTest [test/examples/03_llm/03_04_tool_loop/react_agent_test.exs]
  * test one Signal runs the complete effectful ReAct Flow and commits once [L#16]
  * test one Signal runs the complete effectful ReAct Flow and commits once (7.7ms) [L#16]
  * test a failed Flow keeps Actor state but does not undo completed effects [L#37]
  * test a failed Flow keeps Actor state but does not undo completed effects (1.4ms) [L#37]
  * test several tool calls remain inside one committed Turn [L#62]
  * test several tool calls remain inside one committed Turn (1.6ms) [L#62]
  * test an unknown tool fails without a commit [L#97]
  * test an unknown tool fails without a commit (1.1ms) [L#97]
  * test a tool error preserves its completed model effect but does not commit [L#108]
  * test a tool error preserves its completed model effect but does not commit (0.9ms) [L#108]
  * test malformed model output fails before any tool effect [L#123]
  * test malformed model output fails before any tool effect (1.3ms) [L#123]
  * test the application step budget bounds recursive tool use [L#138]
  * test the application step budget bounds recursive tool use (1.3ms) [L#138]
  * test a provider timeout fails without a commit [L#166]
  * test a provider timeout fails without a commit (0.9ms) [L#166]
  * test cancelling the active Turn stops model work and keeps Actor state [L#177]
  * test cancelling the active Turn stops model work and keeps Actor state (2.1ms) [L#177]
  * test intermediate rounds expose prior state and the final transcript commits once [L#204]
  * test intermediate rounds expose prior state and the final transcript commits once (2.8ms) [L#204]
  * test the SDK continuation bound is separate from the model-step budget [L#260]
  * test the SDK continuation bound is separate from the model-step budget (1.2ms) [L#260]

JidoTest.Examples.Runtime.BurstBuncherTest [test/examples/04_runtime/04_02_keyed_timers/burst_buncher_test.exs]
  * test maximum size flushes one ordered batch after commit [L#13]
  * test maximum size flushes one ordered batch after commit (8.0ms) [L#13]
  * test a later item replaces the pending timeout [L#40]
  * test a later item replaces the pending timeout (8.2ms) [L#40]
  * test stale timer generations cannot drain a newer batch [L#65]
  * test stale timer generations cannot drain a newer batch (3.1ms) [L#65]
  * test a duplicate item ID does not enter the batch twice [L#85]
  * test a duplicate item ID does not enter the batch twice (2.0ms) [L#85]

JidoTest.Examples.Runtime.BusDeliveryTest [test/examples/04_runtime/04_03_bus_delivery/bus_delivery_test.exs]
  * test durable delivery waits for a commit before it sends the next record [L#8]
  * test durable delivery waits for a commit before it sends the next record (31.8ms) [L#8]
  * test a failed Turn retries the same record before later input [L#27]
  * test a failed Turn retries the same record before later input (17.8ms) [L#27]
  * test a restarted Client resumes the subscription and duplicate IDs keep one value [L#47]
  * test a restarted Client resumes the subscription and duplicate IDs keep one value (19.5ms) [L#47]
  * test normal input outside the subscription path does not enter the Actor [L#65]
  * test normal input outside the subscription path does not enter the Actor (7.0ms) [L#65]

JidoTest.Examples.Runtime.AuditOutboxTest [test/examples/04_runtime/04_08_commit_outbox/audit_outbox_test.exs]
  * test failed work creates no audit intent and dispatch is idempotent [L#11]
  * test failed work creates no audit intent and dispatch is idempotent (4.2ms) [L#11]
  * test a duplicate command cannot change the balance behind a deduplicated audit record [L#29]
  * test a duplicate command cannot change the balance behind a deduplicated audit record (1.2ms) [L#29]
  * test undelivered intent survives Actor restore and can be dispatched again [L#44]
  * test undelivered intent survives Actor restore and can be dispatched again (1.5ms) [L#44]

JidoTest.Examples.Runtime.PersistentCounterRecoveryTest [test/examples/04_runtime/04_06_state_recovery/persistent_counter_recovery_test.exs]
  * test a hibernated counter restores its last durable commit and continues [L#13]
  * test a hibernated counter restores its last durable commit and continues (4.9ms) [L#13]
  * test an identical-state commit stores a new revision and restores it [L#43]
  * test an identical-state commit stores a new revision and restores it (3.4ms) [L#43]
  * test required restore reports a missing record [L#82]
  * test required restore reports a missing record (0.4ms) [L#82]
  * test a corrupt record prevents restore [L#91]
  * test a corrupt record prevents restore (0.4ms) [L#91]
  * test a stale durable writer cannot replace a newer revision [L#102]
  * test a stale durable writer cannot replace a newer revision (0.8ms) [L#102]

JidoTest.Examples.Runtime.ManagedJobsTest [test/examples/04_runtime/04_04_managed_jobs/managed_jobs_test.exs]
  * test pure evaluation emits portable intent; live dispatch runs after the pending commit [L#15]
  * test pure evaluation emits portable intent; live dispatch runs after the pending commit (33.2ms) [L#15]
  * test cancellation stops work and rejects its later result [L#43]
  * test cancellation stops work and rejects its later result (3.0ms) [L#43]
  * test worker failure becomes a terminal Signal and permits a fresh job [L#59]
  * test worker failure becomes a terminal Signal and permits a fresh job (12.8ms) [L#59]
  * test capability loss kills its work but requires explicit pending-job recovery [L#68]
  * test capability loss kills its work but requires explicit pending-job recovery (13.3ms) [L#68]
  * test Actor shutdown stops the capability and its active task [L#91]
  * test Actor shutdown stops the capability and its active task (1.2ms) [L#91]
  * test invalid adapters and duplicate job IDs start no extra work [L#99]
  * test invalid adapters and duplicate job IDs start no extra work (7.4ms) [L#99]

JidoTest.Examples.LLM.SubagentDelegationTest [test/examples/03_llm/03_09_subagent_delegation/subagent_delegation_test.exs]
  * test portable Directives start a real child; independent model work follows the pending commit [L#18]
  * test portable Directives start a real child; independent model work follows the pending commit (18.5ms) [L#18]
  * test stale and duplicate results cannot complete another request; duplicate IDs make no model call [L#65]
  * test stale and duplicate results cannot complete another request; duplicate IDs make no model call (16.0ms) [L#65]
  * test invalid specialist selection starts no child and performs no specialist effect [L#113]
  * test invalid specialist selection starts no child and performs no specialist effect (1.3ms) [L#113]
  * test child model failure becomes a correlated result and a new request can succeed [L#130]
  * test child model failure becomes a correlated result and a new request can succeed (21.6ms) [L#130]
  * test child process loss cannot leave the parent request pending [L#159]
  * test child process loss cannot leave the parent request pending (8.7ms) [L#159]
  * test the child's execution deadline ends blocked model work and reports failure [L#182]
  * test the child's execution deadline ends blocked model work and reports failure (1011.1ms) [L#182]

JidoTest.Examples.MultiAgent.ActorHierarchyTest [test/examples/05_multi_agent/05_04_actor_hierarchy/actor_hierarchy_test.exs]
  * test a two-level tree has six real descendants with direct parent bindings [L#19]
  * test a two-level tree has six real descendants with direct parent bindings (10.4ms) [L#19]
  * test a branch crash stops its descendants and preserves its sibling [L#35]
  * test a branch crash stops its descendants and preserves its sibling (12.8ms) [L#35]
  * test root shutdown removes every descendant from the instance registry [L#51]
  * test root shutdown removes every descendant from the instance registry (7.1ms) [L#51]
  * test depth bounds reject work before a commit or child creation [L#59]
  * test depth bounds reject work before a commit or child creation (2.3ms) [L#59]

JidoTest.Examples.MultiAgent.CorrelatedRequestsTest [test/examples/05_multi_agent/05_02_correlated_requests/correlated_requests_test.exs]
  * test the child completes its own Turn before the parent accepts the result [L#20]
  * test the child completes its own Turn before the parent accepts the result (20.2ms) [L#20]
  * test wrong correlation and duplicate requests cannot settle pending work [L#31]
  * test wrong correlation and duplicate requests cannot settle pending work (15.5ms) [L#31]
  * test cancellation stops the child and its active execution worker [L#53]
  * test cancellation stops the child and its active execution worker (8.0ms) [L#53]
  * test child process loss ends the request and a fresh request can succeed [L#63]
  * test child process loss ends the request and a fresh request can succeed (19.6ms) [L#63]
  * test a child Action error becomes a failed request through the stop-on-error policy [L#74]
  * test a child Action error becomes a failed request through the stop-on-error policy (14.1ms) [L#74]
  * test the child execution deadline ends blocked work and settles the parent [L#84]
  * test the child execution deadline ends blocked work and settles the parent (1008.4ms) [L#84]

JidoTest.Examples.MultiAgent.BoundedWorkersTest [test/examples/05_multi_agent/05_03_bounded_workers/bounded_workers_test.exs]
  * test two live workers overlap, reuse their slots, and preserve input result order [L#24]
  * test two live workers overlap, reuse their slots, and preserve input result order (27.3ms) [L#24]
  * test stale replies cannot consume a slot or advance the queue [L#48]
  * test stale replies cannot consume a slot or advance the queue (10.8ms) [L#48]
  * test cancellation stops all child execution and discards queued work [L#64]
  * test cancellation stops all child execution and discards queued work (30.5ms) [L#64]
  * test one child crash fails the request and stops the sibling [L#75]
  * test one child crash fails the request and stops the sibling (9.5ms) [L#75]
  * test empty input starts no child and invalid limits make no commit [L#84]
  * test empty input starts no child and invalid limits make no commit (2.9ms) [L#84]

JidoTest.Examples.MultiAgent.ChildLifecycleTest [test/examples/05_multi_agent/05_01_child_lifecycle/child_lifecycle_test.exs]
  * test pure evaluation plans a child; only live dispatch starts it [L#6]
  * test pure evaluation plans a child; only live dispatch starts it (5.6ms) [L#6]
  * test abnormal restart keeps committed child state and updates the tracked PID [L#26]
  * test abnormal restart keeps committed child state and updates the tracked PID (7.8ms) [L#26]
  * test explicit child stop and parent stop remove owned processes [L#46]
  * test explicit child stop and parent stop remove owned processes (3.5ms) [L#46]

JidoTest.Integration.IdentityTest [test/integration/identity/identity_test.exs]
  * test a private key proves identity and the Actor signs its correlated reply [L#14]
  * test a private key proves identity and the Actor signs its correlated reply (2.1ms) [L#14]

JidoTest.Integration.AuditTest [test/integration/audit/audit_test.exs]
  * test a failed Flow keeps Actor state and exposes one runtime Outcome [L#14]
  * test a failed Flow keeps Actor state and exposes one runtime Outcome (8.1ms) [L#14]

JidoTest.Integration.InboxTest [test/integration/inbox/inbox_test.exs]
  * test an input Plugin survives bursts, duplicates, and an internal runtime restart [L#11]
  * test an input Plugin survives bursts, duplicates, and an internal runtime restart (53.9ms) [L#11]

JidoTest.Integration.CoordinatorTest [test/integration/coordinator/coordinator_test.exs]
  * test one Flow turn commits delegation state before ordered child work [L#12]
  * test one Flow turn commits delegation state before ordered child work (104.9ms) [L#12]

JidoTest.Examples.LLM.RecursiveLanguageModelTest [test/examples/03_llm/03_10_recursive_analysis/recursive_language_model_test.exs]
  * test direct evaluation and Server execution agree and commit only the complete result [L#57]
  * test direct evaluation and Server execution agree and commit only the complete result (15.6ms) [L#57]
  * test empty and all-success inputs return empty counts [L#80]
  * test empty and all-success inputs return empty counts (5.3ms) [L#80]
  * test irregular trees and both traversal orders agree with an independent oracle [L#100]
  * test irregular trees and both traversal orders agree with an independent oracle (407.2ms) [L#100]
  * test a selected range reads only its records from a larger corpus [L#128]
  * test a selected range reads only its records from a larger corpus (7.1ms) [L#128]
  * test max_depth stops work before the allowance is exceeded [L#151]
  * test max_depth stops work before the allowance is exceeded (1.9ms) [L#151]
  * test max_calls stops work before the allowance is exceeded [L#151]
  * test max_calls stops work before the allowance is exceeded (2.0ms) [L#151]
  * test max_steps stops work before the allowance is exceeded [L#151]
  * test max_steps stops work before the allowance is exceeded (2.0ms) [L#151]
  * test max_read_records stops work before the allowance is exceeded [L#151]
  * test max_read_records stops work before the allowance is exceeded (2.2ms) [L#151]
  * test max_bytes stops work before the allowance is exceeded [L#151]
  * test max_bytes stops work before the allowance is exceeded (2.3ms) [L#151]
  * test the byte budget is shared across siblings and retains completed read effects [L#173]
  * test the byte budget is shared across siblings and retains completed read effects (2.6ms) [L#173]
  * test call and step budgets are shared across siblings [L#187]
  * test call and step budgets are shared across siblings (4.4ms) [L#187]
  * test exact work limits succeed [L#202]
  * test exact work limits succeed (6.5ms) [L#202]
  * test gaps, overlaps, repeated ranges, and non-reducing recursion fail before reads [L#220]
  * test gaps, overlaps, repeated ranges, and non-reducing recursion fail before reads (5.4ms) [L#220]
  * test malformed model replies and invalid transitions are rejected [L#241]
  * test malformed model replies and invalid transitions are rejected (3.4ms) [L#241]
  * test false leaf counts and false parent counts cannot commit [L#259]
  * test false leaf counts and false parent counts cannot commit (4.5ms) [L#259]
  * test a late model failure preserves the last committed answer and permits retry [L#276]
  * test a late model failure preserves the last committed answer and permits retry (7.7ms) [L#276]
  * test unknown corpora and ranges outside the corpus fail before model calls [L#294]
  * test unknown corpora and ranges outside the corpus fail before model calls (2.4ms) [L#294]
  * test invalid request schemas and missing clients fail before external work [L#305]
  * test invalid request schemas and missing clients fail before external work (4.1ms) [L#305]
  * test malformed store data and false byte totals fail without a commit [L#323]
  * test malformed store data and false byte totals fail without a commit (4.2ms) [L#323]
  * test a skewed tree reaches the exact depth limit and rejects the next level [L#355]
  * test a skewed tree reaches the exact depth limit and rejects the next level (53.7ms) [L#355]
  * test the final result can contain more services than any leaf result [L#388]
  * test the final result can contain more services than any leaf result (408.0ms) [L#388]
  * test adapter exceptions and stopped stores return structured errors [L#397]
  * test adapter exceptions and stopped stores return structured errors (2.4ms) [L#397]
  * test cancellation stops recursive work after a read and preserves committed state [L#410]
  * test cancellation stops recursive work after a read and preserves committed state (4.8ms) [L#410]
  * test an execution deadline terminates a blocked model [L#431]
  * test an execution deadline terminates a blocked model (503.0ms) [L#431]
  * test queued requests retain their own client context and commit in order [L#448]
  * test queued requests retain their own client context and commit in order (13.9ms) [L#448]
  * test a large tree stays within leaf bounds across concurrent Actors [L#470]
  * test a large tree stays within leaf bounds across concurrent Actors (1971.9ms) [L#470]

JidoTest.Integration.FixedGroupTest [test/integration/fixed_group/fixed_group_test.exs]
  * test a fixed group owns stable children and coordinates work through the Bus [L#12]
  * test a fixed group owns stable children and coordinates work through the Bus (2015.7ms) [L#12]

  1) test a fixed group owns stable children and coordinates work through the Bus (JidoTest.Integration.FixedGroupTest)
     test/integration/fixed_group/fixed_group_test.exs:12
     Condition not met within timeout. Last result: false
     code: eventually(
     stacktrace:
       (jido 2.3.3) test/support/eventually.ex:41: JidoTest.Eventually.do_eventually/4
       test/integration/fixed_group/fixed_group_test.exs:38: (test)


JidoTest.Integration.SecureSignalTest [test/integration/secure_signal/secure_signal_test.exs]
  * test identity verifies ciphertext before secure admission decrypts it [L#14]
  * test identity verifies ciphertext before secure admission decrypts it (4.7ms) [L#14]

JidoTest.Actor.DistributedAuthorityTest [test/jido/actor/distributed_authority_test.exs]
  * test a replacement restores on another node and fences an older revision [L#10]
14:13:39.966 [warning] [signal.error] type=distributed.authority.record error=%{message: "\"{:persistence_failed, :conflict}\"", type: :internal, details: %{}, retryable?: true} duration=6.88ms

  * test a replacement restores on another node and fences an older revision (700.5ms) [L#10]
  * test one logical identity has at most one live cluster owner [L#32]
  * test one logical identity has at most one live cluster owner (541.8ms) [L#32]

  2) test one logical identity has at most one live cluster owner (JidoTest.Actor.DistributedAuthorityTest)
     test/jido/actor/distributed_authority_test.exs:32
     match (=) failed
     The following variables were pinned:
       owner = #PID<44831.207.0>
     code:  assert {:error, {:actor_identity_owned, "authority", ^owner}} = start(c.peer_b, c, persistence)
     left:  {:error, {:actor_identity_owned, "authority", ^owner}}
     right: {:ok, #PID<44832.202.0>}
     stacktrace:
       test/jido/actor/distributed_authority_test.exs:36: (test)


JidoTest.Integration.SubscriptionTest [test/integration/subscription/subscription_test.exs]
  * test committed desired state repairs runtime state after dispatch failure and restart [L#14]
  * test committed desired state repairs runtime state after dispatch failure and restart (18.8ms) [L#14]

JidoTest.Integration.ReactTest [test/integration/react/react_test.exs]
  * test message history survives later Turns and commits before scheduled work [L#12]
  * test message history survives later Turns and commits before scheduled work (32.1ms) [L#12]
  * test a failed tool loop preserves the previously committed history [L#90]
  * test a failed tool loop preserves the previously committed history (15.7ms) [L#90]

JidoTest.Actor.PendingJobRecoveryTest [test/jido/actor/pending_job_recovery_test.exs]
  * test approval and fresh attempt identity are required in pure evaluation [L#16]
  * test approval and fresh attempt identity are required in pure evaluation (8.2ms) [L#16]
  * test a saved approval request survives Actor loss [L#35]
  * test a saved approval request survives Actor loss (11.4ms) [L#35]
  * test actor loss permits explicit retry and rejects the old result [L#48]
  * test actor loss permits explicit retry and rejects the old result (13.2ms) [L#48]
  * test plugin loss permits explicit retry and rejects the old result [L#48]
  * test plugin loss permits explicit retry and rejects the old result (11.5ms) [L#48]
  * test cancellation survives restart and rejects approval, retry, and late results [L#70]
  * test cancellation survives restart and rejects approval, retry, and late results (6.5ms) [L#70]

JidoTest.Integration.PurposeLoopTest [test/integration/purpose_loop/purpose_loop_test.exs]
  * test scheduled finite turns continue without client input and ignore duplicate ticks [L#13]
  * test scheduled finite turns continue without client input and ignore duplicate ticks (226.2ms) [L#13]
  * test a paused loop restores, resumes, drains, rejects new work, and cleans up [L#77]
  * test a paused loop restores, resumes, drains, rejects new work, and cleans up (214.6ms) [L#77]

JidoTest.Actor.PendingJobVMRecoveryTest [test/jido/actor/pending_job_vm_recovery_test.exs]
  * test saved work can be retried after parent loss [L#23]
14:13:41.695 [warning] [signal.error] type=examples.jobs.settle error=%{message: "attempt result is stale", type: :validation_error, details: %{}, retryable?: false} duration=4.16ms

  * test saved work can be retried after parent loss (625.2ms) [L#23]
  * test saved work can be retried after node loss [L#23]
14:13:42.392 [warning] [signal.error] type=examples.jobs.settle error=%{message: "attempt result is stale", type: :validation_error, details: %{}, retryable?: false} duration=4.0ms

  * test saved work can be retried after node loss (696.4ms) [L#23]

JidoTest.Actor.RemoteLifecycleTest [test/jido/actor/remote_lifecycle_test.exs]
  * test a connected remote process exit carries its observed reason [L#9]
  * test a connected remote process exit carries its observed reason (593.8ms) [L#9]
  * test node loss is reported as unreachable rather than confirmed child death [L#19]
  * test node loss is reported as unreachable rather than confirmed child death (630.9ms) [L#19]
  * test disconnect stops owned work and reconnect needs explicit replacement [L#27]
14:13:44.410 [warning] [signal.error] type=test.remote.hold error=%{message: "\"{:parent_down, :cancelled}\"", type: :internal, details: %{}, retryable?: true} duration=14.28ms

14:13:44.429 [warning] [directive.error] type=SpawnActor error=%{message: "\"{:spawn_actor_failed, :spawn_request_closed}\"", type: :internal, details: %{}, retryable?: true} duration=339μs

14:13:44.431 [error] Actor Directive handling failed

  * test disconnect stops owned work and reconnect needs explicit replacement (814.4ms) [L#27]
  * test parent node loss stops the remote Actor and its execution task [L#79]
14:13:45.119 [warning] [signal.error] type=test.remote.hold error=%{message: "\"{:parent_down, :cancelled}\"", type: :internal, details: %{}, retryable?: true} duration=16.17ms

  * test parent node loss stops the remote Actor and its execution task (688.0ms) [L#79]

JidoTest.Integration.ElasticGroupTest [test/integration/elastic_group/elastic_group_test.exs]
  * test an elastic group scales, reclaims failed work, drains, and returns to its minimum [L#12]
  * test an elastic group scales, reclaims failed work, drains, and returns to its minimum (5044.6ms) [L#12]

  3) test an elastic group scales, reclaims failed work, drains, and returns to its minimum (JidoTest.Integration.ElasticGroupTest)
     test/integration/elastic_group/elastic_group_test.exs:12
     Condition not met within timeout. Last result: false
     code: eventually(
     stacktrace:
       (jido 2.3.3) test/support/eventually.ex:41: JidoTest.Eventually.do_eventually/4
       test/integration/elastic_group/elastic_group_test.exs:78: (test)


JidoTest.Actor.EffectRecoveryTest [test/jido/actor/effect_recovery_test.exs]
  * test pure evaluation adds business state and Plugin intent to one candidate [L#37]
  * test pure evaluation adds business state and Plugin intent to one candidate (10.5ms) [L#37]
  * test confirmation validates the saved ID and value before completing work [L#49]
  * test confirmation validates the saved ID and value before completing work (5.3ms) [L#49]
  * test completed IDs prevent duplicate delivery and conflicting state changes [L#64]
  * test completed IDs prevent duplicate delivery and conflicting state changes (315.6ms) [L#64]
  * test restore resumes saved work after a crash at before_write [L#85]
  * test restore resumes saved work after a crash at before_write (118.1ms) [L#85]
  * test restore resumes saved work after a crash at after_write [L#85]
  * test restore resumes saved work after a crash at after_write (123.1ms) [L#85]
  * test completed work remains complete after another Actor activation [L#108]
  * test completed work remains complete after another Actor activation (371.0ms) [L#108]
  * test Plugin loss restarts delivery without replacing the Actor [L#123]
  * test Plugin loss restarts delivery without replacing the Actor (111.5ms) [L#123]
  * test a blocked delivery permits new Turns and preserves older pending work [L#142]
  * test a blocked delivery permits new Turns and preserves older pending work (213.1ms) [L#142]
  * test an unavailable sink is retried from saved intent [L#158]
  * test an unavailable sink is retried from saved intent (312.1ms) [L#158]
  * test a failed intent write exposes no work to the live Plugin [L#171]
  * test a failed intent write exposes no work to the live Plugin (203.9ms) [L#171]
  * test a failed completion write retains intent and retries the same effect ID [L#186]
  * test a failed completion write retains intent and retries the same effect ID (329.2ms) [L#186]

JidoTest.Actor.ScheduledOccurrenceTest [test/jido/actor/scheduled_occurrence_test.exs]
  * test the candidate stores recurring schedule intent and its generation [L#17]
  * test the candidate stores recurring schedule intent and its generation (7.5ms) [L#17]
  * test runtime ticks carry a logical occurrence ID independent of Signal delivery [L#33]
  * test runtime ticks carry a logical occurrence ID independent of Signal delivery (1701.2ms) [L#33]
  * test repeated clock slots keep identity while generation replacement changes it [L#61]
  * test repeated clock slots keep identity while generation replacement changes it (156.7ms) [L#61]
  * test Scheduler restart retains the occurrence coordinates [L#80]
  * test Scheduler restart retains the occurrence coordinates (111.3ms) [L#80]
  * test Actor restore retains identity and the next scheduled instant changes it [L#94]
  * test Actor restore retains identity and the next scheduled instant changes it (209.9ms) [L#94]

JidoTest.Actor.ScheduledOccurrenceRecoveryTest [test/jido/actor/scheduled_occurrence_recovery_test.exs]
  * test an uncommitted occurrence is retried after Actor loss and clock advance [L#83]
  * test an uncommitted occurrence is retried after Actor loss and clock advance (127.6ms) [L#83]
  * test completion survives Actor loss after its file write and does not repeat [L#104]
  * test completion survives Actor loss after its file write and does not repeat (225.8ms) [L#104]
  * test Scheduler loss during delivery does not lose or repeat the business commit [L#122]
  * test Scheduler loss during delivery does not lose or repeat the business commit (219.4ms) [L#122]
  * test a failed intent write preserves the last committed state and permits retry [L#144]
  * test a failed intent write preserves the last committed state and permits retry (110.2ms) [L#144]
  * test a failed result write preserves the last committed state and permits retry [L#144]
  * test a failed result write preserves the last committed state and permits retry (217.8ms) [L#144]
  * test cancelling pending work survives restore and rejects the old delivery [L#162]
  * test cancelling pending work survives restore and rejects the old delivery (230.2ms) [L#162]

JidoTest.DebugTest [test/jido/debug_test.exs]
  * test enable/3 and level/1 default level is :off [L#19]
  * test enable/3 and level/1 default level is :off (0.01ms) [L#19]
  * test enable/3 and level/1 enable :on sets level [L#23]
  * test enable/3 and level/1 enable :on sets level (0.01ms) [L#23]
  * test enable/3 and level/1 enable :verbose sets level [L#28]
  * test enable/3 and level/1 enable :verbose sets level (0.1ms) [L#28]
  * test enable/3 and level/1 enable :off disables [L#33]
  * test enable/3 and level/1 enable :off disables (0.8ms) [L#33]
  * test enabled?/1 false when off [L#41]
  * test enabled?/1 false when off (0.00ms) [L#41]
  * test enabled?/1 true when on [L#45]
  * test enabled?/1 true when on (0.2ms) [L#45]
  * test enabled?/1 true when verbose [L#50]
  * test enabled?/1 true when verbose (0.6ms) [L#50]
  * test disable/1 disables debug mode [L#57]
  * test disable/1 disables debug mode (0.5ms) [L#57]
  * test disable/1 idempotent - can disable when already off [L#63]
  * test disable/1 idempotent - can disable when already off (0.00ms) [L#63]
  * test override/2 returns nil when debug is off [L#69]
  * test override/2 returns nil when debug is off (0.00ms) [L#69]
  * test override/2 returns override when :on [L#73]
  * test override/2 returns override when :on (0.5ms) [L#73]
  * test override/2 returns override when :verbose [L#81]
  * test override/2 returns override when :verbose (0.3ms) [L#81]
  * test override/2 returns nil for unknown override key [L#88]
  * test override/2 returns nil for unknown override key (0.6ms) [L#88]
  * test override/2 redact override when redact: false passed [L#93]
  * test override/2 redact override when redact: false passed (0.3ms) [L#93]
  * test override/2 no redact override by default [L#98]
  * test override/2 no redact override by default (0.1ms) [L#98]
  * test reset/1 resets to :off [L#105]
  * test reset/1 resets to :off (0.8ms) [L#105]
  * test status/1 returns off status when disabled [L#113]
  * test status/1 returns off status when disabled (0.00ms) [L#113]
  * test status/1 returns status map when enabled [L#118]
  * test status/1 returns status map when enabled (0.2ms) [L#118]
  * test maybe_enable_from_config/2 enables when config has debug: true [L#128]
  * test maybe_enable_from_config/2 enables when config has debug: true (0.5ms) [L#128]
  * test maybe_enable_from_config/2 enables verbose when config has debug: :verbose [L#137]
  * test maybe_enable_from_config/2 enables verbose when config has debug: :verbose (0.2ms) [L#137]
  * test maybe_enable_from_config/2 does nothing when no debug config [L#146]
  * test maybe_enable_from_config/2 does nothing when no debug config (0.05ms) [L#146]
  * test maybe_enable_from_config/2 disables stale runtime override when debug config is absent [L#155]
  * test maybe_enable_from_config/2 disables stale runtime override when debug config is absent (0.8ms) [L#155]
  * test per-instance isolation debug state is isolated between instances [L#167]
  * test per-instance isolation debug state is isolated between instances (0.9ms) [L#167]
  * test integration with Observe.Config debug override takes priority over global config [L#189]
  * test integration with Observe.Config debug override takes priority over global config (0.2ms) [L#189]
  * test integration with Observe.Config verbose override enables trace [L#201]
  * test integration with Observe.Config verbose override enables trace (0.5ms) [L#201]

JidoTest.Actor.DistributedChildTest [test/jido/actor/distributed_child_test.exs]
  * test a generated command reaches an existing Actor on another node [L#10]
  * test a generated command reaches an existing Actor on another node (567.6ms) [L#10]
  * test a parent places its owned child on the requested remote node [L#40]
  * test a parent places its owned child on the requested remote node (633.7ms) [L#40]
  * test local default and explicit local placement keep the existing behavior [L#74]
  * test local default and explicit local placement keep the existing behavior (557.8ms) [L#74]
  * test remote restart retains state and explicit stop removes a permanent child [L#85]
  * test remote restart retains state and explicit stop removes a permanent child (590.0ms) [L#85]
  * test parent shutdown and death stop remote work and its execution task [L#115]
14:13:58.634 [warning] [signal.error] type=test.remote.hold error=%{message: "\"{:parent_down, :cancelled}\"", type: :internal, details: %{}, retryable?: true} duration=22.31ms

14:13:58.643 [warning] [signal.error] type=test.remote.hold error=%{message: "\"{:parent_down, :cancelled}\"", type: :internal, details: %{}, retryable?: true} duration=540μs

  * test parent shutdown and death stop remote work and its execution task (644.8ms) [L#115]
  * test an unavailable node reports an uncertain outcome and never falls back locally [L#150]
14:13:59.191 [warning] [directive.error] type=SpawnActor error=%{message: "\"{:child_spawn_indeterminate, :worker, :\\\"jido_missing@127.0.0.1\\\", {4, #Reference<0.3485424789.49020929.148070>}, :noconnection}\"", type: :internal, details: %{}, retryable?: true} duration=5.03ms

14:13:59.192 [error] Actor Directive handling failed

  * test an unavailable node reports an uncertain outcome and never falls back locally (547.0ms) [L#150]
  * test a missing Actor module or Jido instance fails without a local child [L#166]
14:13:59.989 [warning] [directive.error] type=SpawnActor error=%{message: "\"{:spawn_actor_failed, {:invalid_actor_module, JidoTest.OnlyOriginActor}}\"", type: :internal, details: %{}, retryable?: true} duration=5.87ms

14:13:59.991 [error] Actor Directive handling failed

14:14:00.001 [warning] [directive.error] type=SpawnActor error=%{message: "\"{:spawn_actor_failed, :jido_instance_not_running}\"", type: :internal, details: %{}, retryable?: true} duration=5.15ms

14:14:00.001 [error] Actor Directive handling failed

  * test a missing Actor module or Jido instance fails without a local child (805.9ms) [L#166]
  * test duplicate tags and an unrelated target identity are rejected [L#182]
14:14:00.637 [warning] [directive.error] type=SpawnActor error=%{message: "\"{:spawn_actor_failed, {:child_identity_in_use, \\\"parent/worker\\\"}}\"", type: :internal, details: %{}, retryable?: true} duration=7.85ms

14:14:00.639 [error] Actor Directive handling failed

14:14:00.659 [warning] [directive.error] type=SpawnActor error=%{message: "\"{:child_tag_in_use, :worker}\"", type: :internal, details: %{}, retryable?: true} duration=6μs

14:14:00.659 [error] Actor Directive handling failed

  * test duplicate tags and an unrelated target identity are rejected (658.4ms) [L#182]
  * test late startup and repeated pending requests resolve one child identity [L#205]
14:14:01.350 [warning] [directive.error] type=SpawnActor error=%{message: "\"{:child_spawn_indeterminate, :worker, :\\\"jido_dist_b-18949-80370@127.0.0.1\\\", {4, #Reference<0.1918934859.585891841.170321>}, :timeout}\"", type: :internal, details: %{}, retryabl... duration=106.06ms

14:14:01.352 [error] Actor Directive handling failed

14:14:01.356 [warning] [directive.error] type=SpawnActor error=%{message: "\"{:child_spawn_pending, :worker, :\\\"jido_dist_b-18949-80370@127.0.0.1\\\", {4, #Reference<0.1918934859.585891841.170321>}}\"", type: :internal, details: %{}, retryable?: true} duration=18μs

14:14:01.356 [error] Actor Directive handling failed

14:14:01.459 [warning] [directive.error] type=SpawnActor error=%{message: "\"{:child_spawn_indeterminate, :worker, :\\\"jido_dist_b-18949-80370@127.0.0.1\\\", {4, #Reference<0.1918934859.585891841.170321>}, :timeout}\"", type: :internal, details: %{}, retryabl... duration=101.04ms

14:14:01.459 [error] Actor Directive handling failed

  * test late startup and repeated pending requests resolve one child identity (868.4ms) [L#205]
  * test parent loss before delayed startup leaves no remote child [L#240]
14:14:02.193 [warning] [directive.error] type=SpawnActor error=%{message: "\"{:child_spawn_indeterminate, :worker, :\\\"jido_dist_b-19013-80370@127.0.0.1\\\", {4, #Reference<0.1569093339.854327297.37435>}, :timeout}\"", type: :internal, details: %{}, retryable... duration=103.56ms

14:14:02.194 [error] Actor Directive handling failed

  * test parent loss before delayed startup leaves no remote child (669.0ms) [L#240]
  * test an old request cannot recreate a stopped child, including after registry restart [L#258]
  * test an old request cannot recreate a stopped child, including after registry restart (636.9ms) [L#258]
  * test disconnect keeps closed requests while the parent is still alive [L#298]
  * test disconnect keeps closed requests while the parent is still alive (717.1ms) [L#298]
  * test failed remote stop keeps ownership until the registry is available [L#344]
  * test failed remote stop keeps ownership until the registry is available (665.8ms) [L#344]
  * test a closed late start resolves uncertainty before a new generation [L#361]
14:14:04.919 [warning] [directive.error] type=SpawnActor error=%{message: "\"{:child_spawn_indeterminate, :worker, :\\\"jido_dist_b-19269-80370@127.0.0.1\\\", {4, #Reference<0.3995736351.1659109377.261883>}, :timeout}\"", type: :internal, details: %{}, retryab... duration=105.23ms

14:14:04.922 [error] Actor Directive handling failed

14:14:04.973 [warning] [directive.error] type=SpawnActor error=%{message: "\"{:spawn_actor_failed, :spawn_request_closed}\"", type: :internal, details: %{}, retryable?: true} duration=372μs

14:14:04.973 [error] Actor Directive handling failed

  * test a closed late start resolves uncertainty before a new generation (762.4ms) [L#361]

Jido.Actor.ServerTest [test/jido/actor/server_test.exs]
  * test commits one terminal Action output as one complete Actor state [L#87]
  * test commits one terminal Action output as one complete Actor state (0.9ms) [L#87]
  * test instantiates one neutral Actor definition at the Server boundary [L#97]
  * test instantiates one neutral Actor definition at the Server boundary (0.3ms) [L#97]
  * test does not override an Actor instance at the Server boundary [L#116]
  * test does not override an Actor instance at the Server boundary (0.1ms) [L#116]
  * test keeps executable input separate from committed Actor state [L#125]
  * test keeps executable input separate from committed Actor state (0.7ms) [L#125]
  * test starts the selected executable at the one live Exec boundary [L#139]
  * test starts the selected executable at the one live Exec boundary (0.5ms) [L#139]
  * test caller context reaches one Turn without changing its Signal or Actor [L#152]
  * test caller context reaches one Turn without changing its Signal or Actor (1.4ms) [L#152]
  * test invalid call options and reserved context fail without execution or commit [L#184]
  * test invalid call options and reserved context fail without execution or commit (0.7ms) [L#184]
  * test stops on an unexpected handle_signal fault [L#213]
  * test stops on an unexpected handle_signal fault (0.2ms) [L#213]
  * test defines Actor Server runtime records with Zoi structs [L#224]
  * test defines Actor Server runtime records with Zoi structs (0.00ms) [L#224]
  * test runs an Action continuation chain before the single commit [L#230]
  * test runs an Action continuation chain before the single commit (1.4ms) [L#230]
  * test runs one multi-step Flow as one turn [L#239]
  * test runs one multi-step Flow as one turn (0.7ms) [L#239]
  * test runs a Dispatch continuation inside one Flow turn [L#256]
  * test runs a Dispatch continuation inside one Flow turn (2.1ms) [L#256]
  * test keeps status and OTP system requests responsive during a slow turn [L#269]
  * test keeps status and OTP system requests responsive during a slow turn (1.0ms) [L#269]
  * test rejects a synchronous call from the active executable process [L#294]
  * test rejects a synchronous call from the active executable process (1.3ms) [L#294]
  * test postpones later Signals in sender order without a private Signal queue [L#308]
  * test postpones later Signals in sender order without a private Signal queue (1.1ms) [L#308]
  * test does not cancel a started turn when its caller times out [L#333]
  * test does not cancel a started turn when its caller times out (21.8ms) [L#333]
  * test reports Exec and finalization failures without changing the Actor [L#368]
  * test reports Exec and finalization failures without changing the Actor (1.0ms) [L#368]
  * test contains invalid custom Exec output at the finalization boundary [L#398]
  * test contains invalid custom Exec output at the finalization boundary (0.5ms) [L#398]
  * test applies the error policy when Signal preparation fails [L#425]
  * test applies the error policy when Signal preparation fails (0.6ms) [L#425]
  * test cancels active Exec work without a commit [L#447]
  * test cancels active Exec work without a commit (0.5ms) [L#447]
  * test stops after an indeterminate custom Exec cancellation [L#487]
  * test stops after an indeterminate custom Exec cancellation (0.7ms) [L#487]
  * test rejects a custom process name that would disable id registration [L#523]
  * test rejects a custom process name that would disable id registration (0.1ms) [L#523]
  * test rejects registration without a Registry [L#535]
  * test rejects registration without a Registry (0.1ms) [L#535]
  * test uses a finite postponed Signal admission limit by default [L#542]
  * test uses a finite postponed Signal admission limit by default (0.2ms) [L#542]
  * test rejects excess postponed calls with a structured overload error [L#548]
  * test rejects excess postponed calls with a structured overload error (0.4ms) [L#548]
  * test rejects non-core Directives before commit [L#573]
  * test rejects non-core Directives before commit (1.7ms) [L#573]
  * test rejects the removed custom Directive handler option [L#590]
  * test rejects the removed custom Directive handler option (0.1ms) [L#590]

JidoTest.Observe.ConfigTest [test/jido/observe/config_test.exs]
  * test telemetry_log_level/1 returns default when no config set [L#36]
  * test telemetry_log_level/1 returns default when no config set (0.00ms) [L#36]
  * test telemetry_log_level/1 reads from global config [L#40]
  * test telemetry_log_level/1 reads from global config (0.01ms) [L#40]
  * test telemetry_log_level/1 falls back to default when global value is invalid [L#45]
  * test telemetry_log_level/1 falls back to default when global value is invalid (0.02ms) [L#45]
  * test telemetry_log_level/1 nil instance skips debug override [L#50]
  * test telemetry_log_level/1 nil instance skips debug override (0.00ms) [L#50]
  * test telemetry_log_args/1 returns default when no config set [L#56]
  * test telemetry_log_args/1 returns default when no config set (0.00ms) [L#56]
  * test telemetry_log_args/1 reads from global config [L#60]
  * test telemetry_log_args/1 reads from global config (0.00ms) [L#60]
  * test telemetry_log_args/1 falls back to default when value is invalid [L#65]
  * test telemetry_log_args/1 falls back to default when value is invalid (0.00ms) [L#65]
  * test slow_signal_threshold_ms/1 returns default [L#72]
  * test slow_signal_threshold_ms/1 returns default (0.00ms) [L#72]
  * test slow_signal_threshold_ms/1 reads from global config [L#76]
  * test slow_signal_threshold_ms/1 reads from global config (0.00ms) [L#76]
  * test slow_signal_threshold_ms/1 falls back to default when value is invalid [L#81]
  * test slow_signal_threshold_ms/1 falls back to default when value is invalid (0.00ms) [L#81]
  * test slow_directive_threshold_ms/1 returns default [L#88]
  * test slow_directive_threshold_ms/1 returns default (0.00ms) [L#88]
  * test slow_directive_threshold_ms/1 falls back to default when value is invalid [L#92]
  * test slow_directive_threshold_ms/1 falls back to default when value is invalid (0.00ms) [L#92]
  * test interesting_signal_types/1 returns default list [L#99]
  * test interesting_signal_types/1 returns default list (0.00ms) [L#99]
  * test interesting_signal_types/1 falls back to defaults when list contains non-strings [L#103]
  * test interesting_signal_types/1 falls back to defaults when list contains non-strings (0.00ms) [L#103]
  * test trace_enabled?/1 false by default [L#110]
  * test trace_enabled?/1 false by default (0.00ms) [L#110]
  * test trace_enabled?/1 true when log level is trace [L#114]
  * test trace_enabled?/1 true when log level is trace (0.00ms) [L#114]
  * test debug_enabled?/1 false by default (default log level is :info) [L#121]
  * test debug_enabled?/1 false by default (default log level is :info) (0.00ms) [L#121]
  * test debug_enabled?/1 false when log level is info [L#125]
  * test debug_enabled?/1 false when log level is info (0.00ms) [L#125]
  * test action_log_level/1 suppresses verbose action logs when args are keys_only [L#132]
  * test action_log_level/1 suppresses verbose action logs when args are keys_only (0.00ms) [L#132]
  * test action_log_level/1 enables full action logs only when args are full [L#138]
  * test action_log_level/1 enables full action logs only when args are full (0.00ms) [L#138]
  * test action_log_level/1 maps trace telemetry to debug for action logger [L#144]
  * test action_log_level/1 maps trace telemetry to debug for action logger (0.00ms) [L#144]
  * test action_log_level/1 honors debug override for keys_only mode [L#150]
  * test action_log_level/1 honors debug override for keys_only mode (0.01ms) [L#150]
  * test action_log_level/1 honors verbose debug override for full args [L#157]
  * test action_log_level/1 honors verbose debug override for full args (0.1ms) [L#157]
  * test action_telemetry_mode/1 suppresses action telemetry when args are keys_only [L#166]
  * test action_telemetry_mode/1 suppresses action telemetry when args are keys_only (0.00ms) [L#166]
  * test action_telemetry_mode/1 suppresses action telemetry when args are none [L#172]
  * test action_telemetry_mode/1 suppresses action telemetry when args are none (0.00ms) [L#172]
  * test action_telemetry_mode/1 enables action telemetry only when args are full [L#178]
  * test action_telemetry_mode/1 enables action telemetry only when args are full (0.00ms) [L#178]
  * test action_telemetry_mode/1 honors verbose debug override for full action telemetry [L#184]
  * test action_telemetry_mode/1 honors verbose debug override for full action telemetry (0.2ms) [L#184]
  * test action_exec_opts/2 adds derived exec options without overwriting explicit opts [L#193]
  * test action_exec_opts/2 adds derived exec options without overwriting explicit opts (0.00ms) [L#193]
  * test action_exec_opts/2 strips internal Jido instance plumbing before calling Jido.Exec [L#211]
  * test action_exec_opts/2 strips internal Jido instance plumbing before calling Jido.Exec (0.01ms) [L#211]
  * test observe_log_level/1 returns default [L#225]
  * test observe_log_level/1 returns default (0.00ms) [L#225]
  * test observe_log_level/1 reads from global observability config [L#229]
  * test observe_log_level/1 reads from global observability config (0.00ms) [L#229]
  * test observe_log_level/1 falls back to default for invalid logger level [L#234]
  * test observe_log_level/1 falls back to default for invalid logger level (0.00ms) [L#234]
  * test debug_events/1 returns :off by default [L#241]
  * test debug_events/1 returns :off by default (0.00ms) [L#241]
  * test debug_events/1 reads from global observability config [L#245]
  * test debug_events/1 reads from global observability config (0.00ms) [L#245]
  * test debug_events/1 falls back to default when value is invalid [L#250]
  * test debug_events/1 falls back to default when value is invalid (0.00ms) [L#250]
  * test debug_events_enabled?/1 false by default [L#257]
  * test debug_events_enabled?/1 false by default (0.00ms) [L#257]
  * test debug_events_enabled?/1 true when debug_events is :all [L#261]
  * test debug_events_enabled?/1 true when debug_events is :all (0.00ms) [L#261]
  * test debug_events_enabled?/1 true when debug_events is :minimal [L#266]
  * test debug_events_enabled?/1 true when debug_events is :minimal (0.03ms) [L#266]
  * test redact_sensitive?/1 false by default [L#273]
  * test redact_sensitive?/1 false by default (0.00ms) [L#273]
  * test redact_sensitive?/1 reads from global observability config [L#277]
  * test redact_sensitive?/1 reads from global observability config (0.00ms) [L#277]
  * test tracer/1 returns NoopTracer by default [L#284]
  * test tracer/1 returns NoopTracer by default (0.00ms) [L#284]
  * test tracer/1 returns configured tracer when it implements the contract [L#288]
  * test tracer/1 returns configured tracer when it implements the contract (0.00ms) [L#288]
  * test tracer/1 falls back to default tracer when configured module is invalid [L#293]
  * test tracer/1 falls back to default tracer when configured module is invalid (0.00ms) [L#293]
  * test tracer_failure_mode/1 returns :warn by default [L#300]
  * test tracer_failure_mode/1 returns :warn by default (0.00ms) [L#300]
  * test tracer_failure_mode/1 reads from global observability config [L#304]
  * test tracer_failure_mode/1 reads from global observability config (0.00ms) [L#304]
  * test tracer_failure_mode/1 falls back to default when value is invalid [L#309]
  * test tracer_failure_mode/1 falls back to default when value is invalid (0.01ms) [L#309]
  * test debug_max_events/1 returns default by default [L#316]
  * test debug_max_events/1 returns default by default (0.00ms) [L#316]
  * test debug_max_events/1 reads from global telemetry config [L#320]
  * test debug_max_events/1 reads from global telemetry config (0.00ms) [L#320]
  * test debug_max_events/1 falls back to default when value is invalid [L#325]
  * test debug_max_events/1 falls back to default when value is invalid (0.00ms) [L#325]
  * test level_enabled?/2 debug is not enabled at info level [L#332]
  * test level_enabled?/2 debug is not enabled at info level (0.00ms) [L#332]
  * test level_enabled?/2 trace is not enabled at debug level [L#336]
  * test level_enabled?/2 trace is not enabled at debug level (0.00ms) [L#336]
  * test level_enabled?/2 info is enabled at debug level [L#340]
  * test level_enabled?/2 info is enabled at debug level (0.00ms) [L#340]
  * test interesting_signal_type?/2 returns true for configured types [L#346]
  * test interesting_signal_type?/2 returns true for configured types (0.00ms) [L#346]
  * test interesting_signal_type?/2 returns false for unknown types [L#351]
  * test interesting_signal_type?/2 returns false for unknown types (0.00ms) [L#351]

JidoTest.InstanceTest [test/jido/instance_test.exs]
  * test instance module exposes configuration and a child specification [L#108]
  * test instance module exposes configuration and a child specification (0.1ms) [L#108]
  * test an inline instance keeps its Redis persistence function [L#120]
  * test an inline instance keeps its Redis persistence function (17.1ms) [L#120]
  * test hibernate and thaw work through an instance module [L#130]
  * test hibernate and thaw work through an instance module (15.7ms) [L#130]
  * test partitioned Actor checkpoints use separate keys [L#145]
  * test partitioned Actor checkpoints use separate keys (16.0ms) [L#145]
  * test starts the Actor runtime supervision tree [L#173]
  * test starts the Actor runtime supervision tree (0.1ms) [L#173]
  * test instance Actor APIs start, find, list, count, and stop Actors [L#183]
  * test instance Actor APIs start, find, list, count, and stop Actors (0.5ms) [L#183]
  * test partitions isolate equal Actor ids [L#206]
  * test partitions isolate equal Actor ids (0.5ms) [L#206]
  * test works as a child in another Supervisor [L#218]
  * test works as a child in another Supervisor (0.1ms) [L#218]

JidoTest.ObserveCoverageTest [test/jido/observe/observe_coverage_test.exs]
  * test tracer error handling logs warning when span_start fails [L#56]
  * test tracer error handling logs warning when span_start fails (0.2ms) [L#56]
  * test tracer error handling logs warning when span_stop fails [L#68]
  * test tracer error handling logs warning when span_stop fails (0.1ms) [L#68]
  * test tracer error handling logs warning when span_exception fails [L#81]
  * test tracer error handling logs warning when span_exception fails (0.1ms) [L#81]
  * test tracer error handling with_span re-raises after tracer failure on exception [L#94]
  * test tracer error handling with_span re-raises after tracer failure on exception (0.1ms) [L#94]
  * test debug_enabled?/0 returns false when debug_events is :off [L#111]
  * test debug_enabled?/0 returns false when debug_events is :off (0.01ms) [L#111]
  * test debug_enabled?/0 returns false when debug_events is nil (not configured) [L#116]
  * test debug_enabled?/0 returns false when debug_events is nil (not configured) (0.01ms) [L#116]
  * test debug_enabled?/0 returns false when observability config is not set [L#121]
  * test debug_enabled?/0 returns false when observability config is not set (0.01ms) [L#121]
  * test debug_enabled?/0 returns true when debug_events is :all [L#126]
  * test debug_enabled?/0 returns true when debug_events is :all (0.02ms) [L#126]
  * test debug_enabled?/0 returns true when debug_events is :minimal [L#131]
  * test debug_enabled?/0 returns true when debug_events is :minimal (0.01ms) [L#131]
  * test emit_debug_event/3 enriches debug metadata with trace correlation when present [L#160]
  * test emit_debug_event/3 enriches debug metadata with trace correlation when present (1.4ms) [L#160]
  * test emit_debug_event/3 emits event when debug_events is :all [L#174]
  * test emit_debug_event/3 emits event when debug_events is :all (0.04ms) [L#174]
  * test emit_debug_event/3 emits event when debug_events is :minimal [L#182]
  * test emit_debug_event/3 emits event when debug_events is :minimal (0.02ms) [L#182]
  * test emit_debug_event/3 does not emit event when debug_events is :off [L#190]
  * test emit_debug_event/3 does not emit event when debug_events is :off (10.5ms) [L#190]
  * test emit_debug_event/3 does not emit event when debug_events is not configured [L#198]
  * test emit_debug_event/3 does not emit event when debug_events is not configured (10.9ms) [L#198]
  * test emit_debug_event/3 returns :ok regardless of debug state [L#206]
  * test emit_debug_event/3 returns :ok regardless of debug state (0.09ms) [L#206]
  * test emit_debug_event/3 works with default empty measurements and metadata [L#214]
  * test emit_debug_event/3 works with default empty measurements and metadata (0.03ms) [L#214]
  * test emit_event/3 emits event regardless of debug_events config [L#246]
  * test emit_event/3 emits event regardless of debug_events config (0.04ms) [L#246]
  * test emit_event/3 returns :ok and supports default measurements and metadata [L#254]
  * test emit_event/3 returns :ok and supports default measurements and metadata (0.03ms) [L#254]
  * test emit_event/3 enriches metadata with current trace context [L#259]
  * test emit_event/3 enriches metadata with current trace context (0.1ms) [L#259]
  * test emit_event/3 caller metadata takes precedence over correlation metadata [L#271]
  * test emit_event/3 caller metadata takes precedence over correlation metadata (0.1ms) [L#271]
  * test redact/2 returns value unchanged when redact_sensitive is false [L#285]
  * test redact/2 returns value unchanged when redact_sensitive is false (0.02ms) [L#285]
  * test redact/2 returns [REDACTED] when redact_sensitive is true [L#290]
  * test redact/2 returns [REDACTED] when redact_sensitive is true (0.04ms) [L#290]
  * test redact/2 returns value unchanged when redact_sensitive is not configured [L#295]
  * test redact/2 returns value unchanged when redact_sensitive is not configured (0.01ms) [L#295]
  * test redact/2 returns value unchanged when observability config is not set [L#300]
  * test redact/2 returns value unchanged when observability config is not set (0.01ms) [L#300]
  * test redact/2 force_redact: true always redacts regardless of config [L#305]
  * test redact/2 force_redact: true always redacts regardless of config (0.01ms) [L#305]
  * test redact/2 force_redact: false respects config [L#310]
  * test redact/2 force_redact: false respects config (0.02ms) [L#310]
  * test redact/2 redacts various data types [L#318]
  * test redact/2 redacts various data types (0.03ms) [L#318]
  * test custom tracer with TestTracer records span_start, span_stop through TestTracer [L#336]
  * test custom tracer with TestTracer records span_start, span_stop through TestTracer (0.9ms) [L#336]
  * test custom tracer with TestTracer records span_exception through TestTracer [L#353]
  * test custom tracer with TestTracer records span_exception through TestTracer (0.08ms) [L#353]
  * test with_span catch clause handles exit signals and re-exits [L#387]
  * test with_span catch clause handles exit signals and re-exits (0.05ms) [L#387]

JidoTest.Actor.AuthoringTest [test/jido/actor/authoring_test.exs]
  * test map, keyword, module, Spark, Builder and JSON forms produce equal Actors [L#205]
  * test map, keyword, module, Spark, Builder and JSON forms produce equal Actors (3.7ms) [L#205]
  * test all forms use the same direct and live execution path [L#235]
  * test all forms use the same direct and live execution path (7.5ms) [L#235]
  * test inline routes compile ordinary Actions that Builder and Codec can reuse [L#255]
  * test inline routes compile ordinary Actions that Builder and Codec can reuse (1.1ms) [L#255]
  * test generated constructors preserve omission, explicit values and new Signal IDs [L#284]
  * test generated constructors preserve omission, explicit values and new Signal IDs (1.3ms) [L#284]
  * test generated documentation exposes named arguments, optional forms and execution contracts [L#299]
  * test generated documentation exposes named arguments, optional forms and execution contracts (1.5ms) [L#299]
  * test generated specs keep raw input broad and describe the actual return values [L#337]
  * test generated specs keep raw input broad and describe the actual return values (3.3ms) [L#337]
  * test named arguments preserve payloads when fields overlap helper names or need escaping [L#354]
  * test named arguments preserve payloads when fields overlap helper names or need escaping (0.2ms) [L#354]
  * test interface packaging and envelope options reject ambiguity [L#377]
  * test interface packaging and envelope options reject ambiguity (0.2ms) [L#377]
  * test a live helper forwards runtime validation without a commit [L#396]
  * test a live helper forwards runtime validation without a commit (1.3ms) [L#396]
  * test helpers leave Plugin preparation and executable validation to execution [L#405]
  * test helpers leave Plugin preparation and executable validation to execution (0.6ms) [L#405]
  * test raw wildcard and predicate routes and static structs survive the Codec [L#417]
  * test raw wildcard and predicate routes and static structs survive the Codec (0.7ms) [L#417]
  * test Builder keeps its first error and never creates a half instance [L#438]
  * test Builder keeps its first error and never creates a half instance (0.4ms) [L#438]
  * test Plugin Codec uses the same record and Registry as Actor Codec [L#452]
  * test Plugin Codec uses the same record and Registry as Actor Codec (0.6ms) [L#452]
  * test trusted aliases decode and re-encode with the canonical identifier [L#466]
  * test trusted aliases decode and re-encode with the canonical identifier (0.6ms) [L#466]
  * test Codec rejects malformed documents without deriving atoms or modules [L#477]
  * test Codec rejects malformed documents without deriving atoms or modules (0.8ms) [L#477]
  * test Codec bounds documents and rejects runtime data on encode [L#505]
  * test Codec bounds documents and rejects runtime data on encode (6.5ms) [L#505]
  * test direct construction accepts the same route option form [L#518]
  * test direct construction accepts the same route option form (0.4ms) [L#518]
  * test malformed route collections return errors in direct and Builder forms [L#548]
  * test malformed route collections return errors in direct and Builder forms (0.2ms) [L#548]
  * test optional list inputs cannot be mistaken for interface options [L#566]
  * test optional list inputs cannot be mistaken for interface options (274.2ms) [L#566]
  * test compile diagnostics reject invalid interface declarations [L#578]
  * test compile diagnostics reject invalid interface declarations (203.2ms) [L#578]
  * test inline route diagnostics reject missing, mixed, duplicate, and bound declarations [L#597]
  * test inline route diagnostics reject missing, mixed, duplicate, and bound declarations (8.2ms) [L#597]
  * test compile diagnostics reject mixed fields, missing source and manual collisions [L#636]
  * test compile diagnostics reject mixed fields, missing source and manual collisions (42.2ms) [L#636]
  * test removed route params and Plugin labels fail compilation [L#654]
  * test removed route params and Plugin labels fail compilation (22.9ms) [L#654]
  * test recompilation verifies the new schema of an Action defined later in the same file [L#668]
  * test recompilation verifies the new schema of an Action defined later in the same file (142.9ms) [L#668]

JidoTest.Persistence.FileTest [test/jido/persistence/file_test.exs]
  * test conditional writes require the exact bytes or an absent key [L#18]
  * test conditional writes require the exact bytes or an absent key (2.6ms) [L#18]
  * test one concurrent writer wins for each expected value [L#30]
  * test one concurrent writer wins for each expected value (389.2ms) [L#30]
  * test gets, replaces, and deletes binary values [L#52]
  * test gets, replaces, and deletes binary values (5.0ms) [L#52]
  * test supports binary keys and values [L#63]
  * test supports binary keys and values (1.9ms) [L#63]

JidoTest.Observe.RemoteCausalTraceTest [test/jido/observe/remote_causal_trace_test.exs]
  * test two remote children retain work, result, activation, and notification causes [L#10]
  * test two remote children retain work, result, activation, and notification causes (677.2ms) [L#10]
  * test late startup after a retry retains the original request cause [L#71]
14:14:07.596 [warning] [directive.error] type=SpawnActor error=%{message: "\"{:child_spawn_indeterminate, :worker, :\\\"jido_dist_b-31874-80370@127.0.0.1\\\", {14, #Reference<0.3633642967.2196766721.171816>}, :timeout}\"", type: :internal, details: %{}, retrya... duration=103.45ms

14:14:07.597 [error] Actor Directive handling failed

14:14:07.706 [warning] [directive.error] type=SpawnActor error=%{message: "\"{:child_spawn_indeterminate, :worker, :\\\"jido_dist_b-31874-80370@127.0.0.1\\\", {14, #Reference<0.3633642967.2196766721.171816>}, :timeout}\"", type: :internal, details: %{}, retrya... duration=100.78ms

14:14:07.707 [error] Actor Directive handling failed

  * test late startup after a retry retains the original request cause (840.2ms) [L#71]
  * test remote OTP restart has a new activation and the original creation cause [L#113]
  * test remote OTP restart has a new activation and the original creation cause (641.7ms) [L#113]
  * test a failed remote creation emits a failed attempt without a child-start event [L#154]
14:14:09.004 [warning] [directive.error] type=SpawnActor error=%{message: "\"{:spawn_actor_failed, :jido_instance_not_running}\"", type: :internal, details: %{}, retryable?: true} duration=11.86ms

14:14:09.006 [error] Actor Directive handling failed

  * test a failed remote creation emits a failed attempt without a child-start event (618.2ms) [L#154]

JidoTest.Observe.TracerScopeContractTest [test/jido/observe/tracer_scope_contract_test.exs]
  * test with_span/3 uses with_span_scope/3 when implemented [L#269]
  * test with_span/3 uses with_span_scope/3 when implemented (32.3ms) [L#269]
  * test with_span/3 falls back to legacy callbacks when scoped callback is missing [L#283]
  * test with_span/3 falls back to legacy callbacks when scoped callback is missing (0.02ms) [L#283]
  * test warn mode executes wrapped function when scoped callback never invokes it [L#295]
  * test warn mode executes wrapped function when scoped callback never invokes it (0.2ms) [L#295]
  * test strict mode raises when scoped callback never invokes wrapped function [L#310]
  * test strict mode raises when scoped callback never invokes wrapped function (0.04ms) [L#310]
  * test warn mode preserves first invocation result when scoped callback calls wrapped function twice [L#325]
  * test warn mode preserves first invocation result when scoped callback calls wrapped function twice (0.1ms) [L#325]
  * test strict mode raises when scoped callback calls wrapped function twice [L#339]
  * test strict mode raises when scoped callback calls wrapped function twice (0.04ms) [L#339]
  * test warn mode preserves wrapped function return value when callback tampers with return [L#354]
  * test warn mode preserves wrapped function return value when callback tampers with return (0.1ms) [L#354]
  * test strict mode raises when callback tampers with return [L#368]
  * test strict mode raises when callback tampers with return (0.03ms) [L#368]
  * test swallowed error is re-raised from wrapped function [L#383]
  * test swallowed error is re-raised from wrapped function (0.1ms) [L#383]
  * test swallowed throw is re-thrown from wrapped function [L#398]
  * test swallowed throw is re-thrown from wrapped function (0.02ms) [L#398]
  * test swallowed exit is re-exited from wrapped function [L#408]
  * test swallowed exit is re-exited from wrapped function (0.01ms) [L#408]
  * test warn mode falls back to wrapped function when scoped callback throws before invocation [L#418]
  * test warn mode falls back to wrapped function when scoped callback throws before invocation (0.1ms) [L#418]
  * test warn mode prevents cross-process scoped invocation from double-running function [L#433]
  * test warn mode prevents cross-process scoped invocation from double-running function (0.1ms) [L#433]
  * test strict mode raises when scoped callback throws before invocation [L#454]
  * test strict mode raises when scoped callback throws before invocation (0.03ms) [L#454]
  * test strict mode raises and does not run wrapped function when scoped callback runs cross-process [L#469]
  * test strict mode raises and does not run wrapped function when scoped callback runs cross-process (0.05ms) [L#469]
  * test finish_span uses tracer pinned at start even if config changes [L#493]
  * test finish_span uses tracer pinned at start even if config changes (10.1ms) [L#493]
  * test warn mode isolates throw/exit in finish callbacks [L#506]
  * test warn mode isolates throw/exit in finish callbacks (0.2ms) [L#506]
  * test strict mode raises on throw/exit in finish callbacks [L#522]
  * test strict mode raises on throw/exit in finish callbacks (0.07ms) [L#522]

JidoTest.ObserveTest [test/jido/observe/observe_test.exs]
  * test with_span/3 emits :start and :stop telemetry events [L#52]
  * test with_span/3 emits :start and :stop telemetry events (0.07ms) [L#52]
  * test with_span/3 returns the function's return value [L#72]
  * test with_span/3 returns the function's return value (0.03ms) [L#72]
  * test with_span/3 measures duration correctly [L#81]
  * test with_span/3 measures duration correctly (10.1ms) [L#81]
  * test with_span/3 emits :exception event on error and re-raises [L#97]
  * test with_span/3 emits :exception event on error and re-raises (0.05ms) [L#97]
  * test with_span/3 emits :exception event on throw and re-throws [L#123]
  * test with_span/3 emits :exception event on throw and re-throws (0.05ms) [L#123]
  * test with_span/3 emits :exception event on exit and re-exits [L#144]
  * test with_span/3 emits :exception event on exit and re-exits (0.03ms) [L#144]
  * test with_span/3 passes metadata to all events [L#164]
  * test with_span/3 passes metadata to all events (0.02ms) [L#164]
  * test start_span/2 and finish_span/2 emits :start event on start_span [L#203]
  * test start_span/2 and finish_span/2 emits :start event on start_span (0.03ms) [L#203]
  * test start_span/2 and finish_span/2 emits :stop event on finish_span [L#212]
  * test start_span/2 and finish_span/2 emits :stop event on finish_span (0.03ms) [L#212]
  * test start_span/2 and finish_span/2 includes extra_measurements in stop event [L#227]
  * test start_span/2 and finish_span/2 includes extra_measurements in stop event (0.02ms) [L#227]
  * test start_span/2 and finish_span/2 duration is measured correctly [L#241]
  * test start_span/2 and finish_span/2 duration is measured correctly (10.3ms) [L#241]
  * test start_span/2 and finish_span/2 returns span context struct with required keys [L#255]
  * test start_span/2 and finish_span/2 returns span context struct with required keys (0.03ms) [L#255]
  * test finish_span_error/4 emits :exception event [L#291]
  * test finish_span_error/4 emits :exception event (0.06ms) [L#291]
  * test finish_span_error/4 includes bounded public error metadata without stacktrace [L#308]
  * test finish_span_error/4 includes bounded public error metadata without stacktrace (0.09ms) [L#308]
  * test finish_span_error/4 supports different error kinds [L#336]
  * test finish_span_error/4 supports different error kinds (0.05ms) [L#336]
  * test finish_span_error/4 measures duration correctly [L#346]
  * test finish_span_error/4 measures duration correctly (10.4ms) [L#346]
  * test emit_event/3 emits event even when debug events are off [L#384]
  * test emit_event/3 emits event even when debug events are off (0.04ms) [L#384]
  * test emit_event/3 enriches metadata with active trace context [L#398]
  * test emit_event/3 enriches metadata with active trace context (0.1ms) [L#398]
  * test emit_event/3 caller metadata overrides correlation metadata keys [L#410]
  * test emit_event/3 caller metadata overrides correlation metadata keys (0.05ms) [L#410]
  * test log/3 delegates to Jido.Observe.Log [L#437]
  * test log/3 delegates to Jido.Observe.Log (1.0ms) [L#437]
  * test Jido.Observe.Log.threshold/0 returns configured value [L#464]
  * test Jido.Observe.Log.threshold/0 returns configured value (0.02ms) [L#464]
  * test Jido.Observe.Log.threshold/0 defaults to :info when not configured [L#472]
  * test Jido.Observe.Log.threshold/0 defaults to :info when not configured (0.01ms) [L#472]
  * test Jido.Observe.Log.threshold/0 defaults to :info when log_level key is missing [L#477]
  * test Jido.Observe.Log.threshold/0 defaults to :info when log_level key is missing (0.03ms) [L#477]
  * test Jido.Observe.Log.log/3 logs when message level meets threshold [L#498]
  * test Jido.Observe.Log.log/3 logs when message level meets threshold (0.1ms) [L#498]
  * test Jido.Observe.Log.log/3 logs when message level exceeds threshold [L#509]
  * test Jido.Observe.Log.log/3 logs when message level exceeds threshold (0.1ms) [L#509]
  * test Jido.Observe.Log.log/3 does not log when message level is below threshold [L#520]
  * test Jido.Observe.Log.log/3 does not log when message level is below threshold (0.07ms) [L#520]
  * test Jido.Observe.Log.log/3 includes metadata in log output [L#533]
  * test Jido.Observe.Log.log/3 includes metadata in log output (0.09ms) [L#533]
  * test Jido.Observe.Log.log/3 logs at debug level when threshold is debug [L#544]
  * test Jido.Observe.Log.log/3 logs at debug level when threshold is debug (0.1ms) [L#544]
  * test Jido.Observe.Log.log/3 honors per-instance debug override from metadata [L#555]
  * test Jido.Observe.Log.log/3 honors per-instance debug override from metadata (0.09ms) [L#555]
  * test Jido.Observe.NoopTracer span_start/2 returns nil [L#572]
  * test Jido.Observe.NoopTracer span_start/2 returns nil (0.01ms) [L#572]
  * test Jido.Observe.NoopTracer span_stop/2 returns :ok [L#577]
  * test Jido.Observe.NoopTracer span_stop/2 returns :ok (0.08ms) [L#577]
  * test Jido.Observe.NoopTracer span_exception/4 returns :ok [L#582]
  * test Jido.Observe.NoopTracer span_exception/4 returns :ok (0.00ms) [L#582]
  * test Jido.Observe.NoopTracer implements Jido.Observe.Tracer behaviour [L#594]
  * test Jido.Observe.NoopTracer implements Jido.Observe.Tracer behaviour (0.02ms) [L#594]
  * test custom tracer integration uses configured tracer for span operations [L#615]
  * test custom tracer integration uses configured tracer for span operations (4.0ms) [L#615]

JidoTest.Observe.CausalTraceTest [test/jido/observe/causal_trace_test.exs]
  * test pure evaluation leaves trace creation and lifecycle events to the runtime [L#13]
  * test pure evaluation leaves trace creation and lifecycle events to the runtime (5.7ms) [L#13]
  * test work and result Turns retain one trace and distinct causal spans [L#36]
  * test work and result Turns retain one trace and distinct causal spans (8.7ms) [L#36]
  * test child-start Turns retain the trace of the spawning parent Turn [L#63]
  * test child-start Turns retain the trace of the spawning parent Turn (7.7ms) [L#63]
  * test child activation and notification expose the cause without changing source identity [L#80]
  * test child activation and notification expose the cause without changing source identity (8.0ms) [L#80]
  * test local OTP restart retains its cause and replacement uses a new cause [L#112]
  * test local OTP restart retains its cause and replacement uses a new cause (21.7ms) [L#112]
  * test local restore retains the runtime binding cause [L#178]
  * test local restore retains the runtime binding cause (12.4ms) [L#178]
  * test a restored relationship without a recorded cause keeps root behavior [L#215]
  * test a restored relationship without a recorded cause keeps root behavior (6.8ms) [L#215]
  * test a later child command uses its own trace and an explicit retry retains its cause [L#248]
  * test a later child command uses its own trace and an explicit retry retains its cause (14.5ms) [L#248]

JidoTest.Observe.ActorLifecycleTest [test/jido/observe/actor_lifecycle_test.exs]
  * test pure evaluation returns a candidate without Actor runtime events [L#10]
  * test pure evaluation returns a candidate without Actor runtime events (5.9ms) [L#10]
  * test an external telemetry handler failure preserves the command result [L#24]
  * test an external telemetry handler failure preserves the command result (0.9ms) [L#24]
  * test each admitted Turn emits a terminal event with its Outcome and revision [L#48]
  * test each admitted Turn emits a terminal event with its Outcome and revision (2.9ms) [L#48]
  * test startup, restart, and shutdown are observable without command wrappers [L#121]
  * test startup, restart, and shutdown are observable without command wrappers (6.3ms) [L#121]
  * test commit ends the Turn span and held delivery delays settlement [L#174]
  * test commit ends the Turn span and held delivery delays settlement (7.0ms) [L#174]
  * test semantic events exclude private errors, context, and nonportable partitions [L#230]
  * test semantic events exclude private errors, context, and nonportable partitions (1.4ms) [L#230]
  * test Directive timeout reports a committed terminal outcome [L#276]
  * test Directive timeout reports a committed terminal outcome (101.7ms) [L#276]
  * test a requested stop settles active work once before lifecycle completion [L#308]
  * test a requested stop settles active work once before lifecycle completion (1.0ms) [L#308]
  * test a crashed Directive task emits an exception and one terminal outcome [L#352]
  * test a crashed Directive task emits an exception and one terminal outcome (1.0ms) [L#352]

Jido.Plugin.BuiltInsTest [test/jido/plugin/built_ins_test.exs]
  * test state-only Plugins compose optional state into the Actor [L#72]
  * test state-only Plugins compose optional state into the Actor (0.3ms) [L#72]
  * test state-only Plugin Directives update state without a Plugin runtime [L#80]
  * test state-only Plugin Directives update state without a Plugin runtime (1.0ms) [L#80]
  * test a runtime-only Plugin can feed Signals into its Actor [L#90]
  * test a runtime-only Plugin can feed Signals into its Actor (13.8ms) [L#90]

JidoTest.PersistenceTest [test/jido/persistence_test.exs]
  * test restores portable Plugin state and rebuilds its runtime [L#74]
  * test restores portable Plugin state and rebuilds its runtime (674.7ms) [L#74]
  * test contains adapter faults and keeps a live Server running [L#95]
  * test contains adapter faults and keeps a live Server running (2.1ms) [L#95]
  * test validates adapter replies before fault containment returns a result [L#121]
  * test validates adapter replies before fault containment returns a result (1.4ms) [L#121]
  * test writes every successful commit and preserves the Server revision [L#146]
  * test writes every successful commit and preserves the Server revision (3.5ms) [L#146]
  * test hibernate persists and stops an idle Actor Server [L#168]
  * test hibernate persists and stops an idle Actor Server (3.6ms) [L#168]
  * test a stale Server cannot commit, dispatch, hibernate, or overwrite on stop [L#192]
  * test a stale Server cannot commit, dispatch, hibernate, or overwrite on stop (104.8ms) [L#192]
  * test thaw restores, starts, and rebuilds Plugin runtimes [L#246]
  * test thaw restores, starts, and rebuilds Plugin runtimes (4.6ms) [L#246]
  * test a normal start restores a record when one exists [L#271]
  * test a normal start restores a record when one exists (3.0ms) [L#271]
  * test deletes one persisted Actor [L#282]
  * test deletes one persisted Actor (1.0ms) [L#282]
  * test rejects an invalid persistence record [L#293]
  * test rejects an invalid persistence record (0.9ms) [L#293]
  * test rejects stale revisions and different state at the same revision [L#309]
  * test rejects stale revisions and different state at the same revision (3.1ms) [L#309]
  * test requires the expected record and validates the expected revision [L#334]
  * test requires the expected record and validates the expected revision (1.8ms) [L#334]
  * test only one writer commits when both read the same durable value [L#353]
  * test only one writer commits when both read the same durable value (4.1ms) [L#353]
  * test a live Server snapshot exposes no private process references [L#395]
  * test a live Server snapshot exposes no private process references (1.4ms) [L#395]

JidoTest.TelemetryTest [test/jido/telemetry_test.exs]
  * test setup/0 is idempotent [L#6]
  * test setup/0 is idempotent (0.07ms) [L#6]
  * test metrics expose only Actor Server events [L#11]
  * test metrics expose only Actor Server events (3.0ms) [L#11]
  * test start events need no logging work [L#22]
  * test start events need no logging work (0.00ms) [L#22]
  * test stop events accept bounded Actor metadata [L#40]
  * test stop events accept bounded Actor metadata (0.00ms) [L#40]

Jido.Plugin.BusTest [test/jido/plugin/bus_test.exs]
  * test casts normal Bus input into the Actor [L#75]
  * test casts normal Bus input into the Actor (6.6ms) [L#75]
  * test acknowledges durable input only after ordered Actor commits [L#83]
  * test acknowledges durable input only after ordered Actor commits (6.5ms) [L#83]
  * test reattaches a durable subscription after its runtime restarts [L#96]
  * test reattaches a durable subscription after its runtime restarts (11.6ms) [L#96]
  * test retries durable input after an Actor turn fails [L#116]
  * test retries durable input after an Actor turn fails (12.9ms) [L#116]
  * test Manager owns a Bus named for its Actor by default [L#132]
  * test Manager owns a Bus named for its Actor by default (1.4ms) [L#132]
  * test one Actor can own a Bus and consume from it [L#143]
  * test one Actor can own a Bus and consume from it (6.4ms) [L#143]
  * test Client reconnects when its owned Bus restarts [L#151]
  * test Client reconnects when its owned Bus restarts (17.9ms) [L#151]

Jido.Actor.ServerRuntimeTest [test/jido/actor/server_runtime_test.exs]
  * test Jido instance APIs start, find, list, and stop Actors [L#325]
  * test Jido instance APIs start, find, list, and stop Actors (1.4ms) [L#325]
  * test owns Action and Flow execution under the Actor Jido instance [L#335]
  * test owns Action and Flow execution under the Actor Jido instance (1.1ms) [L#335]
  * test Actor death stops its linked Exec and Action work [L#364]
  * test Actor death stops its linked Exec and Action work (0.5ms) [L#364]
  * test starts and owns a Plugin runtime child outside Actor state [L#383]
  * test starts and owns a Plugin runtime child outside Actor state (9.7ms) [L#383]
  * test does not report the Actor ready before its Plugin runtime is ready [L#405]
  * test does not report the Actor ready before its Plugin runtime is ready (50.9ms) [L#405]
  * test does not overlap Plugin runtime generations after an Actor crash [L#427]
  * test does not overlap Plugin runtime generations after an Actor crash (100.8ms) [L#427]
  * test refreshes Plugin state and readiness after an internal runtime restart [L#452]
  * test refreshes Plugin state and readiness after an internal runtime restart (12.8ms) [L#452]
  * test restores the last committed Actor when a required Plugin runtime is lost [L#487]
  * test restores the last committed Actor when a required Plugin runtime is lost (8.5ms) [L#487]
  * test commits Actor state before it emits a follow-up Signal [L#523]
  * test commits Actor state before it emits a follow-up Signal (7.4ms) [L#523]
  * test rejects an invalid built-in Directive before the Actor commit [L#541]
  * test rejects an invalid built-in Directive before the Actor commit (1.8ms) [L#541]
  * test validates a Plugin Directive once in a live turn [L#555]
  * test validates a Plugin Directive once in a live turn (50.9ms) [L#555]
  * test keeps the Server responsive during Plugin Directive dispatch [L#572]
  * test keeps the Server responsive during Plugin Directive dispatch (6.8ms) [L#572]
  * test times out owned Plugin Directive work and records exact progress [L#587]
  * test times out owned Plugin Directive work and records exact progress (26.3ms) [L#587]
  * test a supervised Actor stop terminates owned Directive work [L#625]
  * test a supervised Actor stop terminates owned Directive work (0.8ms) [L#625]
  * test rejects a synchronous call from Plugin Directive dispatch [L#637]
  * test rejects a synchronous call from Plugin Directive dispatch (0.5ms) [L#637]
  * test exposes only one declared Plugin state slice [L#647]
  * test exposes only one declared Plugin state slice (1.4ms) [L#647]
  * test keeps the commit but stops a Directive batch after a runtime failure [L#654]
  * test keeps the commit but stops a Directive batch after a runtime failure (3.2ms) [L#654]
  * test waits for external Emit results and skips later Directives after failure [L#703]
  * test waits for external Emit results and skips later Directives after failure (103.2ms) [L#703]
  * test counts consecutive post-commit Directive failures [L#750]
  * test counts consecutive post-commit Directive failures (4.0ms) [L#750]
  * test rejects a self-directed emit error policy [L#777]
  * test rejects a self-directed emit error policy (1.0ms) [L#777]
  * test does not restart stale state after a post-commit Directive failure [L#787]
  * test does not restart stale state after a post-commit Directive failure (2.4ms) [L#787]
  * test delayed and cron Signals return through the Actor mailbox [L#810]
  * test delayed and cron Signals return through the Actor mailbox (399.3ms) [L#810]
  * test rejects invalid Scheduler data before commit [L#853]
  * test rejects invalid Scheduler data before commit (8.2ms) [L#853]
  * test reduces Scheduler changes in list order and reconciles the final state [L#890]
  * test reduces Scheduler changes in list order and reconciles the final state (4.4ms) [L#890]
  * test restarts the Scheduler runtime from committed Plugin state [L#919]
  * test restarts the Scheduler runtime from committed Plugin state (986.7ms) [L#919]
  * test the Scheduler runtime restarts a failed cron Job [L#953]
  * test the Scheduler runtime restarts a failed cron Job (15.7ms) [L#953]
  * test spawns, addresses, and stops a child Actor without putting runtime refs in state [L#1003]
  * test spawns, addresses, and stops a child Actor without putting runtime refs in state (19.6ms) [L#1003]
  * test a child sends a domain result to its parent as a later Signal [L#1052]
  * test a child sends a domain result to its parent as a later Signal (13.0ms) [L#1052]
  * test compensates a child start when relationship persistence fails [L#1080]
  * test compensates a child start when relationship persistence fails (3.5ms) [L#1080]
  * test parent death policy uses private runtime state [L#1108]
  * test parent death policy uses private runtime state (10.8ms) [L#1108]
  * test a transient child does not restart after its parent stops [L#1129]
  * test a transient child does not restart after its parent stops (4.9ms) [L#1129]
  * test a parent tracks the new PID after an abnormal child restart [L#1154]
  * test a parent tracks the new PID after an abnormal child restart (10.5ms) [L#1154]
  * test an adopted child restores its parent binding after an abnormal restart [L#1190]
  * test an adopted child restores its parent binding after an abnormal restart (7.8ms) [L#1190]
  * test records bounded debug events without exposing Server state [L#1223]
  * test records bounded debug events without exposing Server state (4.2ms) [L#1223]
  * test a Stop Directive commits once and does not restart a supervised Actor [L#1252]
  * test a Stop Directive commits once and does not restart a supervised Actor (3.3ms) [L#1252]
  * test normalizes an arbitrary Stop reason so stale state cannot restart [L#1271]
  * test normalizes an arbitrary Stop reason so stale state cannot restart (2.7ms) [L#1271]
  * test rejects a Stop Directive before later effects [L#1290]
  * test rejects a Stop Directive before later effects (2.6ms) [L#1290]
  * test emits Actor Signal and Directive telemetry with bounded metadata [L#1307]
  * test emits Actor Signal and Directive telemetry with bounded metadata (2.7ms) [L#1307]

Finished in 45.3 seconds (2.9s async, 42.4s sync)

Result: 878/881 passed
Failed: 3 tests
